date,close,predict,real,correct,ret,equity
2025-05-14,1634.99,跌↓,跌↓,✓,-0.18%,1.0
2025-05-15,1632.01,跌↓,跌↓,✓,-1.10%,1.0
2025-05-16,1614.13,跌↓,跌↓,✓,-2.18%,1.0
2025-05-19,1578.98,涨↑,涨↑,✓,+0.44%,1.0044
2025-05-20,1586.0,涨↑,跌↓,✗,-0.32%,1.0013
2025-05-21,1580.97,跌↓,跌↓,✓,-0.06%,1.0013
2025-05-22,1580.0,跌↓,跌↓,✓,-0.47%,1.0013
2025-05-23,1572.6,跌↓,跌↓,✓,-1.41%,1.0013
2025-05-26,1550.5,涨↑,跌↓,✗,-0.43%,0.997
2025-05-27,1543.9,跌↓,跌↓,✓,-0.45%,0.997
2025-05-28,1537.0,跌↓,涨↑,✗,+0.20%,0.997
2025-05-29,1540.0,涨↑,跌↓,✗,-1.17%,0.9853
2025-05-30,1522.0,涨↑,跌↓,✗,-0.85%,0.9769
2025-06-03,1509.0,跌↓,涨↑,✗,+0.06%,0.9769
2025-06-04,1509.96,涨↑,涨↑,✓,+0.27%,0.9795
2025-06-05,1514.0,涨↑,跌↓,✗,-0.50%,0.9746
2025-06-06,1506.39,涨↑,跌↓,✗,-1.35%,0.9615
2025-06-09,1486.11,涨↑,跌↓,✗,-0.75%,0.9543
2025-06-10,1475.01,涨↑,涨↑,✓,+0.34%,0.9575
2025-06-11,1480.0,涨↑,跌↓,✗,-1.42%,0.944
2025-06-12,1459.0,跌↓,跌↓,✓,-2.20%,0.944
2025-06-13,1426.95,跌↓,跌↓,✓,-0.33%,0.944
2025-06-16,1422.29,跌↓,涨↑,✗,+0.33%,0.944
2025-06-17,1427.0,涨↑,跌↓,✗,-0.14%,0.9426
2025-06-18,1425.0,跌↓,涨↑,✗,+0.07%,0.9426
2025-06-19,1426.0,涨↑,涨↑,✓,+0.19%,0.9444
2025-06-20,1428.66,涨↑,跌↓,✗,-0.61%,0.9387
2025-06-23,1420.0,涨↑,涨↑,✓,+1.21%,0.95
2025-06-24,1437.2,跌↓,跌↓,✓,-0.09%,0.95
2025-06-25,1435.86,涨↑,跌↓,✗,-1.10%,0.9395
2025-06-26,1420.0,跌↓,跌↓,✓,-1.19%,0.9395
2025-06-27,1403.09,跌↓,涨↑,✗,+0.46%,0.9395
2025-06-30,1409.52,跌↓,跌↓,✓,-0.31%,0.9395
2025-07-01,1405.1,跌↓,涨↑,✗,+0.32%,0.9395
2025-07-02,1409.6,跌↓,涨↑,✗,+0.43%,0.9395
2025-07-03,1415.6,跌↓,涨↑,✗,+0.47%,0.9395
2025-07-04,1422.22,跌↓,跌↓,✓,-0.81%,0.9395
2025-07-07,1410.7,涨↑,涨↑,✓,+0.38%,0.9431
2025-07-08,1416.11,涨↑,涨↑,✓,+0.20%,0.945
2025-07-09,1418.88,涨↑,涨↑,✓,+0.54%,0.9501
2025-07-10,1426.5,涨↑,涨↑,✓,+0.04%,0.9504
2025-07-11,1427.0,涨↑,跌↓,✗,-0.24%,0.9481
2025-07-14,1423.6,涨↑,跌↓,✗,-0.89%,0.9397
2025-07-15,1411.0,涨↑,涨↑,✓,+0.00%,0.9398
2025-07-16,1411.03,跌↓,涨↑,✗,+0.38%,0.9398
2025-07-17,1416.35,跌↓,涨↑,✗,+1.46%,0.9398
2025-07-18,1437.0,跌↓,涨↑,✗,+0.42%,0.9398
2025-07-21,1443.0,涨↑,涨↑,✓,+1.52%,0.9541
2025-07-22,1464.98,跌↓,涨↑,✗,+0.72%,0.9541
2025-07-23,1475.5,跌↓,涨↑,✗,+1.08%,0.9541
2025-07-24,1491.5,跌↓,跌↓,✓,-2.45%,0.9541
2025-07-25,1455.0,涨↑,跌↓,✗,-1.12%,0.9434
2025-07-28,1438.66,涨↑,涨↑,✓,+0.02%,0.9436
2025-07-29,1439.0,涨↑,涨↑,✓,+0.73%,0.9504
2025-07-30,1449.44,涨↑,跌↓,✗,-1.92%,0.9322
2025-07-31,1421.67,跌↓,跌↓,✓,-0.33%,0.9322
2025-08-01,1417.0,跌↓,涨↑,✗,+0.14%,0.9322
2025-08-04,1419.0,涨↑,涨↑,✓,+0.62%,0.938
2025-08-05,1427.74,涨↑,跌↓,✗,-0.27%,0.9354
2025-08-06,1423.88,跌↓,跌↓,✓,-0.11%,0.9354
2025-08-07,1422.35,涨↑,跌↓,✗,-0.10%,0.9345
2025-08-08,1420.97,涨↑,涨↑,✓,+1.69%,0.9503
2025-08-11,1445.0,跌↓,跌↓,✓,-0.55%,0.9503
2025-08-12,1437.04,涨↑,跌↓,✗,-1.18%,0.9391
2025-08-13,1420.05,涨↑,涨↑,✓,+0.49%,0.9437
2025-08-14,1426.99,涨↑,跌↓,✗,-0.34%,0.9404
2025-08-15,1422.08,涨↑,涨↑,✓,+0.45%,0.9447
2025-08-18,1428.5,跌↓,涨↑,✗,+0.67%,0.9447
2025-08-19,1438.0,涨↑,涨↑,✓,+0.83%,0.9526
2025-08-20,1450.0,涨↑,跌↓,✗,-0.12%,0.9514
2025-08-21,1448.25,涨↑,涨↑,✓,+1.08%,0.9617
2025-08-22,1463.95,涨↑,涨↑,✓,+1.80%,0.9791
2025-08-25,1490.33,跌↓,跌↓,✓,-0.59%,0.9791
2025-08-26,1481.61,跌↓,跌↓,✓,-2.27%,0.9791
2025-08-27,1448.0,跌↓,跌↓,✓,-0.13%,0.9791
2025-08-28,1446.1,涨↑,涨↑,✓,+2.34%,1.002
2025-08-29,1480.0,跌↓,跌↓,✓,-0.26%,1.002
2025-09-01,1476.1,跌↓,涨↑,✗,+1.03%,1.002
2025-09-02,1491.3,跌↓,跌↓,✓,-0.72%,1.002
2025-09-03,1480.55,跌↓,跌↓,✓,-0.53%,1.002
2025-09-04,1472.66,涨↑,涨↑,✓,+0.70%,1.009
2025-09-05,1483.0,跌↓,涨↑,✗,+1.23%,1.009
2025-09-08,1501.23,跌↓,涨↑,✗,+0.25%,1.009
2025-09-09,1505.0,涨↑,涨↑,✓,+1.13%,1.0204
2025-09-10,1522.01,跌↓,涨↑,✗,+0.10%,1.0204
2025-09-11,1523.5,跌↓,跌↓,✓,-0.49%,1.0204
2025-09-12,1516.0,涨↑,跌↓,✗,-0.06%,1.0198
2025-09-15,1515.1,涨↑,跌↓,✗,-1.00%,1.0097
2025-09-16,1499.98,涨↑,跌↓,✗,-0.47%,1.005
2025-09-17,1493.0,涨↑,跌↓,✗,-1.68%,0.9881
2025-09-18,1467.96,跌↓,涨↑,✗,+0.00%,0.9881
2025-09-19,1467.97,跌↓,跌↓,✓,-1.00%,0.9881
2025-09-22,1453.35,跌↓,跌↓,✓,-0.41%,0.9881
2025-09-23,1447.42,跌↓,跌↓,✓,-0.37%,0.9881
2025-09-24,1442.0,跌↓,跌↓,✓,-0.21%,0.9881
2025-09-25,1439.0,涨↑,跌↓,✗,-0.28%,0.9854
2025-09-26,1435.0,涨↑,涨↑,✓,+1.80%,1.0031
2025-09-29,1460.86,跌↓,跌↓,✓,-1.15%,1.0031
2025-09-30,1443.99,跌↓,跌↓,✓,-0.50%,1.0031
2025-10-09,1436.78,跌↓,跌↓,✓,-0.47%,1.0031
2025-10-10,1430.0,涨↑,跌↓,✗,-0.76%,0.9955
2025-10-13,1419.2,涨↑,涨↑,✓,+2.24%,1.0179
2025-10-14,1451.02,跌↓,涨↑,✗,+0.76%,1.0179
2025-10-15,1462.0,跌↓,涨↑,✗,+1.57%,1.0179
2025-10-16,1484.91,跌↓,跌↓,✓,-2.01%,1.0179
2025-10-17,1455.0,涨↑,涨↑,✓,+0.20%,1.0199
2025-10-20,1457.93,涨↑,涨↑,✓,+0.30%,1.0229
2025-10-21,1462.26,涨↑,跌↓,✗,-0.24%,1.0205
2025-10-22,1458.7,跌↓,涨↑,✗,+0.64%,1.0205
2025-10-23,1467.98,涨↑,跌↓,✗,-1.22%,1.008
2025-10-24,1450.0,涨↑,跌↓,✗,-0.66%,1.0013
2025-10-27,1440.41,跌↓,涨↑,✗,+0.32%,1.0013
2025-10-28,1445.0,跌↓,跌↓,✓,-0.91%,1.0013
2025-10-29,1431.9,跌↓,跌↓,✓,-0.36%,1.0013
2025-10-30,1426.74,跌↓,涨↑,✗,+0.23%,1.0013
2025-10-31,1430.01,跌↓,涨↑,✗,+0.35%,1.0013
2025-11-03,1435.0,涨↑,跌↓,✗,-0.42%,0.9971
2025-11-04,1429.0,涨↑,跌↓,✗,-0.62%,0.9909
2025-11-05,1420.08,涨↑,涨↑,✓,+1.06%,1.0014
2025-11-06,1435.13,涨↑,跌↓,✗,-0.13%,1.0001
2025-11-07,1433.33,涨↑,涨↑,✓,+2.02%,1.0203
2025-11-10,1462.3,涨↑,跌↓,✗,-0.23%,1.018
2025-11-11,1458.99,跌↓,涨↑,✗,+0.42%,1.018
2025-11-12,1465.15,涨↑,涨↑,✓,+0.36%,1.0217
2025-11-13,1470.38,涨↑,跌↓,✗,-0.94%,1.0121
2025-11-14,1456.6,涨↑,涨↑,✓,+0.99%,1.0221
2025-11-17,1471.0,跌↓,涨↑,✗,+0.34%,1.0221
2025-11-18,1476.0,跌↓,跌↓,✓,-0.34%,1.0221
2025-11-19,1471.01,跌↓,跌↓,✓,-0.27%,1.0221
2025-11-20,1467.11,涨↑,跌↓,✗,-0.03%,1.0217
2025-11-21,1466.6,跌↓,跌↓,✓,-1.00%,1.0217
2025-11-24,1452.0,涨↑,跌↓,✗,-0.51%,1.0166
2025-11-25,1444.65,跌↓,涨↑,✗,+0.31%,1.0166
2025-11-26,1449.15,跌↓,跌↓,✓,-0.13%,1.0166
2025-11-27,1447.3,跌↓,涨↑,✗,+0.22%,1.0166
2025-11-28,1450.5,涨↑,跌↓,✗,-0.17%,1.0148
2025-12-01,1448.0,跌↓,跌↓,✓,-0.83%,1.0148
2025-12-02,1436.03,涨↑,跌↓,✗,-0.48%,1.0099
2025-12-03,1429.1,涨↑,跌↓,✗,-0.36%,1.0063
2025-12-04,1423.98,涨↑,涨↑,✓,+0.42%,1.0106
2025-12-05,1430.01,跌↓,跌↓,✓,-0.82%,1.0106
2025-12-08,1418.22,跌↓,跌↓,✓,-1.21%,1.0106
2025-12-09,1401.01,跌↓,涨↑,✗,+0.13%,1.0106
2025-12-10,1402.8,跌↓,涨↑,✗,+0.66%,1.0106
2025-12-11,1411.99,涨↑,涨↑,✓,+0.61%,1.0168
2025-12-12,1420.65,跌↓,涨↑,✗,+0.38%,1.0168
2025-12-15,1426.0,涨↑,跌↓,✗,-0.28%,1.0139
2025-12-16,1422.0,涨↑,涨↑,✓,+0.78%,1.0218
2025-12-17,1433.1,跌↓,跌↓,✓,-0.15%,1.0218
2025-12-18,1431.0,涨↑,跌↓,✗,-1.47%,1.0068
2025-12-19,1410.0,涨↑,跌↓,✗,-0.12%,1.0056
2025-12-22,1408.26,涨↑,跌↓,✗,-0.03%,1.0053
2025-12-23,1407.86,跌↓,跌↓,✓,-0.49%,1.0053
2025-12-24,1400.9,跌↓,涨↑,✗,+0.95%,1.0053
2025-12-25,1414.17,跌↓,跌↓,✓,-0.00%,1.0053
2025-12-26,1414.13,涨↑,跌↓,✗,-0.86%,0.9967
2025-12-29,1402.0,涨↑,跌↓,✗,-0.88%,0.9879
2025-12-30,1389.72,涨↑,跌↓,✗,-0.90%,0.979
2025-12-31,1377.18,涨↑,涨↑,✓,+3.54%,1.0137
2026-01-05,1426.0,涨↑,涨↑,✓,+0.14%,1.0152
2026-01-06,1428.01,涨↑,跌↓,✗,-0.33%,1.0119
2026-01-07,1423.36,涨↑,跌↓,✗,-0.78%,1.004
2026-01-08,1412.3,涨↑,涨↑,✓,+0.48%,1.0088
2026-01-09,1419.1,涨↑,涨↑,✓,+0.29%,1.0118
2026-01-12,1423.23,跌↓,跌↓,✓,-0.86%,1.0118
2026-01-13,1411.0,跌↓,跌↓,✓,-0.92%,1.0118
2026-01-14,1398.01,涨↑,跌↓,✗,-0.65%,1.0052
2026-01-15,1388.89,跌↓,跌↓,✓,-0.50%,1.0052
2026-01-16,1382.0,跌↓,跌↓,✓,-0.43%,1.0052
2026-01-19,1376.0,跌↓,跌↓,✓,-0.18%,1.0052
2026-01-20,1373.55,跌↓,跌↓,✓,-1.64%,1.0052
2026-01-21,1351.06,涨↑,跌↓,✗,-0.81%,0.997
2026-01-22,1340.06,跌↓,跌↓,✓,-0.23%,0.997
2026-01-23,1337.0,涨↑,涨↑,✓,+0.37%,1.0007
2026-01-26,1342.0,涨↑,涨↑,✓,+0.08%,1.0015
2026-01-27,1343.01,涨↑,跌↓,✗,-1.44%,0.9871
2026-01-28,1323.69,涨↑,涨↑,✓,+8.61%,1.0721
2026-01-29,1437.72,涨↑,跌↓,✗,-2.55%,1.0447
2026-01-30,1401.0,涨↑,涨↑,✓,+1.86%,1.0641
2026-02-02,1427.0,涨↑,涨↑,✓,+3.36%,1.0998
2026-02-03,1474.92,涨↑,涨↑,✓,+3.40%,1.1372
2026-02-04,1525.0,涨↑,涨↑,✓,+1.97%,1.1595
2026-02-05,1555.0,跌↓,跌↓,✓,-2.57%,1.1595
2026-02-06,1515.01,跌↓,涨↑,✗,+0.66%,1.1595
2026-02-09,1524.96,涨↑,跌↓,✗,-1.32%,1.1442
2026-02-10,1504.8,跌↓,跌↓,✓,-0.03%,1.1442
2026-02-11,1504.33,跌↓,跌↓,✓,-1.18%,1.1442
2026-02-12,1486.6,跌↓,跌↓,✓,-0.09%,1.1442
2026-02-13,1485.3,跌↓,跌↓,✓,-1.25%,1.1442
2026-02-24,1466.8,跌↓,涨↑,✗,+1.69%,1.1442
2026-02-25,1491.66,跌↓,跌↓,✓,-1.71%,1.1442
2026-02-26,1466.21,涨↑,跌↓,✗,-0.76%,1.1355
2026-02-27,1455.02,涨↑,跌↓,✗,-1.02%,1.1238
2026-03-02,1440.11,跌↓,跌↓,✓,-0.97%,1.1238
2026-03-03,1426.19,跌↓,跌↓,✓,-1.75%,1.1238
2026-03-04,1401.18,跌↓,跌↓,✓,-0.15%,1.1238
2026-03-05,1399.04,跌↓,涨↑,✗,+0.21%,1.1238
2026-03-06,1402.0,跌↓,跌↓,✓,-0.36%,1.1238
2026-03-09,1397.0,跌↓,涨↑,✗,+0.35%,1.1238
2026-03-10,1401.88,涨↑,跌↓,✗,-0.13%,1.1223
2026-03-11,1400.0,涨↑,跌↓,✗,-0.57%,1.1159
2026-03-12,1392.0,涨↑,涨↑,✓,+1.55%,1.1333
2026-03-13,1413.64,跌↓,涨↑,✗,+3.29%,1.1333
2026-03-16,1460.18,涨↑,涨↑,✓,+1.70%,1.1525
2026-03-17,1485.0,跌↓,跌↓,✓,-1.09%,1.1525
2026-03-18,1468.8,跌↓,跌↓,✓,-1.08%,1.1525
2026-03-19,1452.87,跌↓,跌↓,✓,-0.54%,1.1525
2026-03-20,1445.0,跌↓,跌↓,✓,-2.56%,1.1525
2026-03-23,1408.07,涨↑,跌↓,✗,-0.05%,1.1519
2026-03-24,1407.33,跌↓,涨↑,✗,+0.21%,1.1519
2026-03-25,1410.27,跌↓,跌↓,✓,-0.64%,1.1519
2026-03-26,1401.18,跌↓,涨↑,✗,+1.06%,1.1519
2026-03-27,1416.02,跌↓,涨↑,✗,+0.28%,1.1519
2026-03-30,1420.0,跌↓,涨↑,✗,+2.11%,1.1519
2026-03-31,1450.0,涨↑,涨↑,✓,+0.65%,1.1594
2026-04-01,1459.44,涨↑,涨↑,✓,+0.03%,1.1598
2026-04-02,1459.88,涨↑,涨↑,✓,+0.01%,1.1599
2026-04-03,1460.0,涨↑,跌↓,✗,-1.37%,1.144
2026-04-07,1440.02,跌↓,涨↑,✗,+1.74%,1.144
2026-04-08,1465.02,跌↓,跌↓,✓,-0.31%,1.144
2026-04-09,1460.49,跌↓,跌↓,✓,-0.45%,1.144
2026-04-10,1453.96,跌↓,跌↓,✓,+0.00%,1.144
