date,close,predict,prob_up,real,correct,ret,equity,idx
2023-11-01,1780.99,涨↑,61.7,跌↓,✗,-0.08%,0.9992,250
2023-11-02,1779.5,涨↑,60.1,涨↑,✓,+1.78%,1.017,251
2023-11-03,1811.24,涨↑,61.9,涨↑,✓,+0.04%,1.0174,252
2023-11-06,1812.0,跌↓,49.9,跌↓,✓,-1.15%,1.0174,253
2023-11-07,1791.17,跌↓,46.1,涨↑,✗,+0.40%,1.0174,254
2023-11-08,1798.34,涨↑,55.6,跌↓,✗,-0.24%,1.015,255
2023-11-09,1794.11,涨↑,61.0,跌↓,✗,-1.02%,1.0047,256
2023-11-10,1775.84,涨↑,56.6,跌↓,✗,-0.67%,0.998,257
2023-11-13,1764.0,涨↑,61.4,涨↑,✓,+0.07%,0.9987,258
2023-11-14,1765.27,跌↓,49.5,涨↑,✗,+0.43%,0.9987,259
2023-11-15,1772.93,跌↓,34.8,跌↓,✓,-0.73%,0.9987,260
2023-11-16,1760.05,跌↓,39.0,跌↓,✓,-0.38%,0.9987,261
2023-11-17,1753.42,跌↓,40.4,涨↑,✗,+0.52%,0.9987,262
2023-11-20,1762.5,跌↓,46.3,涨↑,✗,+1.56%,0.9987,263
2023-11-21,1790.0,跌↓,45.7,跌↓,✓,-0.47%,0.9987,264
2023-11-22,1781.51,涨↑,57.5,涨↑,✓,+0.25%,1.0012,265
2023-11-23,1786.0,涨↑,54.1,跌↓,✗,-0.50%,0.9962,266
2023-11-24,1777.0,跌↓,50.3,跌↓,✓,-0.79%,0.9962,267
2023-11-27,1763.0,跌↓,48.5,涨↑,✗,+0.34%,0.9962,268
2023-11-28,1769.04,涨↑,55.2,涨↑,✓,+0.32%,0.9994,269
2023-11-29,1774.71,跌↓,47.3,涨↑,✗,+0.95%,0.9994,270
2023-11-30,1791.5,跌↓,50.6,跌↓,✓,-1.74%,0.9994,271
2023-12-01,1760.28,跌↓,44.5,跌↓,✓,-0.54%,0.9994,272
2023-12-04,1750.71,跌↓,40.8,跌↓,✓,-2.38%,0.9994,273
2023-12-05,1709.0,跌↓,40.7,跌↓,✓,-0.35%,0.9994,274
2023-12-06,1703.0,涨↑,59.8,跌↓,✗,-0.18%,0.9976,275
2023-12-07,1700.0,涨↑,55.9,涨↑,✓,+0.29%,1.0005,276
2023-12-08,1704.92,涨↑,54.5,跌↓,✗,-0.41%,0.9964,277
2023-12-11,1698.0,跌↓,40.4,涨↑,✗,+0.71%,0.9964,278
2023-12-12,1709.99,跌↓,52.1,跌↓,✓,-2.92%,0.9964,279
2023-11-15,1772.93,跌↓,34.9,跌↓,✓,-0.73%,0.9964,260
2023-11-16,1760.05,跌↓,38.6,跌↓,✓,-0.38%,0.9964,261
2023-11-17,1753.42,跌↓,38.8,涨↑,✗,+0.52%,0.9964,262
2023-11-20,1762.5,跌↓,42.5,涨↑,✗,+1.56%,0.9964,263
2023-11-21,1790.0,跌↓,43.4,跌↓,✓,-0.47%,0.9964,264
2023-11-22,1781.51,涨↑,59.1,涨↑,✓,+0.25%,0.9989,265
2023-11-23,1786.0,涨↑,55.3,跌↓,✗,-0.50%,0.9939,266
2023-11-24,1777.0,跌↓,51.1,跌↓,✓,-0.79%,0.9939,267
2023-11-27,1763.0,跌↓,47.6,涨↑,✗,+0.34%,0.9939,268
2023-11-28,1769.04,涨↑,57.4,涨↑,✓,+0.32%,0.9971,269
2023-11-29,1774.71,跌↓,45.4,涨↑,✗,+0.95%,0.9971,270
2023-11-30,1791.5,跌↓,49.9,跌↓,✓,-1.74%,0.9971,271
2023-12-01,1760.28,跌↓,45.3,跌↓,✓,-0.54%,0.9971,272
2023-12-04,1750.71,跌↓,41.2,跌↓,✓,-2.38%,0.9971,273
2023-12-05,1709.0,跌↓,42.4,跌↓,✓,-0.35%,0.9971,274
2023-12-06,1703.0,涨↑,59.8,跌↓,✗,-0.18%,0.9953,275
2023-12-07,1700.0,涨↑,55.7,涨↑,✓,+0.29%,0.9982,276
2023-12-08,1704.92,涨↑,52.1,跌↓,✗,-0.41%,0.9942,277
2023-12-11,1698.0,跌↓,42.0,涨↑,✗,+0.71%,0.9942,278
2023-12-12,1709.99,涨↑,53.9,跌↓,✗,-2.92%,0.9651,279
2023-12-13,1660.0,跌↓,51.0,跌↓,✓,-1.45%,0.9651,280
2023-12-14,1635.9,涨↑,59.1,涨↑,✓,+0.56%,0.9705,281
2023-12-15,1645.0,涨↑,55.3,涨↑,✓,+1.03%,0.9805,282
2023-12-18,1662.0,涨↑,56.2,涨↑,✓,+0.78%,0.9882,283
2023-12-19,1675.0,涨↑,58.4,跌↓,✗,-1.51%,0.9733,284
2023-12-20,1649.79,涨↑,62.2,涨↑,✓,+1.23%,0.9852,285
2023-12-21,1670.0,涨↑,55.2,涨↑,✓,+0.04%,0.9856,286
2023-12-22,1670.65,涨↑,58.3,涨↑,✓,+0.08%,0.9864,287
2023-12-25,1672.0,涨↑,53.9,跌↓,✗,-0.12%,0.9852,288
2023-12-26,1670.0,跌↓,46.3,跌↓,✓,-0.18%,0.9852,289
2023-11-29,1774.71,跌↓,46.8,涨↑,✗,+0.95%,0.9852,270
2023-11-30,1791.5,跌↓,51.6,跌↓,✓,-1.74%,0.9852,271
2023-12-01,1760.28,跌↓,49.1,跌↓,✓,-0.54%,0.9852,272
2023-12-04,1750.71,跌↓,39.8,跌↓,✓,-2.38%,0.9852,273
2023-12-05,1709.0,跌↓,41.8,跌↓,✓,-0.35%,0.9852,274
2023-12-06,1703.0,涨↑,62.2,跌↓,✗,-0.18%,0.9835,275
2023-12-07,1700.0,涨↑,59.3,涨↑,✓,+0.29%,0.9863,276
2023-12-08,1704.92,涨↑,54.8,跌↓,✗,-0.41%,0.9823,277
2023-12-11,1698.0,跌↓,45.7,涨↑,✗,+0.71%,0.9823,278
2023-12-12,1709.99,涨↑,52.5,跌↓,✗,-2.92%,0.9536,279
2023-12-13,1660.0,涨↑,54.4,跌↓,✗,-1.45%,0.9398,280
2023-12-14,1635.9,涨↑,57.2,涨↑,✓,+0.56%,0.945,281
2023-12-15,1645.0,涨↑,56.0,涨↑,✓,+1.03%,0.9548,282
2023-12-18,1662.0,涨↑,55.5,涨↑,✓,+0.78%,0.9622,283
2023-12-19,1675.0,涨↑,57.6,跌↓,✗,-1.51%,0.9477,284
2023-12-20,1649.79,涨↑,62.7,涨↑,✓,+1.23%,0.9594,285
2023-12-21,1670.0,涨↑,54.6,涨↑,✓,+0.04%,0.9597,286
2023-12-22,1670.65,涨↑,60.6,涨↑,✓,+0.08%,0.9605,287
2023-12-25,1672.0,涨↑,57.1,跌↓,✗,-0.12%,0.9594,288
2023-12-26,1670.0,跌↓,46.9,跌↓,✓,-0.18%,0.9594,289
2023-12-27,1667.06,涨↑,64.1,涨↑,✓,+3.47%,0.9927,290
2023-12-28,1724.99,涨↑,53.8,涨↑,✓,+0.06%,0.9933,291
2023-12-29,1726.0,涨↑,58.4,跌↓,✗,-2.37%,0.9697,292
2024-01-02,1685.01,跌↓,42.3,涨↑,✗,+0.53%,0.9697,293
2024-01-03,1694.0,跌↓,39.5,跌↓,✓,-1.48%,0.9697,294
2024-01-04,1669.0,跌↓,41.5,跌↓,✓,-0.34%,0.9697,295
2024-01-05,1663.36,跌↓,47.5,跌↓,✓,-1.16%,0.9697,296
2024-01-08,1643.99,涨↑,63.8,跌↓,✗,-0.18%,0.9679,297
2024-01-09,1641.0,涨↑,67.8,涨↑,✓,+0.03%,0.9682,298
2024-01-10,1641.5,涨↑,57.7,涨↑,✓,+0.31%,0.9712,299
2023-12-13,1660.0,跌↓,51.1,跌↓,✓,-1.45%,0.9712,280
2023-12-14,1635.9,涨↑,54.6,涨↑,✓,+0.56%,0.9766,281
2023-12-15,1645.0,涨↑,54.2,涨↑,✓,+1.03%,0.9867,282
2023-12-18,1662.0,涨↑,58.6,涨↑,✓,+0.78%,0.9944,283
2023-12-19,1675.0,涨↑,60.4,跌↓,✗,-1.51%,0.9795,284
2023-12-20,1649.79,涨↑,61.4,涨↑,✓,+1.23%,0.9915,285
2023-12-21,1670.0,跌↓,53.1,涨↑,✗,+0.04%,0.9915,286
2023-12-22,1670.65,涨↑,61.9,涨↑,✓,+0.08%,0.9923,287
2023-12-25,1672.0,涨↑,56.3,跌↓,✗,-0.12%,0.9911,288
2023-12-26,1670.0,跌↓,47.7,跌↓,✓,-0.18%,0.9911,289
2023-12-27,1667.06,涨↑,63.3,涨↑,✓,+3.47%,1.0255,290
2023-12-28,1724.99,涨↑,53.4,涨↑,✓,+0.06%,1.0261,291
2023-12-29,1726.0,涨↑,60.0,跌↓,✗,-2.37%,1.0017,292
2024-01-02,1685.01,跌↓,41.0,涨↑,✗,+0.53%,1.0017,293
2024-01-03,1694.0,跌↓,39.3,跌↓,✓,-1.48%,1.0017,294
2024-01-04,1669.0,跌↓,37.6,跌↓,✓,-0.34%,1.0017,295
2024-01-05,1663.36,跌↓,52.4,跌↓,✓,-1.16%,1.0017,296
2024-01-08,1643.99,涨↑,62.8,跌↓,✗,-0.18%,0.9999,297
2024-01-09,1641.0,涨↑,66.7,涨↑,✓,+0.03%,1.0002,298
2024-01-10,1641.5,涨↑,60.5,涨↑,✓,+0.31%,1.0033,299
2024-01-11,1646.57,涨↑,61.3,跌↓,✗,-0.21%,1.0012,300
2024-01-12,1643.06,跌↓,46.4,跌↓,✓,-0.19%,1.0012,301
2024-01-15,1640.0,跌↓,51.6,跌↓,✓,-0.03%,1.0012,302
2024-01-16,1639.43,跌↓,41.6,跌↓,✓,-3.81%,1.0012,303
2024-01-17,1577.0,跌↓,39.9,涨↑,✗,+2.15%,1.0012,304
2024-01-18,1610.87,跌↓,44.2,涨↑,✗,+1.50%,1.0012,305
2024-01-19,1635.0,跌↓,52.6,涨↑,✗,+0.43%,1.0012,306
2024-01-22,1642.0,跌↓,40.0,跌↓,✓,-1.40%,1.0012,307
2024-01-23,1619.0,涨↑,61.6,涨↑,✓,+0.43%,1.0055,308
2024-01-24,1626.0,跌↓,49.3,涨↑,✗,+0.74%,1.0055,309
2023-12-27,1667.06,涨↑,64.0,涨↑,✓,+3.47%,1.0404,290
2023-12-28,1724.99,涨↑,55.3,涨↑,✓,+0.06%,1.0411,291
2023-12-29,1726.0,涨↑,55.1,跌↓,✗,-2.37%,1.0163,292
2024-01-02,1685.01,跌↓,39.8,涨↑,✗,+0.53%,1.0163,293
2024-01-03,1694.0,跌↓,36.1,跌↓,✓,-1.48%,1.0163,294
2024-01-04,1669.0,跌↓,37.6,跌↓,✓,-0.34%,1.0163,295
2024-01-05,1663.36,跌↓,51.5,跌↓,✓,-1.16%,1.0163,296
2024-01-08,1643.99,涨↑,63.5,跌↓,✗,-0.18%,1.0145,297
2024-01-09,1641.0,涨↑,63.9,涨↑,✓,+0.03%,1.0148,298
2024-01-10,1641.5,涨↑,61.7,涨↑,✓,+0.31%,1.0179,299
2024-01-11,1646.57,涨↑,55.9,跌↓,✗,-0.21%,1.0158,300
2024-01-12,1643.06,跌↓,48.7,跌↓,✓,-0.19%,1.0158,301
2024-01-15,1640.0,跌↓,51.5,跌↓,✓,-0.03%,1.0158,302
2024-01-16,1639.43,跌↓,43.1,跌↓,✓,-3.81%,1.0158,303
2024-01-17,1577.0,跌↓,41.9,涨↑,✗,+2.15%,1.0158,304
2024-01-18,1610.87,跌↓,41.8,涨↑,✗,+1.50%,1.0158,305
2024-01-19,1635.0,跌↓,48.4,涨↑,✗,+0.43%,1.0158,306
2024-01-22,1642.0,跌↓,38.7,跌↓,✓,-1.40%,1.0158,307
2024-01-23,1619.0,涨↑,56.6,涨↑,✓,+0.43%,1.0201,308
2024-01-24,1626.0,跌↓,50.4,涨↑,✗,+0.74%,1.0201,309
2024-01-25,1638.0,涨↑,56.1,跌↓,✗,-0.04%,1.0197,310
2024-01-26,1637.32,跌↓,53.0,涨↑,✗,+0.77%,1.0197,311
2024-01-29,1650.0,涨↑,59.7,跌↓,✗,-2.24%,0.9969,312
2024-01-30,1613.0,涨↑,61.4,跌↓,✗,-0.50%,0.9919,313
2024-01-31,1604.91,涨↑,58.9,涨↑,✓,+0.32%,0.995,314
2024-02-01,1610.03,涨↑,66.6,跌↓,✗,-0.87%,0.9863,315
2024-02-02,1596.0,涨↑,64.2,涨↑,✓,+2.13%,1.0074,316
2024-02-05,1630.01,涨↑,62.0,涨↑,✓,+2.82%,1.0358,317
2024-02-06,1676.0,跌↓,46.3,涨↑,✗,+2.09%,1.0358,318
2024-02-07,1710.99,跌↓,40.5,跌↓,✓,-0.29%,1.0358,319
2024-01-11,1646.57,涨↑,55.7,跌↓,✗,-0.21%,1.0336,300
2024-01-12,1643.06,跌↓,50.1,跌↓,✓,-0.19%,1.0336,301
2024-01-15,1640.0,涨↑,55.7,跌↓,✗,-0.03%,1.0332,302
2024-01-16,1639.43,跌↓,44.0,跌↓,✓,-3.81%,1.0332,303
2024-01-17,1577.0,跌↓,37.9,涨↑,✗,+2.15%,1.0332,304
2024-01-18,1610.87,跌↓,39.5,涨↑,✗,+1.50%,1.0332,305
2024-01-19,1635.0,跌↓,47.5,涨↑,✗,+0.43%,1.0332,306
2024-01-22,1642.0,跌↓,36.7,跌↓,✓,-1.40%,1.0332,307
2024-01-23,1619.0,涨↑,57.3,涨↑,✓,+0.43%,1.0377,308
2024-01-24,1626.0,跌↓,50.5,涨↑,✗,+0.74%,1.0377,309
2024-01-25,1638.0,跌↓,51.5,跌↓,✓,-0.04%,1.0377,310
2024-01-26,1637.32,跌↓,50.5,涨↑,✗,+0.77%,1.0377,311
2024-01-29,1650.0,涨↑,56.7,跌↓,✗,-2.24%,1.0144,312
2024-01-30,1613.0,涨↑,60.0,跌↓,✗,-0.50%,1.0093,313
2024-01-31,1604.91,涨↑,54.3,涨↑,✓,+0.32%,1.0126,314
2024-02-01,1610.03,涨↑,60.1,跌↓,✗,-0.87%,1.0037,315
2024-02-02,1596.0,涨↑,62.3,涨↑,✓,+2.13%,1.0251,316
2024-02-05,1630.01,涨↑,59.5,涨↑,✓,+2.82%,1.054,317
2024-02-06,1676.0,跌↓,49.2,涨↑,✗,+2.09%,1.054,318
2024-02-07,1710.99,跌↓,43.3,跌↓,✓,-0.29%,1.054,319
2024-02-08,1706.0,涨↑,57.8,跌↓,✗,-0.62%,1.0475,320
2024-02-19,1695.43,跌↓,47.7,跌↓,✓,-1.50%,1.0475,321
2024-02-20,1670.0,跌↓,40.1,涨↑,✗,+2.85%,1.0475,322
2024-02-21,1717.66,跌↓,39.8,涨↑,✗,+0.04%,1.0475,323
2024-02-22,1718.38,跌↓,40.7,跌↓,✓,-0.25%,1.0475,324
2024-02-23,1714.09,跌↓,51.7,跌↓,✓,-1.11%,1.0475,325
2024-02-26,1694.98,跌↓,33.2,跌↓,✓,-0.32%,1.0475,326
2024-02-27,1689.5,跌↓,45.3,跌↓,✓,-0.47%,1.0475,327
2024-02-28,1681.55,跌↓,32.9,涨↑,✗,+0.80%,1.0475,328
2024-02-29,1695.0,跌↓,43.4,跌↓,✓,-0.59%,1.0475,329
2024-01-25,1638.0,涨↑,58.4,跌↓,✗,-0.04%,1.0471,310
2024-01-26,1637.32,跌↓,54.1,涨↑,✗,+0.77%,1.0471,311
2024-01-29,1650.0,涨↑,60.7,跌↓,✗,-2.24%,1.0236,312
2024-01-30,1613.0,涨↑,67.5,跌↓,✗,-0.50%,1.0185,313
2024-01-31,1604.91,涨↑,62.7,涨↑,✓,+0.32%,1.0217,314
2024-02-01,1610.03,涨↑,66.0,跌↓,✗,-0.87%,1.0128,315
2024-02-02,1596.0,涨↑,66.2,涨↑,✓,+2.13%,1.0344,316
2024-02-05,1630.01,涨↑,63.6,涨↑,✓,+2.82%,1.0636,317
2024-02-06,1676.0,跌↓,53.3,涨↑,✗,+2.09%,1.0636,318
2024-02-07,1710.99,跌↓,42.5,跌↓,✓,-0.29%,1.0636,319
2024-02-08,1706.0,涨↑,60.7,跌↓,✗,-0.62%,1.057,320
2024-02-19,1695.43,跌↓,54.3,跌↓,✓,-1.50%,1.057,321
2024-02-20,1670.0,跌↓,44.7,涨↑,✗,+2.85%,1.057,322
2024-02-21,1717.66,跌↓,36.8,涨↑,✗,+0.04%,1.057,323
2024-02-22,1718.38,跌↓,42.0,跌↓,✓,-0.25%,1.057,324
2024-02-23,1714.09,跌↓,46.6,跌↓,✓,-1.11%,1.057,325
2024-02-26,1694.98,跌↓,34.9,跌↓,✓,-0.32%,1.057,326
2024-02-27,1689.5,跌↓,47.8,跌↓,✓,-0.47%,1.057,327
2024-02-28,1681.55,跌↓,35.7,涨↑,✗,+0.80%,1.057,328
2024-02-29,1695.0,跌↓,47.5,跌↓,✓,-0.59%,1.057,329
2024-03-01,1685.06,跌↓,41.2,跌↓,✓,-0.52%,1.057,330
2024-03-04,1676.3,跌↓,40.1,涨↑,✗,+1.12%,1.057,331
2024-03-05,1695.1,跌↓,30.0,跌↓,✓,-0.86%,1.057,332
2024-03-06,1680.55,跌↓,34.9,涨↑,✗,+0.18%,1.057,333
2024-03-07,1683.63,跌↓,36.9,跌↓,✓,-0.72%,1.057,334
2024-03-08,1671.43,跌↓,49.0,涨↑,✗,+1.38%,1.057,335
2024-03-11,1694.49,跌↓,28.9,涨↑,✗,+2.98%,1.057,336
2024-03-12,1745.0,跌↓,29.4,跌↓,✓,-1.01%,1.057,337
2024-03-13,1727.45,跌↓,31.8,跌↓,✓,-0.63%,1.057,338
2024-03-14,1716.63,跌↓,46.0,涨↑,✗,+0.05%,1.057,339
2024-02-08,1706.0,涨↑,58.0,跌↓,✗,-0.62%,1.0504,320
2024-02-19,1695.43,跌↓,49.3,跌↓,✓,-1.50%,1.0504,321
2024-02-20,1670.0,跌↓,42.4,涨↑,✗,+2.85%,1.0504,322
2024-02-21,1717.66,跌↓,39.4,涨↑,✗,+0.04%,1.0504,323
2024-02-22,1718.38,跌↓,41.1,跌↓,✓,-0.25%,1.0504,324
2024-02-23,1714.09,跌↓,49.9,跌↓,✓,-1.11%,1.0504,325
2024-02-26,1694.98,跌↓,37.8,跌↓,✓,-0.32%,1.0504,326
2024-02-27,1689.5,跌↓,49.5,跌↓,✓,-0.47%,1.0504,327
2024-02-28,1681.55,跌↓,39.0,涨↑,✗,+0.80%,1.0504,328
2024-02-29,1695.0,跌↓,47.1,跌↓,✓,-0.59%,1.0504,329
2024-03-01,1685.06,跌↓,47.7,跌↓,✓,-0.52%,1.0504,330
2024-03-04,1676.3,跌↓,40.3,涨↑,✗,+1.12%,1.0504,331
2024-03-05,1695.1,跌↓,37.4,跌↓,✓,-0.86%,1.0504,332
2024-03-06,1680.55,跌↓,38.5,涨↑,✗,+0.18%,1.0504,333
2024-03-07,1683.63,跌↓,39.6,跌↓,✓,-0.72%,1.0504,334
2024-03-08,1671.43,涨↑,52.9,涨↑,✓,+1.38%,1.0649,335
2024-03-11,1694.49,跌↓,32.6,涨↑,✗,+2.98%,1.0649,336
2024-03-12,1745.0,跌↓,38.1,跌↓,✓,-1.01%,1.0649,337
2024-03-13,1727.45,跌↓,37.2,跌↓,✓,-0.63%,1.0649,338
2024-03-14,1716.63,跌↓,47.0,涨↑,✗,+0.05%,1.0649,339
2024-03-15,1717.49,跌↓,41.8,跌↓,✓,-0.54%,1.0649,340
2024-03-18,1708.26,跌↓,34.2,跌↓,✓,-0.01%,1.0649,341
2024-03-19,1708.02,跌↓,28.6,涨↑,✗,+0.09%,1.0649,342
2024-03-20,1709.6,跌↓,30.1,跌↓,✓,-0.04%,1.0649,343
2024-03-21,1709.0,跌↓,31.6,跌↓,✓,-0.45%,1.0649,344
2024-03-22,1701.35,跌↓,32.4,跌↓,✓,-0.73%,1.0649,345
2024-03-25,1689.01,跌↓,46.2,涨↑,✗,+1.20%,1.0649,346
2024-03-26,1709.29,跌↓,43.6,跌↓,✓,-0.48%,1.0649,347
2024-03-27,1701.0,跌↓,49.8,涨↑,✗,+0.04%,1.0649,348
2024-03-28,1701.64,跌↓,46.4,涨↑,✗,+0.07%,1.0649,349
2024-03-01,1685.06,跌↓,41.9,跌↓,✓,-0.52%,1.0649,330
2024-03-04,1676.3,跌↓,37.5,涨↑,✗,+1.12%,1.0649,331
2024-03-05,1695.1,跌↓,35.0,跌↓,✓,-0.86%,1.0649,332
2024-03-06,1680.55,跌↓,32.2,涨↑,✗,+0.18%,1.0649,333
2024-03-07,1683.63,跌↓,38.6,跌↓,✓,-0.72%,1.0649,334
2024-03-08,1671.43,跌↓,44.9,涨↑,✗,+1.38%,1.0649,335
2024-03-11,1694.49,跌↓,31.7,涨↑,✗,+2.98%,1.0649,336
2024-03-12,1745.0,跌↓,35.5,跌↓,✓,-1.01%,1.0649,337
2024-03-13,1727.45,跌↓,33.6,跌↓,✓,-0.63%,1.0649,338
2024-03-14,1716.63,跌↓,43.6,涨↑,✗,+0.05%,1.0649,339
2024-03-15,1717.49,跌↓,37.6,跌↓,✓,-0.54%,1.0649,340
2024-03-18,1708.26,跌↓,32.9,跌↓,✓,-0.01%,1.0649,341
2024-03-19,1708.02,跌↓,28.8,涨↑,✗,+0.09%,1.0649,342
2024-03-20,1709.6,跌↓,28.7,跌↓,✓,-0.04%,1.0649,343
2024-03-21,1709.0,跌↓,30.4,跌↓,✓,-0.45%,1.0649,344
2024-03-22,1701.35,跌↓,33.2,跌↓,✓,-0.73%,1.0649,345
2024-03-25,1689.01,跌↓,46.2,涨↑,✗,+1.20%,1.0649,346
2024-03-26,1709.29,跌↓,43.6,跌↓,✓,-0.48%,1.0649,347
2024-03-27,1701.0,跌↓,47.0,涨↑,✗,+0.04%,1.0649,348
2024-03-28,1701.64,跌↓,46.3,涨↑,✗,+0.07%,1.0649,349
2024-03-29,1702.9,跌↓,36.9,涨↑,✗,+1.08%,1.0649,350
2024-04-01,1721.33,跌↓,39.5,跌↓,✓,-0.43%,1.0649,351
2024-04-02,1713.99,跌↓,32.6,涨↑,✗,+0.07%,1.0649,352
2024-04-03,1715.11,跌↓,40.7,跌↓,✓,-2.82%,1.0649,353
2024-04-08,1666.66,跌↓,45.8,跌↓,✓,-0.27%,1.0649,354
2024-04-09,1662.22,跌↓,48.3,跌↓,✓,-0.86%,1.0649,355
2024-04-10,1647.98,涨↑,54.1,涨↑,✓,+0.00%,1.0649,356
2024-04-11,1648.0,涨↑,56.0,跌↓,✗,-0.85%,1.0559,357
2024-04-12,1634.03,涨↑,62.2,涨↑,✓,+2.38%,1.0811,358
2024-04-15,1672.98,跌↓,38.6,跌↓,✓,-0.18%,1.0811,359
2024-03-15,1717.49,跌↓,42.9,跌↓,✓,-0.54%,1.0811,340
2024-03-18,1708.26,跌↓,42.9,跌↓,✓,-0.01%,1.0811,341
2024-03-19,1708.02,跌↓,31.4,涨↑,✗,+0.09%,1.0811,342
2024-03-20,1709.6,跌↓,35.4,跌↓,✓,-0.04%,1.0811,343
2024-03-21,1709.0,跌↓,33.6,跌↓,✓,-0.45%,1.0811,344
2024-03-22,1701.35,跌↓,33.4,跌↓,✓,-0.73%,1.0811,345
2024-03-25,1689.01,跌↓,44.0,涨↑,✗,+1.20%,1.0811,346
2024-03-26,1709.29,跌↓,45.6,跌↓,✓,-0.48%,1.0811,347
2024-03-27,1701.0,跌↓,51.1,涨↑,✗,+0.04%,1.0811,348
2024-03-28,1701.64,跌↓,49.4,涨↑,✗,+0.07%,1.0811,349
2024-03-29,1702.9,跌↓,40.7,涨↑,✗,+1.08%,1.0811,350
2024-04-01,1721.33,跌↓,44.0,跌↓,✓,-0.43%,1.0811,351
2024-04-02,1713.99,跌↓,38.5,涨↑,✗,+0.07%,1.0811,352
2024-04-03,1715.11,跌↓,44.6,跌↓,✓,-2.82%,1.0811,353
2024-04-08,1666.66,跌↓,43.9,跌↓,✓,-0.27%,1.0811,354
2024-04-09,1662.22,跌↓,50.2,跌↓,✓,-0.86%,1.0811,355
2024-04-10,1647.98,涨↑,53.1,涨↑,✓,+0.00%,1.0811,356
2024-04-11,1648.0,涨↑,53.0,跌↓,✗,-0.85%,1.0719,357
2024-04-12,1634.03,涨↑,62.3,涨↑,✓,+2.38%,1.0975,358
2024-04-15,1672.98,跌↓,42.2,跌↓,✓,-0.18%,1.0975,359
2024-04-16,1670.0,跌↓,43.4,跌↓,✓,-0.18%,1.0975,360
2024-04-17,1667.0,涨↑,54.3,涨↑,✓,+0.23%,1.1,361
2024-04-18,1670.78,跌↓,47.9,跌↓,✓,-1.44%,1.1,362
2024-04-19,1646.64,跌↓,43.1,涨↑,✗,+1.73%,1.1,363
2024-04-22,1675.06,跌↓,39.0,涨↑,✗,+1.03%,1.1,364
2024-04-23,1692.28,涨↑,54.2,涨↑,✓,+0.08%,1.1008,365
2024-04-24,1693.6,跌↓,47.7,跌↓,✓,-0.03%,1.1008,366
2024-04-25,1693.04,跌↓,42.4,涨↑,✗,+0.97%,1.1008,367
2024-04-26,1709.43,跌↓,44.8,跌↓,✓,-0.32%,1.1008,368
2024-04-29,1704.0,跌↓,48.9,涨↑,✗,+0.06%,1.1008,369
2024-03-29,1702.9,跌↓,46.9,涨↑,✗,+1.08%,1.1008,350
2024-04-01,1721.33,跌↓,44.5,跌↓,✓,-0.43%,1.1008,351
2024-04-02,1713.99,跌↓,41.8,涨↑,✗,+0.07%,1.1008,352
2024-04-03,1715.11,跌↓,45.4,跌↓,✓,-2.82%,1.1008,353
2024-04-08,1666.66,跌↓,51.5,跌↓,✓,-0.27%,1.1008,354
2024-04-09,1662.22,跌↓,50.4,跌↓,✓,-0.86%,1.1008,355
2024-04-10,1647.98,涨↑,57.4,涨↑,✓,+0.00%,1.1008,356
2024-04-11,1648.0,涨↑,56.8,跌↓,✗,-0.85%,1.0915,357
2024-04-12,1634.03,涨↑,62.7,涨↑,✓,+2.38%,1.1175,358
2024-04-15,1672.98,跌↓,43.4,跌↓,✓,-0.18%,1.1175,359
2024-04-16,1670.0,跌↓,47.5,跌↓,✓,-0.18%,1.1175,360
2024-04-17,1667.0,跌↓,52.1,涨↑,✗,+0.23%,1.1175,361
2024-04-18,1670.78,跌↓,47.5,跌↓,✓,-1.44%,1.1175,362
2024-04-19,1646.64,跌↓,44.0,涨↑,✗,+1.73%,1.1175,363
2024-04-22,1675.06,跌↓,44.2,涨↑,✗,+1.03%,1.1175,364
2024-04-23,1692.28,涨↑,54.6,涨↑,✓,+0.08%,1.1184,365
2024-04-24,1693.6,跌↓,46.2,跌↓,✓,-0.03%,1.1184,366
2024-04-25,1693.04,跌↓,39.7,涨↑,✗,+0.97%,1.1184,367
2024-04-26,1709.43,跌↓,40.4,跌↓,✓,-0.32%,1.1184,368
2024-04-29,1704.0,跌↓,46.0,涨↑,✗,+0.06%,1.1184,369
2024-04-30,1705.0,跌↓,40.6,涨↑,✗,+3.24%,1.1184,370
2024-05-06,1760.2,跌↓,31.7,涨↑,✗,+0.56%,1.1184,371
2024-05-07,1770.0,跌↓,32.0,跌↓,✓,-0.34%,1.1184,372
2024-05-08,1763.97,跌↓,28.6,跌↓,✓,-0.45%,1.1184,373
2024-05-09,1756.0,跌↓,40.1,跌↓,✓,-0.97%,1.1184,374
2024-05-10,1738.98,跌↓,33.5,跌↓,✓,-1.90%,1.1184,375
2024-05-13,1706.0,跌↓,39.6,跌↓,✓,-0.24%,1.1184,376
2024-05-14,1701.98,跌↓,42.8,跌↓,✓,-0.12%,1.1184,377
2024-05-15,1700.0,跌↓,44.1,涨↑,✗,+0.26%,1.1184,378
2024-05-16,1704.5,跌↓,51.6,涨↑,✗,+0.62%,1.1184,379
2024-04-16,1670.0,跌↓,47.1,跌↓,✓,-0.18%,1.1184,360
2024-04-17,1667.0,跌↓,48.3,涨↑,✗,+0.23%,1.1184,361
2024-04-18,1670.78,跌↓,45.8,跌↓,✓,-1.44%,1.1184,362
2024-04-19,1646.64,跌↓,44.8,涨↑,✗,+1.73%,1.1184,363
2024-04-22,1675.06,跌↓,38.8,涨↑,✗,+1.03%,1.1184,364
2024-04-23,1692.28,跌↓,48.0,涨↑,✗,+0.08%,1.1184,365
2024-04-24,1693.6,跌↓,39.4,跌↓,✓,-0.03%,1.1184,366
2024-04-25,1693.04,跌↓,37.8,涨↑,✗,+0.97%,1.1184,367
2024-04-26,1709.43,跌↓,41.6,跌↓,✓,-0.32%,1.1184,368
2024-04-29,1704.0,跌↓,45.1,涨↑,✗,+0.06%,1.1184,369
2024-04-30,1705.0,跌↓,41.4,涨↑,✗,+3.24%,1.1184,370
2024-05-06,1760.2,跌↓,31.4,涨↑,✗,+0.56%,1.1184,371
2024-05-07,1770.0,跌↓,33.4,跌↓,✓,-0.34%,1.1184,372
2024-05-08,1763.97,跌↓,28.3,跌↓,✓,-0.45%,1.1184,373
2024-05-09,1756.0,跌↓,42.4,跌↓,✓,-0.97%,1.1184,374
2024-05-10,1738.98,跌↓,33.6,跌↓,✓,-1.90%,1.1184,375
2024-05-13,1706.0,跌↓,42.1,跌↓,✓,-0.24%,1.1184,376
2024-05-14,1701.98,跌↓,42.6,跌↓,✓,-0.12%,1.1184,377
2024-05-15,1700.0,跌↓,45.4,涨↑,✗,+0.26%,1.1184,378
2024-05-16,1704.5,跌↓,49.3,涨↑,✗,+0.62%,1.1184,379
2024-05-17,1715.0,跌↓,47.0,跌↓,✓,-0.35%,1.1184,380
2024-05-20,1709.0,跌↓,49.6,跌↓,✓,-0.23%,1.1184,381
2024-05-21,1705.0,跌↓,38.0,跌↓,✓,-0.43%,1.1184,382
2024-05-22,1697.71,跌↓,48.7,跌↓,✓,-0.34%,1.1184,383
2024-05-23,1692.01,跌↓,52.5,跌↓,✓,-0.88%,1.1184,384
2024-05-24,1677.08,涨↑,61.7,跌↓,✗,-0.42%,1.1138,385
2024-05-27,1670.12,涨↑,64.4,跌↓,✗,-0.33%,1.1101,386
2024-05-28,1664.64,跌↓,51.8,涨↑,✗,+0.56%,1.1101,387
2024-05-29,1674.0,跌↓,48.5,跌↓,✓,-1.49%,1.1101,388
2024-05-30,1649.0,涨↑,61.0,跌↓,✗,-0.03%,1.1097,389
2024-04-30,1705.0,跌↓,48.3,涨↑,✗,+3.24%,1.1097,370
2024-05-06,1760.2,跌↓,31.8,涨↑,✗,+0.56%,1.1097,371
2024-05-07,1770.0,跌↓,32.4,跌↓,✓,-0.34%,1.1097,372
2024-05-08,1763.97,跌↓,29.0,跌↓,✓,-0.45%,1.1097,373
2024-05-09,1756.0,跌↓,42.2,跌↓,✓,-0.97%,1.1097,374
2024-05-10,1738.98,跌↓,36.0,跌↓,✓,-1.90%,1.1097,375
2024-05-13,1706.0,跌↓,43.5,跌↓,✓,-0.24%,1.1097,376
2024-05-14,1701.98,跌↓,44.5,跌↓,✓,-0.12%,1.1097,377
2024-05-15,1700.0,跌↓,44.0,涨↑,✗,+0.26%,1.1097,378
2024-05-16,1704.5,跌↓,50.1,涨↑,✗,+0.62%,1.1097,379
2024-05-17,1715.0,跌↓,42.6,跌↓,✓,-0.35%,1.1097,380
2024-05-20,1709.0,跌↓,49.1,跌↓,✓,-0.23%,1.1097,381
2024-05-21,1705.0,跌↓,39.5,跌↓,✓,-0.43%,1.1097,382
2024-05-22,1697.71,跌↓,51.3,跌↓,✓,-0.34%,1.1097,383
2024-05-23,1692.01,跌↓,52.4,跌↓,✓,-0.88%,1.1097,384
2024-05-24,1677.08,涨↑,61.0,跌↓,✗,-0.42%,1.1051,385
2024-05-27,1670.12,涨↑,65.3,跌↓,✗,-0.33%,1.1015,386
2024-05-28,1664.64,涨↑,56.8,涨↑,✓,+0.56%,1.1077,387
2024-05-29,1674.0,跌↓,50.7,跌↓,✓,-1.49%,1.1077,388
2024-05-30,1649.0,涨↑,63.5,跌↓,✗,-0.03%,1.1073,389
2024-05-31,1648.45,涨↑,64.6,跌↓,✗,-0.55%,1.1012,390
2024-06-03,1639.39,涨↑,66.1,涨↑,✓,+0.84%,1.1105,391
2024-06-04,1653.2,跌↓,51.5,跌↓,✓,-0.56%,1.1105,392
2024-06-05,1644.0,涨↑,57.2,跌↓,✗,-0.25%,1.1077,393
2024-06-06,1639.81,涨↑,64.4,跌↓,✗,-1.26%,1.0938,394
2024-06-07,1619.18,涨↑,66.9,跌↓,✗,-3.10%,1.0599,395
2024-06-11,1569.0,涨↑,61.6,涨↑,✓,+0.17%,1.0617,396
2024-06-12,1571.68,涨↑,55.4,跌↓,✗,-1.06%,1.0504,397
2024-06-13,1555.01,涨↑,54.4,跌↓,✗,-0.00%,1.0504,398
2024-06-14,1555.0,涨↑,54.0,跌↓,✗,-0.87%,1.0413,399
2024-05-17,1715.0,跌↓,46.5,跌↓,✓,-0.35%,1.0413,380
2024-05-20,1709.0,跌↓,47.1,跌↓,✓,-0.23%,1.0413,381
2024-05-21,1705.0,跌↓,39.8,跌↓,✓,-0.43%,1.0413,382
2024-05-22,1697.71,跌↓,50.4,跌↓,✓,-0.34%,1.0413,383
2024-05-23,1692.01,涨↑,57.4,跌↓,✗,-0.88%,1.0321,384
2024-05-24,1677.08,涨↑,60.2,跌↓,✗,-0.42%,1.0278,385
2024-05-27,1670.12,涨↑,66.1,跌↓,✗,-0.33%,1.0244,386
2024-05-28,1664.64,涨↑,58.4,涨↑,✓,+0.56%,1.0302,387
2024-05-29,1674.0,跌↓,49.0,跌↓,✓,-1.49%,1.0302,388
2024-05-30,1649.0,涨↑,61.7,跌↓,✗,-0.03%,1.0299,389
2024-05-31,1648.45,涨↑,66.0,跌↓,✗,-0.55%,1.0242,390
2024-06-03,1639.39,涨↑,65.8,涨↑,✓,+0.84%,1.0328,391
2024-06-04,1653.2,跌↓,52.1,跌↓,✓,-0.56%,1.0328,392
2024-06-05,1644.0,涨↑,56.8,跌↓,✗,-0.25%,1.0302,393
2024-06-06,1639.81,涨↑,65.6,跌↓,✗,-1.26%,1.0172,394
2024-06-07,1619.18,涨↑,64.4,跌↓,✗,-3.10%,0.9857,395
2024-06-11,1569.0,涨↑,61.5,涨↑,✓,+0.17%,0.9874,396
2024-06-12,1571.68,涨↑,55.2,跌↓,✗,-1.06%,0.9769,397
2024-06-13,1555.01,涨↑,55.1,跌↓,✗,-0.00%,0.9769,398
2024-06-14,1555.0,跌↓,53.3,跌↓,✓,-0.87%,0.9769,399
2024-06-17,1541.5,涨↑,55.3,跌↓,✗,-1.30%,0.9642,400
2024-06-18,1521.5,涨↑,65.2,跌↓,✗,-1.35%,0.9512,401
2024-06-19,1501.0,跌↓,51.3,跌↓,✓,-0.06%,0.9512,402
2024-06-20,1500.1,涨↑,55.8,跌↓,✗,-1.94%,0.9328,403
2024-06-21,1471.0,涨↑,69.2,涨↑,✓,+0.38%,0.9363,404
2024-06-24,1476.55,涨↑,68.5,涨↑,✓,+0.68%,0.9427,405
2024-06-25,1486.65,涨↑,66.6,涨↑,✓,+0.17%,0.9443,406
2024-06-26,1489.22,涨↑,57.6,涨↑,✓,+0.09%,0.9451,407
2024-06-27,1490.49,涨↑,54.0,跌↓,✗,-1.55%,0.9305,408
2024-06-28,1467.39,涨↑,64.1,跌↓,✗,-1.84%,0.9134,409
2024-05-31,1648.45,涨↑,59.8,跌↓,✗,-0.55%,0.9084,390
2024-06-03,1639.39,涨↑,62.1,涨↑,✓,+0.84%,0.916,391
2024-06-04,1653.2,跌↓,48.5,跌↓,✓,-0.56%,0.916,392
2024-06-05,1644.0,涨↑,56.2,跌↓,✗,-0.25%,0.9137,393
2024-06-06,1639.81,涨↑,63.4,跌↓,✗,-1.26%,0.9022,394
2024-06-07,1619.18,涨↑,57.6,跌↓,✗,-3.10%,0.8742,395
2024-06-11,1569.0,涨↑,61.0,涨↑,✓,+0.17%,0.8757,396
2024-06-12,1571.68,涨↑,56.6,跌↓,✗,-1.06%,0.8664,397
2024-06-13,1555.01,跌↓,54.2,跌↓,✓,-0.00%,0.8664,398
2024-06-14,1555.0,跌↓,52.8,跌↓,✓,-0.87%,0.8664,399
2024-06-17,1541.5,涨↑,56.8,跌↓,✗,-1.30%,0.8552,400
2024-06-18,1521.5,涨↑,58.4,跌↓,✗,-1.35%,0.8437,401
2024-06-19,1501.0,跌↓,52.4,跌↓,✓,-0.06%,0.8437,402
2024-06-20,1500.1,涨↑,60.4,跌↓,✗,-1.94%,0.8273,403
2024-06-21,1471.0,涨↑,68.8,涨↑,✓,+0.38%,0.8304,404
2024-06-24,1476.55,涨↑,67.4,涨↑,✓,+0.68%,0.8361,405
2024-06-25,1486.65,涨↑,65.1,涨↑,✓,+0.17%,0.8375,406
2024-06-26,1489.22,跌↓,51.1,涨↑,✗,+0.09%,0.8375,407
2024-06-27,1490.49,跌↓,50.6,跌↓,✓,-1.55%,0.8375,408
2024-06-28,1467.39,涨↑,59.8,跌↓,✗,-1.84%,0.8221,409
2024-07-01,1440.38,跌↓,54.7,涨↑,✗,+3.49%,0.8221,410
2024-07-02,1490.7,涨↑,54.9,涨↑,✓,+0.62%,0.8272,411
2024-07-03,1500.0,跌↓,45.0,跌↓,✓,-0.95%,0.8272,412
2024-07-04,1485.74,跌↓,52.5,跌↓,✓,-2.20%,0.8272,413
2024-07-05,1453.0,涨↑,65.6,跌↓,✗,-2.27%,0.8085,414
2024-07-08,1420.0,涨↑,67.0,涨↑,✓,+1.27%,0.8187,415
2024-07-09,1438.03,涨↑,60.3,跌↓,✗,-0.03%,0.8185,416
2024-07-10,1437.59,涨↑,58.9,涨↑,✓,+1.70%,0.8324,417
2024-07-11,1462.09,跌↓,52.4,涨↑,✗,+1.14%,0.8324,418
2024-07-12,1478.82,跌↓,46.4,跌↓,✓,-0.27%,0.8324,419
2024-06-17,1541.5,跌↓,46.0,跌↓,✓,-1.30%,0.8324,400
2024-06-18,1521.5,跌↓,45.8,跌↓,✓,-1.35%,0.8324,401
2024-06-19,1501.0,跌↓,46.4,跌↓,✓,-0.06%,0.8324,402
2024-06-20,1500.1,跌↓,49.7,跌↓,✓,-1.94%,0.8324,403
2024-06-21,1471.0,涨↑,63.4,涨↑,✓,+0.38%,0.8356,404
2024-06-24,1476.55,涨↑,57.1,涨↑,✓,+0.68%,0.8413,405
2024-06-25,1486.65,涨↑,59.3,涨↑,✓,+0.17%,0.8427,406
2024-06-26,1489.22,跌↓,47.6,涨↑,✗,+0.09%,0.8427,407
2024-06-27,1490.49,跌↓,46.0,跌↓,✓,-1.55%,0.8427,408
2024-06-28,1467.39,跌↓,52.3,跌↓,✓,-1.84%,0.8427,409
2024-07-01,1440.38,跌↓,51.9,涨↑,✗,+3.49%,0.8427,410
2024-07-02,1490.7,跌↓,49.7,涨↑,✗,+0.62%,0.8427,411
2024-07-03,1500.0,跌↓,43.5,跌↓,✓,-0.95%,0.8427,412
2024-07-04,1485.74,跌↓,50.8,跌↓,✓,-2.20%,0.8427,413
2024-07-05,1453.0,涨↑,60.0,跌↓,✗,-2.27%,0.8236,414
2024-07-08,1420.0,涨↑,65.3,涨↑,✓,+1.27%,0.8341,415
2024-07-09,1438.03,涨↑,55.4,跌↓,✗,-0.03%,0.8338,416
2024-07-10,1437.59,跌↓,51.4,涨↑,✗,+1.70%,0.8338,417
2024-07-11,1462.09,跌↓,53.4,涨↑,✗,+1.14%,0.8338,418
2024-07-12,1478.82,跌↓,49.5,跌↓,✓,-0.27%,0.8338,419
2024-07-15,1474.9,跌↓,53.7,涨↑,✗,+0.07%,0.8338,420
2024-07-16,1476.0,跌↓,50.3,涨↑,✗,+1.72%,0.8338,421
2024-07-17,1501.4,跌↓,47.2,跌↓,✓,-0.26%,0.8338,422
2024-07-18,1497.51,跌↓,50.5,涨↑,✗,+1.88%,0.8338,423
2024-07-19,1525.62,跌↓,48.4,跌↓,✓,-1.74%,0.8338,424
2024-07-22,1499.0,跌↓,46.1,跌↓,✓,-2.94%,0.8338,425
2024-07-23,1455.0,涨↑,58.1,跌↓,✗,-1.03%,0.8252,426
2024-07-24,1440.02,涨↑,67.2,跌↓,✗,-0.66%,0.8198,427
2024-07-25,1430.49,涨↑,61.4,跌↓,✗,-0.58%,0.815,428
2024-07-26,1422.19,涨↑,63.4,跌↓,✗,-1.70%,0.8011,429
2024-07-01,1440.38,跌↓,46.0,涨↑,✗,+3.49%,0.8011,410
2024-07-02,1490.7,跌↓,47.9,涨↑,✗,+0.62%,0.8011,411
2024-07-03,1500.0,跌↓,40.3,跌↓,✓,-0.95%,0.8011,412
2024-07-04,1485.74,跌↓,54.5,跌↓,✓,-2.20%,0.8011,413
2024-07-05,1453.0,涨↑,65.2,跌↓,✗,-2.27%,0.7829,414
2024-07-08,1420.0,涨↑,66.9,涨↑,✓,+1.27%,0.7929,415
2024-07-09,1438.03,涨↑,62.7,跌↓,✗,-0.03%,0.7926,416
2024-07-10,1437.59,跌↓,52.6,涨↑,✗,+1.70%,0.7926,417
2024-07-11,1462.09,跌↓,50.3,涨↑,✗,+1.14%,0.7926,418
2024-07-12,1478.82,跌↓,41.9,跌↓,✓,-0.27%,0.7926,419
2024-07-15,1474.9,跌↓,41.3,涨↑,✗,+0.07%,0.7926,420
2024-07-16,1476.0,跌↓,40.7,涨↑,✗,+1.72%,0.7926,421
2024-07-17,1501.4,跌↓,41.2,跌↓,✓,-0.26%,0.7926,422
2024-07-18,1497.51,跌↓,41.4,涨↑,✗,+1.88%,0.7926,423
2024-07-19,1525.62,跌↓,37.7,跌↓,✓,-1.74%,0.7926,424
2024-07-22,1499.0,跌↓,40.3,跌↓,✓,-2.94%,0.7926,425
2024-07-23,1455.0,涨↑,59.3,跌↓,✗,-1.03%,0.7845,426
2024-07-24,1440.02,涨↑,66.7,跌↓,✗,-0.66%,0.7793,427
2024-07-25,1430.49,涨↑,62.8,跌↓,✗,-0.58%,0.7748,428
2024-07-26,1422.19,涨↑,62.6,跌↓,✗,-1.70%,0.7616,429
2024-07-29,1398.02,跌↓,52.4,跌↓,✓,-1.29%,0.7616,430
2024-07-30,1379.99,跌↓,52.3,涨↑,✗,+2.99%,0.7616,431
2024-07-31,1421.28,跌↓,50.8,跌↓,✓,-2.47%,0.7616,432
2024-08-01,1386.16,跌↓,50.7,跌↓,✓,-0.05%,0.7616,433
2024-08-02,1385.45,跌↓,45.0,涨↑,✗,+1.77%,0.7616,434
2024-08-05,1410.01,涨↑,66.4,跌↓,✗,-0.38%,0.7587,435
2024-08-06,1404.7,涨↑,65.8,涨↑,✓,+0.77%,0.7646,436
2024-08-07,1415.5,涨↑,68.7,涨↑,✓,+1.07%,0.7728,437
2024-08-08,1430.69,涨↑,68.4,涨↑,✓,+0.43%,0.7761,438
2024-08-09,1436.8,涨↑,65.8,跌↓,✗,-0.05%,0.7757,439
2024-07-15,1474.9,跌↓,44.8,涨↑,✗,+0.07%,0.7757,420
2024-07-16,1476.0,跌↓,40.0,涨↑,✗,+1.72%,0.7757,421
2024-07-17,1501.4,跌↓,43.4,跌↓,✓,-0.26%,0.7757,422
2024-07-18,1497.51,跌↓,42.9,涨↑,✗,+1.88%,0.7757,423
2024-07-19,1525.62,跌↓,43.5,跌↓,✓,-1.74%,0.7757,424
2024-07-22,1499.0,跌↓,41.9,跌↓,✓,-2.94%,0.7757,425
2024-07-23,1455.0,涨↑,56.9,跌↓,✗,-1.03%,0.7677,426
2024-07-24,1440.02,涨↑,65.2,跌↓,✗,-0.66%,0.7626,427
2024-07-25,1430.49,涨↑,62.1,跌↓,✗,-0.58%,0.7582,428
2024-07-26,1422.19,涨↑,59.4,跌↓,✗,-1.70%,0.7453,429
2024-07-29,1398.02,跌↓,51.8,跌↓,✓,-1.29%,0.7453,430
2024-07-30,1379.99,跌↓,54.9,涨↑,✗,+2.99%,0.7453,431
2024-07-31,1421.28,跌↓,47.0,跌↓,✓,-2.47%,0.7453,432
2024-08-01,1386.16,跌↓,51.7,跌↓,✓,-0.05%,0.7453,433
2024-08-02,1385.45,跌↓,43.3,涨↑,✗,+1.77%,0.7453,434
2024-08-05,1410.01,涨↑,63.9,跌↓,✗,-0.38%,0.7425,435
2024-08-06,1404.7,涨↑,65.2,涨↑,✓,+0.77%,0.7482,436
2024-08-07,1415.5,涨↑,66.4,涨↑,✓,+1.07%,0.7563,437
2024-08-08,1430.69,涨↑,68.7,涨↑,✓,+0.43%,0.7595,438
2024-08-09,1436.8,涨↑,65.8,跌↓,✗,-0.05%,0.7591,439
2024-08-12,1436.1,涨↑,66.9,跌↓,✗,-0.91%,0.7522,440
2024-08-13,1423.01,涨↑,59.6,跌↓,✗,-0.68%,0.7471,441
2024-08-14,1413.3,涨↑,56.4,涨↑,✓,+0.96%,0.7542,442
2024-08-15,1426.89,涨↑,58.4,涨↑,✓,+0.30%,0.7565,443
2024-08-16,1431.2,跌↓,46.0,跌↓,✓,-0.40%,0.7565,444
2024-08-19,1425.44,跌↓,49.2,跌↓,✓,-0.19%,0.7565,445
2024-08-20,1422.72,跌↓,38.0,跌↓,✓,-0.36%,0.7565,446
2024-08-21,1417.58,跌↓,52.3,跌↓,✓,-0.53%,0.7565,447
2024-08-22,1410.05,跌↓,54.6,涨↑,✗,+0.35%,0.7565,448
2024-08-23,1414.99,跌↓,39.5,跌↓,✓,-0.21%,0.7565,449
2024-07-29,1398.02,跌↓,48.0,跌↓,✓,-1.29%,0.7565,430
2024-07-30,1379.99,跌↓,50.7,涨↑,✗,+2.99%,0.7565,431
2024-07-31,1421.28,跌↓,49.1,跌↓,✓,-2.47%,0.7565,432
2024-08-01,1386.16,跌↓,48.6,跌↓,✓,-0.05%,0.7565,433
2024-08-02,1385.45,跌↓,43.4,涨↑,✗,+1.77%,0.7565,434
2024-08-05,1410.01,涨↑,64.8,跌↓,✗,-0.38%,0.7537,435
2024-08-06,1404.7,涨↑,65.1,涨↑,✓,+0.77%,0.7595,436
2024-08-07,1415.5,涨↑,64.4,涨↑,✓,+1.07%,0.7676,437
2024-08-08,1430.69,涨↑,67.6,涨↑,✓,+0.43%,0.7709,438
2024-08-09,1436.8,涨↑,63.0,跌↓,✗,-0.05%,0.7705,439
2024-08-12,1436.1,涨↑,64.5,跌↓,✗,-0.91%,0.7635,440
2024-08-13,1423.01,涨↑,63.0,跌↓,✗,-0.68%,0.7583,441
2024-08-14,1413.3,跌↓,52.7,涨↑,✗,+0.96%,0.7583,442
2024-08-15,1426.89,涨↑,61.9,涨↑,✓,+0.30%,0.7606,443
2024-08-16,1431.2,跌↓,51.6,跌↓,✓,-0.40%,0.7606,444
2024-08-19,1425.44,跌↓,52.8,跌↓,✓,-0.19%,0.7606,445
2024-08-20,1422.72,跌↓,40.6,跌↓,✓,-0.36%,0.7606,446
2024-08-21,1417.58,跌↓,51.6,跌↓,✓,-0.53%,0.7606,447
2024-08-22,1410.05,涨↑,58.1,涨↑,✓,+0.35%,0.7632,448
2024-08-23,1414.99,跌↓,41.1,跌↓,✓,-0.21%,0.7632,449
2024-08-26,1412.0,跌↓,41.6,跌↓,✓,-0.56%,0.7632,450
2024-08-27,1404.07,跌↓,46.0,跌↓,✓,-1.07%,0.7632,451
2024-08-28,1389.0,跌↓,40.6,涨↑,✗,+1.75%,0.7632,452
2024-08-29,1413.3,跌↓,52.1,涨↑,✗,+2.11%,0.7632,453
2024-08-30,1443.19,跌↓,48.6,跌↓,✓,-3.34%,0.7632,454
2024-09-02,1395.0,跌↓,40.3,涨↑,✗,+1.08%,0.7632,455
2024-09-03,1410.0,跌↓,45.7,跌↓,✓,-0.71%,0.7632,456
2024-09-04,1400.0,涨↑,58.1,涨↑,✓,+0.35%,0.7659,457
2024-09-05,1404.88,跌↓,48.5,跌↓,✓,-0.49%,0.7659,458
2024-09-06,1398.0,跌↓,54.4,跌↓,✓,-1.65%,0.7659,459
2024-08-12,1436.1,涨↑,62.1,跌↓,✗,-0.91%,0.7589,440
2024-08-13,1423.01,涨↑,58.4,跌↓,✗,-0.68%,0.7537,441
2024-08-14,1413.3,跌↓,54.1,涨↑,✗,+0.96%,0.7537,442
2024-08-15,1426.89,涨↑,58.3,涨↑,✓,+0.30%,0.756,443
2024-08-16,1431.2,跌↓,42.9,跌↓,✓,-0.40%,0.756,444
2024-08-19,1425.44,跌↓,53.0,跌↓,✓,-0.19%,0.756,445
2024-08-20,1422.72,跌↓,37.2,跌↓,✓,-0.36%,0.756,446
2024-08-21,1417.58,跌↓,49.7,跌↓,✓,-0.53%,0.756,447
2024-08-22,1410.05,跌↓,50.6,涨↑,✗,+0.35%,0.756,448
2024-08-23,1414.99,跌↓,38.8,跌↓,✓,-0.21%,0.756,449
2024-08-26,1412.0,跌↓,39.3,跌↓,✓,-0.56%,0.756,450
2024-08-27,1404.07,跌↓,47.1,跌↓,✓,-1.07%,0.756,451
2024-08-28,1389.0,跌↓,43.2,涨↑,✗,+1.75%,0.756,452
2024-08-29,1413.3,跌↓,46.0,涨↑,✗,+2.11%,0.756,453
2024-08-30,1443.19,跌↓,41.1,跌↓,✓,-3.34%,0.756,454
2024-09-02,1395.0,跌↓,41.0,涨↑,✗,+1.08%,0.756,455
2024-09-03,1410.0,跌↓,43.1,跌↓,✓,-0.71%,0.756,456
2024-09-04,1400.0,跌↓,49.0,涨↑,✗,+0.35%,0.756,457
2024-09-05,1404.88,跌↓,49.0,跌↓,✓,-0.49%,0.756,458
2024-09-06,1398.0,跌↓,46.6,跌↓,✓,-1.65%,0.756,459
2024-09-09,1375.0,涨↑,58.4,涨↑,✓,+0.22%,0.7577,460
2024-09-10,1378.0,跌↓,50.4,涨↑,✗,+0.15%,0.7577,461
2024-09-11,1380.0,跌↓,50.9,跌↓,✓,-3.26%,0.7577,462
2024-09-12,1335.06,涨↑,59.7,跌↓,✗,-2.32%,0.7401,463
2024-09-13,1304.13,涨↑,63.7,跌↓,✗,-2.85%,0.719,464
2024-09-18,1266.9,涨↑,60.7,跌↓,✗,-0.47%,0.7156,465
2024-09-19,1261.0,跌↓,55.8,涨↑,✗,+0.23%,0.7156,466
2024-09-20,1263.92,跌↓,52.4,跌↓,✓,-0.19%,0.7156,467
2024-09-23,1261.54,跌↓,56.2,涨↑,✗,+8.80%,0.7156,468
2024-09-24,1372.6,跌↓,56.8,涨↑,✗,+1.92%,0.7156,469
2024-08-26,1412.0,跌↓,38.0,跌↓,✓,-0.56%,0.7156,450
2024-08-27,1404.07,跌↓,46.1,跌↓,✓,-1.07%,0.7156,451
2024-08-28,1389.0,跌↓,42.7,涨↑,✗,+1.75%,0.7156,452
2024-08-29,1413.3,跌↓,47.3,涨↑,✗,+2.11%,0.7156,453
2024-08-30,1443.19,跌↓,43.7,跌↓,✓,-3.34%,0.7156,454
2024-09-02,1395.0,跌↓,40.3,涨↑,✗,+1.08%,0.7156,455
2024-09-03,1410.0,跌↓,41.1,跌↓,✓,-0.71%,0.7156,456
2024-09-04,1400.0,跌↓,50.2,涨↑,✗,+0.35%,0.7156,457
2024-09-05,1404.88,跌↓,45.6,跌↓,✓,-0.49%,0.7156,458
2024-09-06,1398.0,跌↓,51.4,跌↓,✓,-1.65%,0.7156,459
2024-09-09,1375.0,跌↓,57.9,涨↑,✗,+0.22%,0.7156,460
2024-09-10,1378.0,跌↓,50.4,涨↑,✗,+0.15%,0.7156,461
2024-09-11,1380.0,跌↓,51.3,跌↓,✓,-3.26%,0.7156,462
2024-09-12,1335.06,跌↓,57.3,跌↓,✓,-2.32%,0.7156,463
2024-09-13,1304.13,涨↑,63.4,跌↓,✗,-2.85%,0.6952,464
2024-09-18,1266.9,跌↓,53.4,跌↓,✓,-0.47%,0.6952,465
2024-09-19,1261.0,跌↓,51.4,涨↑,✗,+0.23%,0.6952,466
2024-09-20,1263.92,跌↓,47.4,跌↓,✓,-0.19%,0.6952,467
2024-09-23,1261.54,跌↓,52.0,涨↑,✗,+8.80%,0.6952,468
2024-09-24,1372.6,跌↓,54.4,涨↑,✗,+1.92%,0.6952,469
2024-09-25,1399.0,跌↓,51.6,涨↑,✗,+9.29%,0.6952,470
2024-09-26,1529.0,跌↓,45.3,涨↑,✗,+6.55%,0.6952,471
2024-09-27,1629.2,跌↓,42.2,涨↑,✗,+7.29%,0.6952,472
2024-09-30,1748.0,跌↓,45.4,跌↓,✓,-1.43%,0.6952,473
2024-10-08,1723.0,跌↓,48.7,跌↓,✓,-7.42%,0.6952,474
2024-10-09,1595.15,跌↓,42.9,涨↑,✗,+2.81%,0.6952,475
2024-10-10,1640.0,跌↓,54.7,跌↓,✓,-2.13%,0.6952,476
2024-10-11,1604.99,涨↑,59.4,跌↓,✗,-0.19%,0.6939,477
2024-10-14,1601.99,跌↓,53.9,跌↓,✓,-2.98%,0.6939,478
2024-10-15,1554.25,涨↑,59.5,跌↓,✗,-2.04%,0.6797,479
2024-09-09,1375.0,涨↑,64.8,涨↑,✓,+0.22%,0.6812,460
2024-09-10,1378.0,跌↓,55.3,涨↑,✗,+0.15%,0.6812,461
2024-09-11,1380.0,跌↓,52.8,跌↓,✓,-3.26%,0.6812,462
2024-09-12,1335.06,涨↑,61.0,跌↓,✗,-2.32%,0.6654,463
2024-09-13,1304.13,涨↑,66.2,跌↓,✗,-2.85%,0.6464,464
2024-09-18,1266.9,跌↓,55.9,跌↓,✓,-0.47%,0.6464,465
2024-09-19,1261.0,跌↓,55.6,涨↑,✗,+0.23%,0.6464,466
2024-09-20,1263.92,跌↓,45.9,跌↓,✓,-0.19%,0.6464,467
2024-09-23,1261.54,跌↓,54.0,涨↑,✗,+8.80%,0.6464,468
2024-09-24,1372.6,跌↓,51.7,涨↑,✗,+1.92%,0.6464,469
2024-09-25,1399.0,跌↓,50.1,涨↑,✗,+9.29%,0.6464,470
2024-09-26,1529.0,跌↓,45.1,涨↑,✗,+6.55%,0.6464,471
2024-09-27,1629.2,跌↓,41.4,涨↑,✗,+7.29%,0.6464,472
2024-09-30,1748.0,跌↓,46.1,跌↓,✓,-1.43%,0.6464,473
2024-10-08,1723.0,跌↓,47.6,跌↓,✓,-7.42%,0.6464,474
2024-10-09,1595.15,跌↓,42.0,涨↑,✗,+2.81%,0.6464,475
2024-10-10,1640.0,跌↓,52.7,跌↓,✓,-2.13%,0.6464,476
2024-10-11,1604.99,跌↓,58.8,跌↓,✓,-0.19%,0.6464,477
2024-10-14,1601.99,跌↓,51.8,跌↓,✓,-2.98%,0.6464,478
2024-10-15,1554.25,跌↓,58.0,跌↓,✓,-2.04%,0.6464,479
2024-10-16,1522.5,跌↓,56.9,跌↓,✓,-1.83%,0.6464,480
2024-10-17,1494.6,涨↑,66.4,涨↑,✓,+3.10%,0.6665,481
2024-10-18,1541.0,涨↑,59.6,跌↓,✗,-0.79%,0.6612,482
2024-10-21,1528.8,跌↓,55.3,涨↑,✗,+0.93%,0.6612,483
2024-10-22,1543.0,跌↓,53.8,涨↑,✗,+1.59%,0.6612,484
2024-10-23,1567.5,跌↓,54.5,跌↓,✓,-0.98%,0.6612,485
2024-10-24,1552.2,跌↓,58.1,涨↑,✗,+0.43%,0.6612,486
2024-10-25,1558.85,涨↑,61.9,涨↑,✓,+0.39%,0.6638,487
2024-10-28,1565.0,跌↓,57.0,跌↓,✓,-2.13%,0.6638,488
2024-10-29,1531.62,跌↓,57.5,涨↑,✗,+0.02%,0.6638,489
2024-09-25,1399.0,跌↓,58.8,涨↑,✗,+9.29%,0.6638,470
2024-09-26,1529.0,跌↓,54.6,涨↑,✗,+6.55%,0.6638,471
2024-09-27,1629.2,跌↓,50.1,涨↑,✗,+7.29%,0.6638,472
2024-09-30,1748.0,跌↓,51.5,跌↓,✓,-1.43%,0.6638,473
2024-10-08,1723.0,跌↓,50.7,跌↓,✓,-7.42%,0.6638,474
2024-10-09,1595.15,跌↓,43.6,涨↑,✗,+2.81%,0.6638,475
2024-10-10,1640.0,跌↓,49.6,跌↓,✓,-2.13%,0.6638,476
2024-10-11,1604.99,涨↑,59.2,跌↓,✗,-0.19%,0.6626,477
2024-10-14,1601.99,跌↓,49.0,跌↓,✓,-2.98%,0.6626,478
2024-10-15,1554.25,跌↓,52.0,跌↓,✓,-2.04%,0.6626,479
2024-10-16,1522.5,跌↓,56.4,跌↓,✓,-1.83%,0.6626,480
2024-10-17,1494.6,涨↑,65.3,涨↑,✓,+3.10%,0.6832,481
2024-10-18,1541.0,涨↑,61.7,跌↓,✗,-0.79%,0.6778,482
2024-10-21,1528.8,跌↓,53.9,涨↑,✗,+0.93%,0.6778,483
2024-10-22,1543.0,跌↓,55.6,涨↑,✗,+1.59%,0.6778,484
2024-10-23,1567.5,跌↓,57.0,跌↓,✓,-0.98%,0.6778,485
2024-10-24,1552.2,跌↓,56.2,涨↑,✗,+0.43%,0.6778,486
2024-10-25,1558.85,涨↑,61.9,涨↑,✓,+0.39%,0.6804,487
2024-10-28,1565.0,涨↑,60.7,跌↓,✗,-2.13%,0.6659,488
2024-10-29,1531.62,跌↓,57.3,涨↑,✗,+0.02%,0.6659,489
2024-10-30,1532.0,涨↑,59.5,跌↓,✗,-0.27%,0.6641,490
2024-10-31,1527.79,涨↑,62.8,涨↑,✓,+0.39%,0.6667,491
2024-11-01,1533.75,跌↓,57.5,涨↑,✗,+0.94%,0.6667,492
2024-11-04,1548.2,跌↓,49.8,涨↑,✗,+1.86%,0.6667,493
2024-11-05,1576.99,跌↓,50.5,跌↓,✓,-0.38%,0.6667,494
2024-11-06,1571.0,跌↓,55.6,涨↑,✗,+4.97%,0.6667,495
2024-11-07,1649.14,跌↓,47.1,跌↓,✓,-2.38%,0.6667,496
2024-11-08,1609.97,跌↓,49.7,跌↓,✓,-0.74%,0.6667,497
2024-11-11,1598.01,跌↓,45.6,跌↓,✓,-1.30%,0.6667,498
2024-11-12,1577.2,跌↓,57.6,涨↑,✗,+0.08%,0.6667,499
2024-10-16,1522.5,跌↓,47.3,跌↓,✓,-1.83%,0.6667,480
2024-10-17,1494.6,涨↑,58.0,涨↑,✓,+3.10%,0.6874,481
2024-10-18,1541.0,跌↓,57.5,跌↓,✓,-0.79%,0.6874,482
2024-10-21,1528.8,跌↓,57.2,涨↑,✗,+0.93%,0.6874,483
2024-10-22,1543.0,跌↓,53.5,涨↑,✗,+1.59%,0.6874,484
2024-10-23,1567.5,跌↓,57.9,跌↓,✓,-0.98%,0.6874,485
2024-10-24,1552.2,涨↑,59.9,涨↑,✓,+0.43%,0.6903,486
2024-10-25,1558.85,跌↓,57.8,涨↑,✗,+0.39%,0.6903,487
2024-10-28,1565.0,涨↑,58.9,跌↓,✗,-2.13%,0.6756,488
2024-10-29,1531.62,跌↓,55.9,涨↑,✗,+0.02%,0.6756,489
2024-10-30,1532.0,跌↓,57.7,跌↓,✓,-0.27%,0.6756,490
2024-10-31,1527.79,跌↓,54.4,涨↑,✗,+0.39%,0.6756,491
2024-11-01,1533.75,跌↓,51.5,涨↑,✗,+0.94%,0.6756,492
2024-11-04,1548.2,跌↓,45.2,涨↑,✗,+1.86%,0.6756,493
2024-11-05,1576.99,跌↓,46.2,跌↓,✓,-0.38%,0.6756,494
2024-11-06,1571.0,跌↓,55.4,涨↑,✗,+4.97%,0.6756,495
2024-11-07,1649.14,跌↓,46.8,跌↓,✓,-2.38%,0.6756,496
2024-11-08,1609.97,跌↓,46.0,跌↓,✓,-0.74%,0.6756,497
2024-11-11,1598.01,跌↓,38.7,跌↓,✓,-1.30%,0.6756,498
2024-11-12,1577.2,跌↓,49.3,涨↑,✗,+0.08%,0.6756,499
2024-11-13,1578.5,跌↓,42.9,跌↓,✓,-0.30%,0.6756,500
2024-11-14,1573.8,跌↓,52.1,跌↓,✓,-0.94%,0.6756,501
2024-11-15,1559.0,跌↓,55.3,跌↓,✓,+0.00%,0.6756,502
2024-11-18,1559.0,涨↑,59.0,跌↓,✗,-1.10%,0.6682,503
2024-11-19,1541.92,涨↑,60.8,涨↑,✓,+0.19%,0.6695,504
2024-11-20,1544.81,跌↓,51.8,涨↑,✗,+0.02%,0.6695,505
2024-11-21,1545.13,跌↓,49.8,跌↓,✓,-2.41%,0.6695,506
2024-11-22,1507.82,跌↓,54.9,跌↓,✓,-0.61%,0.6695,507
2024-11-25,1498.57,涨↑,59.3,涨↑,✓,+0.70%,0.6741,508
2024-11-26,1509.0,跌↓,55.9,涨↑,✗,+0.67%,0.6741,509
2024-10-30,1532.0,涨↑,57.3,跌↓,✗,-0.27%,0.6723,490
2024-10-31,1527.79,跌↓,55.6,涨↑,✗,+0.39%,0.6723,491
2024-11-01,1533.75,跌↓,50.6,涨↑,✗,+0.94%,0.6723,492
2024-11-04,1548.2,跌↓,43.2,涨↑,✗,+1.86%,0.6723,493
2024-11-05,1576.99,跌↓,42.6,跌↓,✓,-0.38%,0.6723,494
2024-11-06,1571.0,跌↓,54.7,涨↑,✗,+4.97%,0.6723,495
2024-11-07,1649.14,跌↓,43.6,跌↓,✓,-2.38%,0.6723,496
2024-11-08,1609.97,跌↓,45.2,跌↓,✓,-0.74%,0.6723,497
2024-11-11,1598.01,跌↓,38.7,跌↓,✓,-1.30%,0.6723,498
2024-11-12,1577.2,跌↓,49.2,涨↑,✗,+0.08%,0.6723,499
2024-11-13,1578.5,跌↓,39.3,跌↓,✓,-0.30%,0.6723,500
2024-11-14,1573.8,跌↓,49.9,跌↓,✓,-0.94%,0.6723,501
2024-11-15,1559.0,跌↓,52.4,跌↓,✓,+0.00%,0.6723,502
2024-11-18,1559.0,跌↓,55.0,跌↓,✓,-1.10%,0.6723,503
2024-11-19,1541.92,涨↑,59.7,涨↑,✓,+0.19%,0.6735,504
2024-11-20,1544.81,跌↓,52.0,涨↑,✗,+0.02%,0.6735,505
2024-11-21,1545.13,跌↓,47.7,跌↓,✓,-2.41%,0.6735,506
2024-11-22,1507.82,跌↓,50.8,跌↓,✓,-0.61%,0.6735,507
2024-11-25,1498.57,涨↑,57.6,涨↑,✓,+0.70%,0.6782,508
2024-11-26,1509.0,跌↓,55.3,涨↑,✗,+0.67%,0.6782,509
2024-11-27,1519.05,跌↓,49.0,跌↓,✓,-0.07%,0.6782,510
2024-11-28,1518.0,跌↓,50.5,涨↑,✗,+0.51%,0.6782,511
2024-11-29,1525.74,跌↓,55.7,跌↓,✓,-0.05%,0.6782,512
2024-12-02,1525.0,跌↓,54.9,涨↑,✗,+0.11%,0.6782,513
2024-12-03,1526.74,跌↓,53.2,跌↓,✓,-0.44%,0.6782,514
2024-12-04,1520.0,涨↑,58.1,跌↓,✗,-0.59%,0.6742,515
2024-12-05,1511.0,跌↓,54.0,涨↑,✗,+0.66%,0.6742,516
2024-12-06,1521.01,跌↓,52.6,跌↓,✓,-0.15%,0.6742,517
2024-12-09,1518.8,跌↓,53.7,涨↑,✗,+1.83%,0.6742,518
2024-12-10,1546.59,跌↓,43.0,跌↓,✓,-0.71%,0.6742,519
2024-11-13,1578.5,跌↓,43.2,跌↓,✓,-0.30%,0.6742,500
2024-11-14,1573.8,跌↓,54.2,跌↓,✓,-0.94%,0.6742,501
2024-11-15,1559.0,跌↓,55.3,跌↓,✓,+0.00%,0.6742,502
2024-11-18,1559.0,跌↓,56.6,跌↓,✓,-1.10%,0.6742,503
2024-11-19,1541.92,涨↑,60.7,涨↑,✓,+0.19%,0.6755,504
2024-11-20,1544.81,跌↓,51.9,涨↑,✗,+0.02%,0.6755,505
2024-11-21,1545.13,跌↓,48.0,跌↓,✓,-2.41%,0.6755,506
2024-11-22,1507.82,跌↓,54.2,跌↓,✓,-0.61%,0.6755,507
2024-11-25,1498.57,涨↑,59.8,涨↑,✓,+0.70%,0.6802,508
2024-11-26,1509.0,涨↑,61.3,涨↑,✓,+0.67%,0.6847,509
2024-11-27,1519.05,跌↓,50.2,跌↓,✓,-0.07%,0.6847,510
2024-11-28,1518.0,跌↓,56.1,涨↑,✗,+0.51%,0.6847,511
2024-11-29,1525.74,跌↓,52.3,跌↓,✓,-0.05%,0.6847,512
2024-12-02,1525.0,跌↓,52.5,涨↑,✗,+0.11%,0.6847,513
2024-12-03,1526.74,跌↓,51.4,跌↓,✓,-0.44%,0.6847,514
2024-12-04,1520.0,涨↑,58.0,跌↓,✗,-0.59%,0.6806,515
2024-12-05,1511.0,跌↓,50.2,涨↑,✗,+0.66%,0.6806,516
2024-12-06,1521.01,跌↓,51.7,跌↓,✓,-0.15%,0.6806,517
2024-12-09,1518.8,跌↓,52.8,涨↑,✗,+1.83%,0.6806,518
2024-12-10,1546.59,跌↓,41.2,跌↓,✓,-0.71%,0.6806,519
2024-12-11,1535.6,跌↓,52.6,涨↑,✗,+1.97%,0.6806,520
2024-12-12,1565.8,跌↓,40.8,跌↓,✓,-2.99%,0.6806,521
2024-12-13,1519.0,跌↓,54.4,涨↑,✗,+0.54%,0.6806,522
2024-12-16,1527.2,跌↓,48.5,涨↑,✗,+2.02%,0.6806,523
2024-12-17,1558.0,跌↓,57.2,涨↑,✗,+0.87%,0.6806,524
2024-12-18,1571.5,跌↓,42.2,跌↓,✓,-1.30%,0.6806,525
2024-12-19,1551.01,跌↓,53.9,跌↓,✓,-1.87%,0.6806,526
2024-12-20,1522.0,跌↓,49.9,涨↑,✗,+0.29%,0.6806,527
2024-12-23,1526.45,跌↓,50.4,涨↑,✗,+0.81%,0.6806,528
2024-12-24,1538.82,跌↓,39.3,跌↓,✓,-0.57%,0.6806,529
2024-11-27,1519.05,跌↓,51.5,跌↓,✓,-0.07%,0.6806,510
2024-11-28,1518.0,涨↑,59.6,涨↑,✓,+0.51%,0.6841,511
2024-11-29,1525.74,跌↓,56.0,跌↓,✓,-0.05%,0.6841,512
2024-12-02,1525.0,涨↑,58.1,涨↑,✓,+0.11%,0.6849,513
2024-12-03,1526.74,跌↓,55.1,跌↓,✓,-0.44%,0.6849,514
2024-12-04,1520.0,涨↑,60.1,跌↓,✗,-0.59%,0.6808,515
2024-12-05,1511.0,跌↓,48.8,涨↑,✗,+0.66%,0.6808,516
2024-12-06,1521.01,跌↓,54.2,跌↓,✓,-0.15%,0.6808,517
2024-12-09,1518.8,跌↓,54.6,涨↑,✗,+1.83%,0.6808,518
2024-12-10,1546.59,跌↓,45.9,跌↓,✓,-0.71%,0.6808,519
2024-12-11,1535.6,跌↓,48.6,涨↑,✗,+1.97%,0.6808,520
2024-12-12,1565.8,跌↓,44.7,跌↓,✓,-2.99%,0.6808,521
2024-12-13,1519.0,涨↑,59.1,涨↑,✓,+0.54%,0.6845,522
2024-12-16,1527.2,跌↓,46.0,涨↑,✗,+2.02%,0.6845,523
2024-12-17,1558.0,跌↓,55.5,涨↑,✗,+0.87%,0.6845,524
2024-12-18,1571.5,跌↓,36.3,跌↓,✓,-1.30%,0.6845,525
2024-12-19,1551.01,跌↓,46.7,跌↓,✓,-1.87%,0.6845,526
2024-12-20,1522.0,跌↓,48.6,涨↑,✗,+0.29%,0.6845,527
2024-12-23,1526.45,跌↓,47.5,涨↑,✗,+0.81%,0.6845,528
2024-12-24,1538.82,跌↓,37.5,跌↓,✓,-0.57%,0.6845,529
2024-12-25,1530.0,跌↓,47.8,跌↓,✓,-0.14%,0.6845,530
2024-12-26,1527.79,跌↓,47.6,涨↑,✗,+0.08%,0.6845,531
2024-12-27,1528.97,跌↓,43.4,跌↓,✓,-0.26%,0.6845,532
2024-12-30,1525.0,跌↓,44.5,跌↓,✓,-0.07%,0.6845,533
2024-12-31,1524.0,跌↓,54.5,跌↓,✓,-2.36%,0.6845,534
2025-01-02,1488.0,跌↓,57.1,跌↓,✓,-0.87%,0.6845,535
2025-01-03,1475.0,跌↓,53.6,跌↓,✓,-2.37%,0.6845,536
2025-01-06,1440.0,涨↑,65.0,涨↑,✓,+0.01%,0.6846,537
2025-01-07,1440.2,涨↑,59.8,涨↑,✓,+0.16%,0.6857,538
2025-01-08,1442.5,跌↓,49.3,涨↑,✗,+0.10%,0.6857,539
2024-12-11,1535.6,跌↓,49.2,涨↑,✗,+1.97%,0.6857,520
2024-12-12,1565.8,跌↓,41.1,跌↓,✓,-2.99%,0.6857,521
2024-12-13,1519.0,跌↓,54.8,涨↑,✗,+0.54%,0.6857,522
2024-12-16,1527.2,跌↓,43.8,涨↑,✗,+2.02%,0.6857,523
2024-12-17,1558.0,跌↓,53.8,涨↑,✗,+0.87%,0.6857,524
2024-12-18,1571.5,跌↓,36.3,跌↓,✓,-1.30%,0.6857,525
2024-12-19,1551.01,跌↓,49.8,跌↓,✓,-1.87%,0.6857,526
2024-12-20,1522.0,跌↓,48.9,涨↑,✗,+0.29%,0.6857,527
2024-12-23,1526.45,跌↓,45.5,涨↑,✗,+0.81%,0.6857,528
2024-12-24,1538.82,跌↓,35.0,跌↓,✓,-0.57%,0.6857,529
2024-12-25,1530.0,跌↓,49.6,跌↓,✓,-0.14%,0.6857,530
2024-12-26,1527.79,跌↓,45.0,涨↑,✗,+0.08%,0.6857,531
2024-12-27,1528.97,跌↓,38.4,跌↓,✓,-0.26%,0.6857,532
2024-12-30,1525.0,跌↓,41.6,跌↓,✓,-0.07%,0.6857,533
2024-12-31,1524.0,跌↓,53.3,跌↓,✓,-2.36%,0.6857,534
2025-01-02,1488.0,涨↑,58.6,跌↓,✗,-0.87%,0.6797,535
2025-01-03,1475.0,跌↓,56.1,跌↓,✓,-2.37%,0.6797,536
2025-01-06,1440.0,涨↑,66.2,涨↑,✓,+0.01%,0.6798,537
2025-01-07,1440.2,涨↑,59.0,涨↑,✓,+0.16%,0.6809,538
2025-01-08,1442.5,跌↓,48.1,涨↑,✗,+0.10%,0.6809,539
2025-01-09,1444.0,跌↓,51.1,跌↓,✓,-0.55%,0.6809,540
2025-01-10,1436.0,跌↓,47.2,涨↑,✗,+0.56%,0.6809,541
2025-01-13,1443.98,跌↓,54.2,涨↑,✗,+1.98%,0.6809,542
2025-01-14,1472.5,跌↓,53.3,跌↓,✓,-0.08%,0.6809,543
2025-01-15,1471.27,涨↑,58.8,跌↓,✗,-1.69%,0.6694,544
2025-01-16,1446.38,涨↑,58.5,涨↑,✓,+0.58%,0.6732,545
2025-01-17,1454.75,跌↓,51.9,涨↑,✗,+1.38%,0.6732,546
2025-01-20,1474.8,跌↓,53.0,跌↓,✓,-0.45%,0.6732,547
2025-01-21,1468.15,跌↓,46.2,跌↓,✓,-1.85%,0.6732,548
2025-01-22,1441.0,涨↑,61.1,涨↑,✓,+0.14%,0.6742,549
2024-12-25,1530.0,跌↓,52.2,跌↓,✓,-0.14%,0.6742,530
2024-12-26,1527.79,跌↓,46.8,涨↑,✗,+0.08%,0.6742,531
2024-12-27,1528.97,跌↓,41.6,跌↓,✓,-0.26%,0.6742,532
2024-12-30,1525.0,跌↓,43.6,跌↓,✓,-0.07%,0.6742,533
2024-12-31,1524.0,跌↓,52.9,跌↓,✓,-2.36%,0.6742,534
2025-01-02,1488.0,涨↑,57.2,跌↓,✗,-0.87%,0.6683,535
2025-01-03,1475.0,跌↓,53.6,跌↓,✓,-2.37%,0.6683,536
2025-01-06,1440.0,涨↑,66.8,涨↑,✓,+0.01%,0.6684,537
2025-01-07,1440.2,涨↑,59.1,涨↑,✓,+0.16%,0.6694,538
2025-01-08,1442.5,跌↓,46.5,涨↑,✗,+0.10%,0.6694,539
2025-01-09,1444.0,跌↓,53.4,跌↓,✓,-0.55%,0.6694,540
2025-01-10,1436.0,跌↓,47.4,涨↑,✗,+0.56%,0.6694,541
2025-01-13,1443.98,跌↓,53.9,涨↑,✗,+1.98%,0.6694,542
2025-01-14,1472.5,跌↓,53.1,跌↓,✓,-0.08%,0.6694,543
2025-01-15,1471.27,涨↑,60.4,跌↓,✗,-1.69%,0.6581,544
2025-01-16,1446.38,跌↓,56.0,涨↑,✗,+0.58%,0.6581,545
2025-01-17,1454.75,跌↓,53.4,涨↑,✗,+1.38%,0.6581,546
2025-01-20,1474.8,跌↓,55.6,跌↓,✓,-0.45%,0.6581,547
2025-01-21,1468.15,跌↓,46.4,跌↓,✓,-1.85%,0.6581,548
2025-01-22,1441.0,涨↑,63.7,涨↑,✓,+0.14%,0.659,549
2025-01-23,1443.0,涨↑,62.1,跌↓,✗,-0.49%,0.6558,550
2025-01-24,1436.0,跌↓,56.8,跌↓,✓,-0.07%,0.6558,551
2025-01-27,1434.99,涨↑,61.1,跌↓,✗,-2.17%,0.6416,552
2025-02-05,1403.8,涨↑,58.3,涨↑,✓,+0.64%,0.6457,553
2025-02-06,1412.84,跌↓,41.4,涨↑,✗,+1.64%,0.6457,554
2025-02-07,1436.0,跌↓,51.5,跌↓,✓,-0.31%,0.6457,555
2025-02-10,1431.51,跌↓,52.4,跌↓,✓,-0.94%,0.6457,556
2025-02-11,1418.0,跌↓,54.3,涨↑,✗,+1.76%,0.6457,557
2025-02-12,1443.0,跌↓,40.1,涨↑,✗,+1.53%,0.6457,558
2025-02-13,1465.06,跌↓,41.7,涨↑,✗,+0.68%,0.6457,559
2025-01-09,1444.0,跌↓,56.1,跌↓,✓,-0.55%,0.6457,540
2025-01-10,1436.0,跌↓,43.4,涨↑,✗,+0.56%,0.6457,541
2025-01-13,1443.98,跌↓,50.6,涨↑,✗,+1.98%,0.6457,542
2025-01-14,1472.5,跌↓,54.7,跌↓,✓,-0.08%,0.6457,543
2025-01-15,1471.27,涨↑,60.4,跌↓,✗,-1.69%,0.6348,544
2025-01-16,1446.38,跌↓,57.3,涨↑,✗,+0.58%,0.6348,545
2025-01-17,1454.75,跌↓,52.0,涨↑,✗,+1.38%,0.6348,546
2025-01-20,1474.8,跌↓,55.5,跌↓,✓,-0.45%,0.6348,547
2025-01-21,1468.15,跌↓,43.7,跌↓,✓,-1.85%,0.6348,548
2025-01-22,1441.0,涨↑,66.3,涨↑,✓,+0.14%,0.6357,549
2025-01-23,1443.0,涨↑,63.1,跌↓,✗,-0.49%,0.6326,550
2025-01-24,1436.0,跌↓,56.9,跌↓,✓,-0.07%,0.6326,551
2025-01-27,1434.99,涨↑,58.6,跌↓,✗,-2.17%,0.6188,552
2025-02-05,1403.8,涨↑,59.5,涨↑,✓,+0.64%,0.6228,553
2025-02-06,1412.84,跌↓,43.7,涨↑,✗,+1.64%,0.6228,554
2025-02-07,1436.0,跌↓,52.0,跌↓,✓,-0.31%,0.6228,555
2025-02-10,1431.51,跌↓,51.6,跌↓,✓,-0.94%,0.6228,556
2025-02-11,1418.0,跌↓,50.5,涨↑,✗,+1.76%,0.6228,557
2025-02-12,1443.0,跌↓,42.2,涨↑,✗,+1.53%,0.6228,558
2025-02-13,1465.06,跌↓,40.5,涨↑,✗,+0.68%,0.6228,559
2025-02-14,1475.0,跌↓,30.2,跌↓,✓,-0.23%,0.6228,560
2025-02-17,1471.62,跌↓,46.6,涨↑,✗,+0.23%,0.6228,561
2025-02-18,1475.0,跌↓,36.4,涨↑,✗,+1.08%,0.6228,562
2025-02-19,1491.0,跌↓,30.4,跌↓,✓,-1.14%,0.6228,563
2025-02-20,1474.0,跌↓,39.3,涨↑,✗,+0.96%,0.6228,564
2025-02-21,1488.21,跌↓,35.3,跌↓,✓,-0.61%,0.6228,565
2025-02-24,1479.07,跌↓,44.5,跌↓,✓,-1.69%,0.6228,566
2025-02-25,1454.0,跌↓,40.6,涨↑,✗,+0.41%,0.6228,567
2025-02-26,1460.01,跌↓,27.1,涨↑,✗,+1.75%,0.6228,568
2025-02-27,1485.56,跌↓,30.0,涨↑,✗,+1.03%,0.6228,569
2025-01-23,1443.0,涨↑,61.8,跌↓,✗,-0.49%,0.6198,550
2025-01-24,1436.0,涨↑,57.9,跌↓,✗,-0.07%,0.6194,551
2025-01-27,1434.99,跌↓,56.8,跌↓,✓,-2.17%,0.6194,552
2025-02-05,1403.8,涨↑,60.8,涨↑,✓,+0.64%,0.6233,553
2025-02-06,1412.84,跌↓,45.3,涨↑,✗,+1.64%,0.6233,554
2025-02-07,1436.0,跌↓,50.4,跌↓,✓,-0.31%,0.6233,555
2025-02-10,1431.51,跌↓,52.8,跌↓,✓,-0.94%,0.6233,556
2025-02-11,1418.0,跌↓,55.8,涨↑,✗,+1.76%,0.6233,557
2025-02-12,1443.0,跌↓,44.3,涨↑,✗,+1.53%,0.6233,558
2025-02-13,1465.06,跌↓,38.2,涨↑,✗,+0.68%,0.6233,559
2025-02-14,1475.0,跌↓,29.4,跌↓,✓,-0.23%,0.6233,560
2025-02-17,1471.62,跌↓,43.5,涨↑,✗,+0.23%,0.6233,561
2025-02-18,1475.0,跌↓,37.6,涨↑,✗,+1.08%,0.6233,562
2025-02-19,1491.0,跌↓,28.7,跌↓,✓,-1.14%,0.6233,563
2025-02-20,1474.0,跌↓,39.3,涨↑,✗,+0.96%,0.6233,564
2025-02-21,1488.21,跌↓,33.2,跌↓,✓,-0.61%,0.6233,565
2025-02-24,1479.07,跌↓,40.5,跌↓,✓,-1.69%,0.6233,566
2025-02-25,1454.0,跌↓,39.9,涨↑,✗,+0.41%,0.6233,567
2025-02-26,1460.01,跌↓,27.0,涨↑,✗,+1.75%,0.6233,568
2025-02-27,1485.56,跌↓,28.5,涨↑,✗,+1.03%,0.6233,569
2025-02-28,1500.79,跌↓,35.0,跌↓,✓,-0.92%,0.6233,570
2025-03-03,1487.02,跌↓,52.6,跌↓,✓,-1.14%,0.6233,571
2025-03-04,1470.11,跌↓,52.5,跌↓,✓,-0.25%,0.6233,572
2025-03-05,1466.37,跌↓,47.2,涨↑,✗,+2.70%,0.6233,573
2025-03-06,1505.98,跌↓,37.9,涨↑,✗,+1.00%,0.6233,574
2025-03-07,1521.0,跌↓,41.0,涨↑,✗,+0.12%,0.6233,575
2025-03-10,1522.9,跌↓,32.9,涨↑,✗,+1.69%,0.6233,576
2025-03-11,1548.68,跌↓,28.6,跌↓,✓,-0.39%,0.6233,577
2025-03-12,1542.58,跌↓,36.6,跌↓,✓,-0.31%,0.6233,578
2025-03-13,1537.77,跌↓,45.1,涨↑,✗,+5.87%,0.6233,579
2025-02-14,1475.0,跌↓,33.9,跌↓,✓,-0.23%,0.6233,560
2025-02-17,1471.62,跌↓,43.9,涨↑,✗,+0.23%,0.6233,561
2025-02-18,1475.0,跌↓,38.6,涨↑,✗,+1.08%,0.6233,562
2025-02-19,1491.0,跌↓,30.1,跌↓,✓,-1.14%,0.6233,563
2025-02-20,1474.0,跌↓,42.6,涨↑,✗,+0.96%,0.6233,564
2025-02-21,1488.21,跌↓,34.0,跌↓,✓,-0.61%,0.6233,565
2025-02-24,1479.07,跌↓,42.1,跌↓,✓,-1.69%,0.6233,566
2025-02-25,1454.0,跌↓,43.5,涨↑,✗,+0.41%,0.6233,567
2025-02-26,1460.01,跌↓,28.2,涨↑,✗,+1.75%,0.6233,568
2025-02-27,1485.56,跌↓,28.5,涨↑,✗,+1.03%,0.6233,569
2025-02-28,1500.79,跌↓,36.5,跌↓,✓,-0.92%,0.6233,570
2025-03-03,1487.02,跌↓,49.0,跌↓,✓,-1.14%,0.6233,571
2025-03-04,1470.11,跌↓,51.8,跌↓,✓,-0.25%,0.6233,572
2025-03-05,1466.37,跌↓,47.7,涨↑,✗,+2.70%,0.6233,573
2025-03-06,1505.98,跌↓,37.7,涨↑,✗,+1.00%,0.6233,574
2025-03-07,1521.0,跌↓,44.5,涨↑,✗,+0.12%,0.6233,575
2025-03-10,1522.9,跌↓,36.9,涨↑,✗,+1.69%,0.6233,576
2025-03-11,1548.68,跌↓,29.7,跌↓,✓,-0.39%,0.6233,577
2025-03-12,1542.58,跌↓,35.0,跌↓,✓,-0.31%,0.6233,578
2025-03-13,1537.77,跌↓,46.5,涨↑,✗,+5.87%,0.6233,579
2025-03-14,1628.01,跌↓,37.5,涨↑,✗,+0.61%,0.6233,580
2025-03-17,1637.86,跌↓,35.0,跌↓,✓,-0.85%,0.6233,581
2025-03-18,1624.0,跌↓,36.1,涨↑,✗,+0.72%,0.6233,582
2025-03-19,1635.71,跌↓,36.5,跌↓,✓,-1.94%,0.6233,583
2025-03-20,1604.0,跌↓,30.8,跌↓,✓,-1.89%,0.6233,584
2025-03-21,1573.75,跌↓,41.7,涨↑,✗,+0.59%,0.6233,585
2025-03-24,1583.0,跌↓,34.7,跌↓,✓,-0.47%,0.6233,586
2025-03-25,1575.5,跌↓,41.1,涨↑,✗,+0.03%,0.6233,587
2025-03-26,1576.0,跌↓,32.6,涨↑,✗,+0.82%,0.6233,588
2025-03-27,1589.0,跌↓,33.7,跌↓,✓,-0.24%,0.6233,589
2025-02-28,1500.79,跌↓,42.3,跌↓,✓,-0.92%,0.6233,570
2025-03-03,1487.02,跌↓,52.6,跌↓,✓,-1.14%,0.6233,571
2025-03-04,1470.11,跌↓,53.0,跌↓,✓,-0.25%,0.6233,572
2025-03-05,1466.37,跌↓,48.7,涨↑,✗,+2.70%,0.6233,573
2025-03-06,1505.98,跌↓,37.5,涨↑,✗,+1.00%,0.6233,574
2025-03-07,1521.0,跌↓,38.8,涨↑,✗,+0.12%,0.6233,575
2025-03-10,1522.9,跌↓,35.3,涨↑,✗,+1.69%,0.6233,576
2025-03-11,1548.68,跌↓,32.1,跌↓,✓,-0.39%,0.6233,577
2025-03-12,1542.58,跌↓,36.9,跌↓,✓,-0.31%,0.6233,578
2025-03-13,1537.77,跌↓,46.6,涨↑,✗,+5.87%,0.6233,579
2025-03-14,1628.01,跌↓,37.0,涨↑,✗,+0.61%,0.6233,580
2025-03-17,1637.86,跌↓,32.9,跌↓,✓,-0.85%,0.6233,581
2025-03-18,1624.0,跌↓,35.2,涨↑,✗,+0.72%,0.6233,582
2025-03-19,1635.71,跌↓,36.5,跌↓,✓,-1.94%,0.6233,583
2025-03-20,1604.0,跌↓,36.7,跌↓,✓,-1.89%,0.6233,584
2025-03-21,1573.75,跌↓,43.2,涨↑,✗,+0.59%,0.6233,585
2025-03-24,1583.0,跌↓,36.7,跌↓,✓,-0.47%,0.6233,586
2025-03-25,1575.5,跌↓,43.1,涨↑,✗,+0.03%,0.6233,587
2025-03-26,1576.0,跌↓,34.1,涨↑,✗,+0.82%,0.6233,588
2025-03-27,1589.0,跌↓,33.3,跌↓,✓,-0.24%,0.6233,589
2025-03-28,1585.21,跌↓,37.4,跌↓,✓,-1.53%,0.6233,590
2025-03-31,1561.0,跌↓,46.1,跌↓,✓,-0.32%,0.6233,591
2025-04-01,1556.02,跌↓,37.6,跌↓,✓,-0.45%,0.6233,592
2025-04-02,1549.02,跌↓,38.7,涨↑,✗,+1.28%,0.6233,593
2025-04-03,1568.88,跌↓,41.6,跌↓,✓,-4.39%,0.6233,594
2025-04-07,1500.0,跌↓,56.0,涨↑,✗,+3.00%,0.6233,595
2025-04-08,1545.0,跌↓,47.7,跌↓,✓,-0.26%,0.6233,596
2025-04-09,1541.04,跌↓,55.3,涨↑,✗,+0.52%,0.6233,597
2025-04-10,1549.0,跌↓,49.0,涨↑,✗,+1.29%,0.6233,598
2025-04-11,1568.98,跌↓,49.0,跌↓,✓,-1.08%,0.6233,599
2025-03-14,1628.01,跌↓,39.8,涨↑,✗,+0.61%,0.6233,580
2025-03-17,1637.86,跌↓,37.2,跌↓,✓,-0.85%,0.6233,581
2025-03-18,1624.0,跌↓,42.3,涨↑,✗,+0.72%,0.6233,582
2025-03-19,1635.71,跌↓,41.1,跌↓,✓,-1.94%,0.6233,583
2025-03-20,1604.0,跌↓,37.0,跌↓,✓,-1.89%,0.6233,584
2025-03-21,1573.75,跌↓,43.2,涨↑,✗,+0.59%,0.6233,585
2025-03-24,1583.0,跌↓,38.7,跌↓,✓,-0.47%,0.6233,586
2025-03-25,1575.5,跌↓,41.3,涨↑,✗,+0.03%,0.6233,587
2025-03-26,1576.0,跌↓,34.3,涨↑,✗,+0.82%,0.6233,588
2025-03-27,1589.0,跌↓,33.5,跌↓,✓,-0.24%,0.6233,589
2025-03-28,1585.21,跌↓,35.4,跌↓,✓,-1.53%,0.6233,590
2025-03-31,1561.0,跌↓,47.3,跌↓,✓,-0.32%,0.6233,591
2025-04-01,1556.02,跌↓,36.7,跌↓,✓,-0.45%,0.6233,592
2025-04-02,1549.02,跌↓,39.3,涨↑,✗,+1.28%,0.6233,593
2025-04-03,1568.88,跌↓,44.0,跌↓,✓,-4.39%,0.6233,594
2025-04-07,1500.0,跌↓,55.5,涨↑,✗,+3.00%,0.6233,595
2025-04-08,1545.0,跌↓,45.4,跌↓,✓,-0.26%,0.6233,596
2025-04-09,1541.04,跌↓,54.7,涨↑,✗,+0.52%,0.6233,597
2025-04-10,1549.0,跌↓,53.2,涨↑,✗,+1.29%,0.6233,598
2025-04-11,1568.98,跌↓,49.3,跌↓,✓,-1.08%,0.6233,599
2025-04-14,1551.99,涨↑,56.9,涨↑,✓,+0.39%,0.6258,600
2025-04-15,1558.0,跌↓,47.8,涨↑,✗,+0.08%,0.6258,601
2025-04-16,1559.17,跌↓,47.6,涨↑,✗,+0.69%,0.6258,602
2025-04-17,1570.0,跌↓,48.1,跌↓,✓,-0.26%,0.6258,603
2025-04-18,1565.94,跌↓,53.8,跌↓,✓,-0.95%,0.6258,604
2025-04-21,1551.0,跌↓,47.3,跌↓,✓,-0.14%,0.6258,605
2025-04-22,1548.8,跌↓,49.7,涨↑,✗,+0.21%,0.6258,606
2025-04-23,1552.0,跌↓,45.6,涨↑,✗,+0.02%,0.6258,607
2025-04-24,1552.25,跌↓,42.0,跌↓,✓,-0.14%,0.6258,608
2025-04-25,1550.0,跌↓,53.1,跌↓,✓,+0.00%,0.6258,609
2025-03-28,1585.21,跌↓,41.7,跌↓,✓,-1.53%,0.6258,590
2025-03-31,1561.0,跌↓,53.7,跌↓,✓,-0.32%,0.6258,591
2025-04-01,1556.02,跌↓,38.6,跌↓,✓,-0.45%,0.6258,592
2025-04-02,1549.02,跌↓,40.4,涨↑,✗,+1.28%,0.6258,593
2025-04-03,1568.88,跌↓,47.1,跌↓,✓,-4.39%,0.6258,594
2025-04-07,1500.0,涨↑,56.4,涨↑,✓,+3.00%,0.6445,595
2025-04-08,1545.0,跌↓,43.7,跌↓,✓,-0.26%,0.6445,596
2025-04-09,1541.04,涨↑,58.0,涨↑,✓,+0.52%,0.6479,597
2025-04-10,1549.0,跌↓,54.3,涨↑,✗,+1.29%,0.6479,598
2025-04-11,1568.98,跌↓,51.6,跌↓,✓,-1.08%,0.6479,599
2025-04-14,1551.99,涨↑,60.8,涨↑,✓,+0.39%,0.6504,600
2025-04-15,1558.0,跌↓,49.1,涨↑,✗,+0.08%,0.6504,601
2025-04-16,1559.17,跌↓,48.8,涨↑,✗,+0.69%,0.6504,602
2025-04-17,1570.0,跌↓,48.8,跌↓,✓,-0.26%,0.6504,603
2025-04-18,1565.94,跌↓,51.4,跌↓,✓,-0.95%,0.6504,604
2025-04-21,1551.0,跌↓,45.5,跌↓,✓,-0.14%,0.6504,605
2025-04-22,1548.8,跌↓,46.6,涨↑,✗,+0.21%,0.6504,606
2025-04-23,1552.0,跌↓,42.3,涨↑,✗,+0.02%,0.6504,607
2025-04-24,1552.25,跌↓,41.2,跌↓,✓,-0.14%,0.6504,608
2025-04-25,1550.0,跌↓,52.8,跌↓,✓,+0.00%,0.6504,609
2025-04-28,1550.0,涨↑,57.4,跌↓,✗,-0.39%,0.6479,610
2025-04-29,1544.0,跌↓,56.3,涨↑,✗,+0.19%,0.6479,611
2025-04-30,1547.0,涨↑,62.0,涨↑,✓,+0.21%,0.6492,612
2025-05-06,1550.2,跌↓,44.2,涨↑,✗,+0.31%,0.6492,613
2025-05-07,1555.0,跌↓,41.4,涨↑,✗,+1.49%,0.6492,614
2025-05-08,1578.19,跌↓,42.3,涨↑,✗,+0.82%,0.6492,615
2025-05-09,1591.18,跌↓,35.3,涨↑,✗,+0.84%,0.6492,616
2025-05-12,1604.5,跌↓,35.7,跌↓,✓,-0.89%,0.6492,617
2025-05-13,1590.3,跌↓,37.9,涨↑,✗,+2.81%,0.6492,618
2025-05-14,1634.99,跌↓,37.2,跌↓,✓,-0.18%,0.6492,619
2025-04-14,1551.99,涨↑,60.2,涨↑,✓,+0.39%,0.6517,600
2025-04-15,1558.0,跌↓,50.4,涨↑,✗,+0.08%,0.6517,601
2025-04-16,1559.17,跌↓,51.9,涨↑,✗,+0.69%,0.6517,602
2025-04-17,1570.0,跌↓,52.0,跌↓,✓,-0.26%,0.6517,603
2025-04-18,1565.94,跌↓,52.5,跌↓,✓,-0.95%,0.6517,604
2025-04-21,1551.0,跌↓,45.8,跌↓,✓,-0.14%,0.6517,605
2025-04-22,1548.8,跌↓,47.9,涨↑,✗,+0.21%,0.6517,606
2025-04-23,1552.0,跌↓,41.0,涨↑,✗,+0.02%,0.6517,607
2025-04-24,1552.25,跌↓,41.9,跌↓,✓,-0.14%,0.6517,608
2025-04-25,1550.0,跌↓,50.4,跌↓,✓,+0.00%,0.6517,609
2025-04-28,1550.0,跌↓,54.8,跌↓,✓,-0.39%,0.6517,610
2025-04-29,1544.0,跌↓,53.4,涨↑,✗,+0.19%,0.6517,611
2025-04-30,1547.0,涨↑,61.4,涨↑,✓,+0.21%,0.6531,612
2025-05-06,1550.2,跌↓,41.7,涨↑,✗,+0.31%,0.6531,613
2025-05-07,1555.0,跌↓,42.9,涨↑,✗,+1.49%,0.6531,614
2025-05-08,1578.19,跌↓,40.4,涨↑,✗,+0.82%,0.6531,615
2025-05-09,1591.18,跌↓,35.2,涨↑,✗,+0.84%,0.6531,616
2025-05-12,1604.5,跌↓,38.1,跌↓,✓,-0.89%,0.6531,617
2025-05-13,1590.3,跌↓,38.1,涨↑,✗,+2.81%,0.6531,618
2025-05-14,1634.99,跌↓,37.2,跌↓,✓,-0.18%,0.6531,619
2025-05-15,1632.01,跌↓,36.2,跌↓,✓,-1.10%,0.6531,620
2025-05-16,1614.13,跌↓,39.6,跌↓,✓,-2.18%,0.6531,621
2025-05-19,1578.98,跌↓,43.0,涨↑,✗,+0.44%,0.6531,622
2025-05-20,1586.0,跌↓,43.3,跌↓,✓,-0.32%,0.6531,623
2025-05-21,1580.97,跌↓,46.7,跌↓,✓,-0.06%,0.6531,624
2025-05-22,1580.0,跌↓,41.5,跌↓,✓,-0.47%,0.6531,625
2025-05-23,1572.6,跌↓,46.2,跌↓,✓,-1.41%,0.6531,626
2025-05-26,1550.5,跌↓,50.3,跌↓,✓,-0.43%,0.6531,627
2025-05-27,1543.9,涨↑,59.5,跌↓,✗,-0.45%,0.6501,628
2025-05-28,1537.0,跌↓,49.6,涨↑,✗,+0.20%,0.6501,629
2025-04-28,1550.0,跌↓,51.6,跌↓,✓,-0.39%,0.6501,610
2025-04-29,1544.0,跌↓,52.0,涨↑,✗,+0.19%,0.6501,611
2025-04-30,1547.0,涨↑,58.5,涨↑,✓,+0.21%,0.6515,612
2025-05-06,1550.2,跌↓,43.0,涨↑,✗,+0.31%,0.6515,613
2025-05-07,1555.0,跌↓,44.3,涨↑,✗,+1.49%,0.6515,614
2025-05-08,1578.19,跌↓,39.7,涨↑,✗,+0.82%,0.6515,615
2025-05-09,1591.18,跌↓,36.2,涨↑,✗,+0.84%,0.6515,616
2025-05-12,1604.5,跌↓,36.1,跌↓,✓,-0.89%,0.6515,617
2025-05-13,1590.3,跌↓,41.6,涨↑,✗,+2.81%,0.6515,618
2025-05-14,1634.99,跌↓,39.7,跌↓,✓,-0.18%,0.6515,619
2025-05-15,1632.01,跌↓,35.4,跌↓,✓,-1.10%,0.6515,620
2025-05-16,1614.13,跌↓,37.9,跌↓,✓,-2.18%,0.6515,621
2025-05-19,1578.98,跌↓,48.0,涨↑,✗,+0.44%,0.6515,622
2025-05-20,1586.0,跌↓,46.3,跌↓,✓,-0.32%,0.6515,623
2025-05-21,1580.97,跌↓,52.3,跌↓,✓,-0.06%,0.6515,624
2025-05-22,1580.0,跌↓,41.1,跌↓,✓,-0.47%,0.6515,625
2025-05-23,1572.6,跌↓,45.2,跌↓,✓,-1.41%,0.6515,626
2025-05-26,1550.5,跌↓,50.0,跌↓,✓,-0.43%,0.6515,627
2025-05-27,1543.9,涨↑,58.0,跌↓,✗,-0.45%,0.6486,628
2025-05-28,1537.0,跌↓,50.5,涨↑,✗,+0.20%,0.6486,629
2025-05-29,1540.0,跌↓,49.6,跌↓,✓,-1.17%,0.6486,630
2025-05-30,1522.0,跌↓,46.4,跌↓,✓,-0.85%,0.6486,631
2025-06-03,1509.0,跌↓,40.9,涨↑,✗,+0.06%,0.6486,632
2025-06-04,1509.96,跌↓,44.8,涨↑,✗,+0.27%,0.6486,633
2025-06-05,1514.0,跌↓,47.7,跌↓,✓,-0.50%,0.6486,634
2025-06-06,1506.39,跌↓,51.5,跌↓,✓,-1.35%,0.6486,635
2025-06-09,1486.11,跌↓,55.2,跌↓,✓,-0.75%,0.6486,636
2025-06-10,1475.01,跌↓,51.2,涨↑,✗,+0.34%,0.6486,637
2025-06-11,1480.0,跌↓,48.1,跌↓,✓,-1.42%,0.6486,638
2025-06-12,1459.0,跌↓,53.4,跌↓,✓,-2.20%,0.6486,639
2025-05-15,1632.01,跌↓,39.5,跌↓,✓,-1.10%,0.6486,620
2025-05-16,1614.13,跌↓,42.5,跌↓,✓,-2.18%,0.6486,621
2025-05-19,1578.98,跌↓,48.3,涨↑,✗,+0.44%,0.6486,622
2025-05-20,1586.0,跌↓,47.8,跌↓,✓,-0.32%,0.6486,623
2025-05-21,1580.97,跌↓,52.7,跌↓,✓,-0.06%,0.6486,624
2025-05-22,1580.0,跌↓,43.9,跌↓,✓,-0.47%,0.6486,625
2025-05-23,1572.6,跌↓,45.1,跌↓,✓,-1.41%,0.6486,626
2025-05-26,1550.5,跌↓,50.3,跌↓,✓,-0.43%,0.6486,627
2025-05-27,1543.9,涨↑,57.0,跌↓,✗,-0.45%,0.6457,628
2025-05-28,1537.0,跌↓,50.8,涨↑,✗,+0.20%,0.6457,629
2025-05-29,1540.0,跌↓,51.1,跌↓,✓,-1.17%,0.6457,630
2025-05-30,1522.0,跌↓,48.3,跌↓,✓,-0.85%,0.6457,631
2025-06-03,1509.0,跌↓,38.5,涨↑,✗,+0.06%,0.6457,632
2025-06-04,1509.96,跌↓,46.1,涨↑,✗,+0.27%,0.6457,633
2025-06-05,1514.0,跌↓,51.8,跌↓,✓,-0.50%,0.6457,634
2025-06-06,1506.39,涨↑,57.7,跌↓,✗,-1.35%,0.637,635
2025-06-09,1486.11,跌↓,54.6,跌↓,✓,-0.75%,0.637,636
2025-06-10,1475.01,涨↑,55.6,涨↑,✓,+0.34%,0.6391,637
2025-06-11,1480.0,跌↓,47.3,跌↓,✓,-1.42%,0.6391,638
2025-06-12,1459.0,跌↓,55.4,跌↓,✓,-2.20%,0.6391,639
2025-06-13,1426.95,跌↓,51.8,跌↓,✓,-0.33%,0.6391,640
2025-06-16,1422.29,跌↓,51.8,涨↑,✗,+0.33%,0.6391,641
2025-06-17,1427.0,涨↑,57.6,跌↓,✗,-0.14%,0.6382,642
2025-06-18,1425.0,涨↑,57.7,涨↑,✓,+0.07%,0.6387,643
2025-06-19,1426.0,跌↓,47.9,涨↑,✗,+0.19%,0.6387,644
2025-06-20,1428.66,跌↓,49.2,跌↓,✓,-0.61%,0.6387,645
2025-06-23,1420.0,跌↓,54.3,涨↑,✗,+1.21%,0.6387,646
2025-06-24,1437.2,涨↑,60.7,跌↓,✗,-0.09%,0.6381,647
2025-06-25,1435.86,涨↑,57.1,跌↓,✗,-1.10%,0.631,648
2025-06-26,1420.0,涨↑,61.6,跌↓,✗,-1.19%,0.6235,649
2025-05-29,1540.0,跌↓,46.7,跌↓,✓,-1.17%,0.6235,630
2025-05-30,1522.0,跌↓,49.8,跌↓,✓,-0.85%,0.6235,631
2025-06-03,1509.0,跌↓,38.2,涨↑,✗,+0.06%,0.6235,632
2025-06-04,1509.96,跌↓,47.1,涨↑,✗,+0.27%,0.6235,633
2025-06-05,1514.0,跌↓,47.7,跌↓,✓,-0.50%,0.6235,634
2025-06-06,1506.39,跌↓,54.7,跌↓,✓,-1.35%,0.6235,635
2025-06-09,1486.11,跌↓,55.4,跌↓,✓,-0.75%,0.6235,636
2025-06-10,1475.01,跌↓,54.9,涨↑,✗,+0.34%,0.6235,637
2025-06-11,1480.0,跌↓,44.5,跌↓,✓,-1.42%,0.6235,638
2025-06-12,1459.0,涨↑,58.8,跌↓,✗,-2.20%,0.6098,639
2025-06-13,1426.95,跌↓,51.5,跌↓,✓,-0.33%,0.6098,640
2025-06-16,1422.29,跌↓,47.4,涨↑,✗,+0.33%,0.6098,641
2025-06-17,1427.0,跌↓,53.3,跌↓,✓,-0.14%,0.6098,642
2025-06-18,1425.0,跌↓,54.2,涨↑,✗,+0.07%,0.6098,643
2025-06-19,1426.0,跌↓,43.4,涨↑,✗,+0.19%,0.6098,644
2025-06-20,1428.66,跌↓,46.1,跌↓,✓,-0.61%,0.6098,645
2025-06-23,1420.0,跌↓,51.5,涨↑,✗,+1.21%,0.6098,646
2025-06-24,1437.2,涨↑,58.5,跌↓,✗,-0.09%,0.6093,647
2025-06-25,1435.86,跌↓,53.8,跌↓,✓,-1.10%,0.6093,648
2025-06-26,1420.0,涨↑,56.5,跌↓,✗,-1.19%,0.602,649
2025-06-27,1403.09,跌↓,49.6,涨↑,✗,+0.46%,0.602,650
2025-06-30,1409.52,跌↓,39.0,跌↓,✓,-0.31%,0.602,651
2025-07-01,1405.1,跌↓,51.1,涨↑,✗,+0.32%,0.602,652
2025-07-02,1409.6,跌↓,46.6,涨↑,✗,+0.43%,0.602,653
2025-07-03,1415.6,跌↓,40.1,涨↑,✗,+0.47%,0.602,654
2025-07-04,1422.22,跌↓,45.3,跌↓,✓,-0.81%,0.602,655
2025-07-07,1410.7,跌↓,53.6,涨↑,✗,+0.38%,0.602,656
2025-07-08,1416.11,跌↓,48.0,涨↑,✗,+0.20%,0.602,657
2025-07-09,1418.88,跌↓,53.3,涨↑,✗,+0.54%,0.602,658
2025-07-10,1426.5,跌↓,38.3,涨↑,✗,+0.04%,0.602,659
2025-06-13,1426.95,跌↓,48.2,跌↓,✓,-0.33%,0.602,640
2025-06-16,1422.29,跌↓,49.5,涨↑,✗,+0.33%,0.602,641
2025-06-17,1427.0,跌↓,53.1,跌↓,✓,-0.14%,0.602,642
2025-06-18,1425.0,跌↓,49.4,涨↑,✗,+0.07%,0.602,643
2025-06-19,1426.0,跌↓,45.7,涨↑,✗,+0.19%,0.602,644
2025-06-20,1428.66,跌↓,46.6,跌↓,✓,-0.61%,0.602,645
2025-06-23,1420.0,跌↓,52.8,涨↑,✗,+1.21%,0.602,646
2025-06-24,1437.2,涨↑,60.4,跌↓,✗,-0.09%,0.6014,647
2025-06-25,1435.86,跌↓,55.4,跌↓,✓,-1.10%,0.6014,648
2025-06-26,1420.0,跌↓,54.9,跌↓,✓,-1.19%,0.6014,649
2025-06-27,1403.09,跌↓,50.1,涨↑,✗,+0.46%,0.6014,650
2025-06-30,1409.52,跌↓,40.3,跌↓,✓,-0.31%,0.6014,651
2025-07-01,1405.1,跌↓,51.5,涨↑,✗,+0.32%,0.6014,652
2025-07-02,1409.6,跌↓,46.3,涨↑,✗,+0.43%,0.6014,653
2025-07-03,1415.6,跌↓,40.5,涨↑,✗,+0.47%,0.6014,654
2025-07-04,1422.22,跌↓,41.7,跌↓,✓,-0.81%,0.6014,655
2025-07-07,1410.7,跌↓,50.0,涨↑,✗,+0.38%,0.6014,656
2025-07-08,1416.11,跌↓,52.5,涨↑,✗,+0.20%,0.6014,657
2025-07-09,1418.88,跌↓,55.0,涨↑,✗,+0.54%,0.6014,658
2025-07-10,1426.5,跌↓,39.1,涨↑,✗,+0.04%,0.6014,659
2025-07-11,1427.0,跌↓,43.4,跌↓,✓,-0.24%,0.6014,660
2025-07-14,1423.6,跌↓,46.5,跌↓,✓,-0.89%,0.6014,661
2025-07-15,1411.0,跌↓,50.7,涨↑,✗,+0.00%,0.6014,662
2025-07-16,1411.03,跌↓,50.3,涨↑,✗,+0.38%,0.6014,663
2025-07-17,1416.35,跌↓,40.1,涨↑,✗,+1.46%,0.6014,664
2025-07-18,1437.0,跌↓,40.0,涨↑,✗,+0.42%,0.6014,665
2025-07-21,1443.0,跌↓,38.9,涨↑,✗,+1.52%,0.6014,666
2025-07-22,1464.98,跌↓,40.5,涨↑,✗,+0.72%,0.6014,667
2025-07-23,1475.5,跌↓,41.7,涨↑,✗,+1.08%,0.6014,668
2025-07-24,1491.5,跌↓,38.5,跌↓,✓,-2.45%,0.6014,669
2025-06-27,1403.09,跌↓,46.2,涨↑,✗,+0.46%,0.6014,650
2025-06-30,1409.52,跌↓,39.4,跌↓,✓,-0.31%,0.6014,651
2025-07-01,1405.1,跌↓,48.7,涨↑,✗,+0.32%,0.6014,652
2025-07-02,1409.6,跌↓,42.6,涨↑,✗,+0.43%,0.6014,653
2025-07-03,1415.6,跌↓,40.6,涨↑,✗,+0.47%,0.6014,654
2025-07-04,1422.22,跌↓,39.0,跌↓,✓,-0.81%,0.6014,655
2025-07-07,1410.7,跌↓,49.5,涨↑,✗,+0.38%,0.6014,656
2025-07-08,1416.11,跌↓,48.8,涨↑,✗,+0.20%,0.6014,657
2025-07-09,1418.88,跌↓,49.2,涨↑,✗,+0.54%,0.6014,658
2025-07-10,1426.5,跌↓,36.5,涨↑,✗,+0.04%,0.6014,659
2025-07-11,1427.0,跌↓,41.3,跌↓,✓,-0.24%,0.6014,660
2025-07-14,1423.6,跌↓,42.6,跌↓,✓,-0.89%,0.6014,661
2025-07-15,1411.0,跌↓,51.1,涨↑,✗,+0.00%,0.6014,662
2025-07-16,1411.03,跌↓,49.6,涨↑,✗,+0.38%,0.6014,663
2025-07-17,1416.35,跌↓,44.1,涨↑,✗,+1.46%,0.6014,664
2025-07-18,1437.0,跌↓,35.4,涨↑,✗,+0.42%,0.6014,665
2025-07-21,1443.0,跌↓,37.1,涨↑,✗,+1.52%,0.6014,666
2025-07-22,1464.98,跌↓,36.9,涨↑,✗,+0.72%,0.6014,667
2025-07-23,1475.5,跌↓,39.5,涨↑,✗,+1.08%,0.6014,668
2025-07-24,1491.5,跌↓,36.6,跌↓,✓,-2.45%,0.6014,669
2025-07-25,1455.0,跌↓,46.5,跌↓,✓,-1.12%,0.6014,670
2025-07-28,1438.66,跌↓,46.8,涨↑,✗,+0.02%,0.6014,671
2025-07-29,1439.0,跌↓,50.3,涨↑,✗,+0.73%,0.6014,672
2025-07-30,1449.44,跌↓,38.4,跌↓,✓,-1.92%,0.6014,673
2025-07-31,1421.67,跌↓,42.9,跌↓,✓,-0.33%,0.6014,674
2025-08-01,1417.0,跌↓,41.4,涨↑,✗,+0.14%,0.6014,675
2025-08-04,1419.0,跌↓,44.3,涨↑,✗,+0.62%,0.6014,676
2025-08-05,1427.74,跌↓,45.2,跌↓,✓,-0.27%,0.6014,677
2025-08-06,1423.88,跌↓,45.4,跌↓,✓,-0.11%,0.6014,678
2025-08-07,1422.35,涨↑,56.0,跌↓,✗,-0.10%,0.6009,679
2025-07-11,1427.0,跌↓,52.8,跌↓,✓,-0.24%,0.6009,660
2025-07-14,1423.6,涨↑,54.6,跌↓,✗,-0.89%,0.5955,661
2025-07-15,1411.0,涨↑,58.7,涨↑,✓,+0.00%,0.5956,662
2025-07-16,1411.03,涨↑,58.7,涨↑,✓,+0.38%,0.5978,663
2025-07-17,1416.35,跌↓,52.1,涨↑,✗,+1.46%,0.5978,664
2025-07-18,1437.0,跌↓,40.5,涨↑,✗,+0.42%,0.5978,665
2025-07-21,1443.0,跌↓,41.1,涨↑,✗,+1.52%,0.5978,666
2025-07-22,1464.98,跌↓,42.5,涨↑,✗,+0.72%,0.5978,667
2025-07-23,1475.5,跌↓,43.2,涨↑,✗,+1.08%,0.5978,668
2025-07-24,1491.5,跌↓,40.2,跌↓,✓,-2.45%,0.5978,669
2025-07-25,1455.0,涨↑,54.6,跌↓,✗,-1.12%,0.5911,670
2025-07-28,1438.66,涨↑,56.5,涨↑,✓,+0.02%,0.5912,671
2025-07-29,1439.0,跌↓,50.5,涨↑,✗,+0.73%,0.5912,672
2025-07-30,1449.44,跌↓,42.8,跌↓,✓,-1.92%,0.5912,673
2025-07-31,1421.67,跌↓,44.5,跌↓,✓,-0.33%,0.5912,674
2025-08-01,1417.0,跌↓,46.0,涨↑,✗,+0.14%,0.5912,675
2025-08-04,1419.0,跌↓,50.2,涨↑,✗,+0.62%,0.5912,676
2025-08-05,1427.74,跌↓,50.6,跌↓,✓,-0.27%,0.5912,677
2025-08-06,1423.88,跌↓,50.5,跌↓,✓,-0.11%,0.5912,678
2025-08-07,1422.35,涨↑,63.1,跌↓,✗,-0.10%,0.5907,679
2025-08-08,1420.97,涨↑,53.4,涨↑,✓,+1.69%,0.6006,680
2025-08-11,1445.0,跌↓,49.0,跌↓,✓,-0.55%,0.6006,681
2025-08-12,1437.04,涨↑,59.4,跌↓,✗,-1.18%,0.5935,682
2025-08-13,1420.05,涨↑,61.2,涨↑,✓,+0.49%,0.5964,683
2025-08-14,1426.99,涨↑,59.5,跌↓,✗,-0.34%,0.5944,684
2025-08-15,1422.08,跌↓,51.1,涨↑,✗,+0.45%,0.5944,685
2025-08-18,1428.5,跌↓,44.2,涨↑,✗,+0.67%,0.5944,686
2025-08-19,1438.0,涨↑,57.3,涨↑,✓,+0.83%,0.5994,687
2025-08-20,1450.0,跌↓,44.8,跌↓,✓,-0.12%,0.5994,688
2025-08-21,1448.25,涨↑,55.7,涨↑,✓,+1.08%,0.6058,689
2025-07-25,1455.0,涨↑,55.3,跌↓,✗,-1.12%,0.599,670
2025-07-28,1438.66,涨↑,58.9,涨↑,✓,+0.02%,0.5992,671
2025-07-29,1439.0,涨↑,56.0,涨↑,✓,+0.73%,0.6035,672
2025-07-30,1449.44,跌↓,46.4,跌↓,✓,-1.92%,0.6035,673
2025-07-31,1421.67,跌↓,48.8,跌↓,✓,-0.33%,0.6035,674
2025-08-01,1417.0,跌↓,49.2,涨↑,✗,+0.14%,0.6035,675
2025-08-04,1419.0,跌↓,52.3,涨↑,✗,+0.62%,0.6035,676
2025-08-05,1427.74,涨↑,56.0,跌↓,✗,-0.27%,0.6019,677
2025-08-06,1423.88,涨↑,53.3,跌↓,✗,-0.11%,0.6013,678
2025-08-07,1422.35,涨↑,58.9,跌↓,✗,-0.10%,0.6007,679
2025-08-08,1420.97,跌↓,50.5,涨↑,✗,+1.69%,0.6007,680
2025-08-11,1445.0,跌↓,50.1,跌↓,✓,-0.55%,0.6007,681
2025-08-12,1437.04,涨↑,61.3,跌↓,✗,-1.18%,0.5936,682
2025-08-13,1420.05,涨↑,60.8,涨↑,✓,+0.49%,0.5965,683
2025-08-14,1426.99,涨↑,62.7,跌↓,✗,-0.34%,0.5944,684
2025-08-15,1422.08,跌↓,51.7,涨↑,✗,+0.45%,0.5944,685
2025-08-18,1428.5,跌↓,49.7,涨↑,✗,+0.67%,0.5944,686
2025-08-19,1438.0,涨↑,56.9,涨↑,✓,+0.83%,0.5994,687
2025-08-20,1450.0,涨↑,52.5,跌↓,✗,-0.12%,0.5987,688
2025-08-21,1448.25,涨↑,57.3,涨↑,✓,+1.08%,0.6051,689
2025-08-22,1463.95,跌↓,45.2,涨↑,✗,+1.80%,0.6051,690
2025-08-25,1490.33,跌↓,45.7,跌↓,✓,-0.59%,0.6051,691
2025-08-26,1481.61,跌↓,48.2,跌↓,✓,-2.27%,0.6051,692
2025-08-27,1448.0,涨↑,57.0,跌↓,✗,-0.13%,0.6044,693
2025-08-28,1446.1,涨↑,53.5,涨↑,✓,+2.34%,0.6185,694
2025-08-29,1480.0,跌↓,45.6,跌↓,✓,-0.26%,0.6185,695
2025-09-01,1476.1,涨↑,61.1,涨↑,✓,+1.03%,0.6249,696
2025-09-02,1491.3,涨↑,57.6,跌↓,✗,-0.72%,0.6204,697
2025-09-03,1480.55,跌↓,44.0,跌↓,✓,-0.53%,0.6204,698
2025-09-04,1472.66,跌↓,51.3,涨↑,✗,+0.70%,0.6204,699
2025-08-08,1420.97,跌↓,45.9,涨↑,✗,+1.69%,0.6204,680
2025-08-11,1445.0,跌↓,43.8,跌↓,✓,-0.55%,0.6204,681
2025-08-12,1437.04,跌↓,51.4,跌↓,✓,-1.18%,0.6204,682
2025-08-13,1420.05,跌↓,52.0,涨↑,✗,+0.49%,0.6204,683
2025-08-14,1426.99,涨↑,55.7,跌↓,✗,-0.34%,0.6182,684
2025-08-15,1422.08,跌↓,47.1,涨↑,✗,+0.45%,0.6182,685
2025-08-18,1428.5,跌↓,43.3,涨↑,✗,+0.67%,0.6182,686
2025-08-19,1438.0,涨↑,54.1,涨↑,✓,+0.83%,0.6234,687
2025-08-20,1450.0,跌↓,51.0,跌↓,✓,-0.12%,0.6234,688
2025-08-21,1448.25,涨↑,56.3,涨↑,✓,+1.08%,0.6302,689
2025-08-22,1463.95,跌↓,45.6,涨↑,✗,+1.80%,0.6302,690
2025-08-25,1490.33,跌↓,44.6,跌↓,✓,-0.59%,0.6302,691
2025-08-26,1481.61,跌↓,48.3,跌↓,✓,-2.27%,0.6302,692
2025-08-27,1448.0,涨↑,58.1,跌↓,✗,-0.13%,0.6293,693
2025-08-28,1446.1,涨↑,58.4,涨↑,✓,+2.34%,0.6441,694
2025-08-29,1480.0,跌↓,43.9,跌↓,✓,-0.26%,0.6441,695
2025-09-01,1476.1,涨↑,59.6,涨↑,✓,+1.03%,0.6507,696
2025-09-02,1491.3,涨↑,55.0,跌↓,✗,-0.72%,0.646,697
2025-09-03,1480.55,跌↓,43.4,跌↓,✓,-0.53%,0.646,698
2025-09-04,1472.66,涨↑,54.8,涨↑,✓,+0.70%,0.6506,699
2025-09-05,1483.0,跌↓,45.0,涨↑,✗,+1.23%,0.6506,700
2025-09-08,1501.23,跌↓,48.5,涨↑,✗,+0.25%,0.6506,701
2025-09-09,1505.0,跌↓,49.7,涨↑,✗,+1.13%,0.6506,702
2025-09-10,1522.01,跌↓,37.6,涨↑,✗,+0.10%,0.6506,703
2025-09-11,1523.5,跌↓,34.9,跌↓,✓,-0.49%,0.6506,704
2025-09-12,1516.0,跌↓,39.9,跌↓,✓,-0.06%,0.6506,705
2025-09-15,1515.1,跌↓,44.7,跌↓,✓,-1.00%,0.6506,706
2025-09-16,1499.98,跌↓,51.5,跌↓,✓,-0.47%,0.6506,707
2025-09-17,1493.0,跌↓,50.8,跌↓,✓,-1.68%,0.6506,708
2025-09-18,1467.96,跌↓,44.7,涨↑,✗,+0.00%,0.6506,709
2025-08-22,1463.95,跌↓,44.9,涨↑,✗,+1.80%,0.6506,690
2025-08-25,1490.33,跌↓,47.0,跌↓,✓,-0.59%,0.6506,691
2025-08-26,1481.61,涨↑,54.8,跌↓,✗,-2.27%,0.6358,692
2025-08-27,1448.0,涨↑,58.9,跌↓,✗,-0.13%,0.635,693
2025-08-28,1446.1,涨↑,56.4,涨↑,✓,+2.34%,0.6499,694
2025-08-29,1480.0,跌↓,45.5,跌↓,✓,-0.26%,0.6499,695
2025-09-01,1476.1,涨↑,58.6,涨↑,✓,+1.03%,0.6566,696
2025-09-02,1491.3,涨↑,52.0,跌↓,✗,-0.72%,0.6518,697
2025-09-03,1480.55,跌↓,40.0,跌↓,✓,-0.53%,0.6518,698
2025-09-04,1472.66,涨↑,53.0,涨↑,✓,+0.70%,0.6564,699
2025-09-05,1483.0,跌↓,43.7,涨↑,✗,+1.23%,0.6564,700
2025-09-08,1501.23,跌↓,45.0,涨↑,✗,+0.25%,0.6564,701
2025-09-09,1505.0,跌↓,50.3,涨↑,✗,+1.13%,0.6564,702
2025-09-10,1522.01,跌↓,34.9,涨↑,✗,+0.10%,0.6564,703
2025-09-11,1523.5,跌↓,32.7,跌↓,✓,-0.49%,0.6564,704
2025-09-12,1516.0,跌↓,43.3,跌↓,✓,-0.06%,0.6564,705
2025-09-15,1515.1,跌↓,43.3,跌↓,✓,-1.00%,0.6564,706
2025-09-16,1499.98,跌↓,50.6,跌↓,✓,-0.47%,0.6564,707
2025-09-17,1493.0,跌↓,49.8,跌↓,✓,-1.68%,0.6564,708
2025-09-18,1467.96,跌↓,51.1,涨↑,✗,+0.00%,0.6564,709
2025-09-19,1467.97,跌↓,45.4,跌↓,✓,-1.00%,0.6564,710
2025-09-22,1453.35,涨↑,55.2,跌↓,✗,-0.41%,0.6537,711
2025-09-23,1447.42,涨↑,55.9,跌↓,✗,-0.37%,0.6513,712
2025-09-24,1442.0,涨↑,61.2,跌↓,✗,-0.21%,0.6499,713
2025-09-25,1439.0,涨↑,56.2,跌↓,✗,-0.28%,0.6481,714
2025-09-26,1435.0,跌↓,49.1,涨↑,✗,+1.80%,0.6481,715
2025-09-29,1460.86,跌↓,40.9,跌↓,✓,-1.15%,0.6481,716
2025-09-30,1443.99,跌↓,47.6,跌↓,✓,-0.50%,0.6481,717
2025-10-09,1436.78,跌↓,49.6,跌↓,✓,-0.47%,0.6481,718
2025-10-10,1430.0,涨↑,57.9,跌↓,✗,-0.76%,0.6432,719
2025-09-05,1483.0,跌↓,46.5,涨↑,✗,+1.23%,0.6432,700
2025-09-08,1501.23,跌↓,41.0,涨↑,✗,+0.25%,0.6432,701
2025-09-09,1505.0,跌↓,47.4,涨↑,✗,+1.13%,0.6432,702
2025-09-10,1522.01,跌↓,33.1,涨↑,✗,+0.10%,0.6432,703
2025-09-11,1523.5,跌↓,36.6,跌↓,✓,-0.49%,0.6432,704
2025-09-12,1516.0,跌↓,43.2,跌↓,✓,-0.06%,0.6432,705
2025-09-15,1515.1,跌↓,47.5,跌↓,✓,-1.00%,0.6432,706
2025-09-16,1499.98,涨↑,54.0,跌↓,✗,-0.47%,0.6402,707
2025-09-17,1493.0,跌↓,50.6,跌↓,✓,-1.68%,0.6402,708
2025-09-18,1467.96,跌↓,43.9,涨↑,✗,+0.00%,0.6402,709
2025-09-19,1467.97,跌↓,42.3,跌↓,✓,-1.00%,0.6402,710
2025-09-22,1453.35,涨↑,54.1,跌↓,✗,-0.41%,0.6376,711
2025-09-23,1447.42,涨↑,53.6,跌↓,✗,-0.37%,0.6352,712
2025-09-24,1442.0,涨↑,63.2,跌↓,✗,-0.21%,0.6339,713
2025-09-25,1439.0,涨↑,51.8,跌↓,✗,-0.28%,0.6321,714
2025-09-26,1435.0,跌↓,46.9,涨↑,✗,+1.80%,0.6321,715
2025-09-29,1460.86,跌↓,39.3,跌↓,✓,-1.15%,0.6321,716
2025-09-30,1443.99,跌↓,49.8,跌↓,✓,-0.50%,0.6321,717
2025-10-09,1436.78,跌↓,50.2,跌↓,✓,-0.47%,0.6321,718
2025-10-10,1430.0,涨↑,58.7,跌↓,✗,-0.76%,0.6274,719
2025-10-13,1419.2,涨↑,58.7,涨↑,✓,+2.24%,0.6414,720
2025-10-14,1451.02,跌↓,49.6,涨↑,✗,+0.76%,0.6414,721
2025-10-15,1462.0,跌↓,42.4,涨↑,✗,+1.57%,0.6414,722
2025-10-16,1484.91,跌↓,38.9,跌↓,✓,-2.01%,0.6414,723
2025-10-17,1455.0,跌↓,47.8,涨↑,✗,+0.20%,0.6414,724
2025-10-20,1457.93,涨↑,55.2,涨↑,✓,+0.30%,0.6433,725
2025-10-21,1462.26,涨↑,61.1,跌↓,✗,-0.24%,0.6418,726
2025-10-22,1458.7,涨↑,53.8,涨↑,✓,+0.64%,0.6459,727
2025-10-23,1467.98,涨↑,54.5,跌↓,✗,-1.22%,0.6379,728
2025-10-24,1450.0,跌↓,50.9,跌↓,✓,-0.66%,0.6379,729
2025-09-19,1467.97,跌↓,44.9,跌↓,✓,-1.00%,0.6379,710
2025-09-22,1453.35,涨↑,57.8,跌↓,✗,-0.41%,0.6353,711
2025-09-23,1447.42,涨↑,56.9,跌↓,✗,-0.37%,0.633,712
2025-09-24,1442.0,涨↑,62.4,跌↓,✗,-0.21%,0.6316,713
2025-09-25,1439.0,涨↑,54.9,跌↓,✗,-0.28%,0.6299,714
2025-09-26,1435.0,跌↓,47.7,涨↑,✗,+1.80%,0.6299,715
2025-09-29,1460.86,跌↓,42.1,跌↓,✓,-1.15%,0.6299,716
2025-09-30,1443.99,跌↓,45.5,跌↓,✓,-0.50%,0.6299,717
2025-10-09,1436.78,跌↓,49.2,跌↓,✓,-0.47%,0.6299,718
2025-10-10,1430.0,涨↑,56.1,跌↓,✗,-0.76%,0.6251,719
2025-10-13,1419.2,涨↑,57.9,涨↑,✓,+2.24%,0.6391,720
2025-10-14,1451.02,跌↓,46.7,涨↑,✗,+0.76%,0.6391,721
2025-10-15,1462.0,跌↓,43.4,涨↑,✗,+1.57%,0.6391,722
2025-10-16,1484.91,跌↓,40.8,跌↓,✓,-2.01%,0.6391,723
2025-10-17,1455.0,涨↑,54.2,涨↑,✓,+0.20%,0.6404,724
2025-10-20,1457.93,涨↑,56.7,涨↑,✓,+0.30%,0.6423,725
2025-10-21,1462.26,涨↑,60.6,跌↓,✗,-0.24%,0.6408,726
2025-10-22,1458.7,涨↑,51.5,涨↑,✓,+0.64%,0.6449,727
2025-10-23,1467.98,涨↑,60.3,跌↓,✗,-1.22%,0.637,728
2025-10-24,1450.0,跌↓,49.7,跌↓,✓,-0.66%,0.637,729
2025-10-27,1440.41,涨↑,54.3,涨↑,✓,+0.32%,0.639,730
2025-10-28,1445.0,涨↑,56.8,跌↓,✗,-0.91%,0.6332,731
2025-10-29,1431.9,涨↑,56.2,跌↓,✗,-0.36%,0.6309,732
2025-10-30,1426.74,涨↑,56.4,涨↑,✓,+0.23%,0.6324,733
2025-10-31,1430.01,涨↑,53.1,涨↑,✓,+0.35%,0.6346,734
2025-11-03,1435.0,涨↑,58.5,跌↓,✗,-0.42%,0.6319,735
2025-11-04,1429.0,涨↑,60.5,跌↓,✗,-0.62%,0.628,736
2025-11-05,1420.08,涨↑,67.2,涨↑,✓,+1.06%,0.6346,737
2025-11-06,1435.13,涨↑,56.7,跌↓,✗,-0.13%,0.6338,738
2025-11-07,1433.33,涨↑,56.2,涨↑,✓,+2.02%,0.6466,739
2025-10-13,1419.2,跌↓,47.1,涨↑,✗,+2.24%,0.6466,720
2025-10-14,1451.02,跌↓,40.4,涨↑,✗,+0.76%,0.6466,721
2025-10-15,1462.0,跌↓,37.8,涨↑,✗,+1.57%,0.6466,722
2025-10-16,1484.91,跌↓,38.2,跌↓,✓,-2.01%,0.6466,723
2025-10-17,1455.0,涨↑,53.2,涨↑,✓,+0.20%,0.6479,724
2025-10-20,1457.93,涨↑,53.7,涨↑,✓,+0.30%,0.6499,725
2025-10-21,1462.26,涨↑,53.7,跌↓,✗,-0.24%,0.6483,726
2025-10-22,1458.7,跌↓,49.1,涨↑,✗,+0.64%,0.6483,727
2025-10-23,1467.98,涨↑,53.6,跌↓,✗,-1.22%,0.6403,728
2025-10-24,1450.0,跌↓,47.4,跌↓,✓,-0.66%,0.6403,729
2025-10-27,1440.41,跌↓,51.5,涨↑,✗,+0.32%,0.6403,730
2025-10-28,1445.0,涨↑,53.4,跌↓,✗,-0.91%,0.6345,731
2025-10-29,1431.9,涨↑,53.4,跌↓,✗,-0.36%,0.6322,732
2025-10-30,1426.74,跌↓,51.7,涨↑,✗,+0.23%,0.6322,733
2025-10-31,1430.01,跌↓,47.7,涨↑,✗,+0.35%,0.6322,734
2025-11-03,1435.0,跌↓,51.1,跌↓,✓,-0.42%,0.6322,735
2025-11-04,1429.0,跌↓,52.2,跌↓,✓,-0.62%,0.6322,736
2025-11-05,1420.08,涨↑,59.6,涨↑,✓,+1.06%,0.6389,737
2025-11-06,1435.13,跌↓,49.3,跌↓,✓,-0.13%,0.6389,738
2025-11-07,1433.33,跌↓,52.3,涨↑,✗,+2.02%,0.6389,739
2025-11-10,1462.3,跌↓,51.5,跌↓,✓,-0.23%,0.6389,740
2025-11-11,1458.99,涨↑,54.4,涨↑,✓,+0.42%,0.6416,741
2025-11-12,1465.15,涨↑,64.0,涨↑,✓,+0.36%,0.6439,742
2025-11-13,1470.38,跌↓,43.0,跌↓,✓,-0.94%,0.6439,743
2025-11-14,1456.6,跌↓,45.8,涨↑,✗,+0.99%,0.6439,744
2025-11-17,1471.0,涨↑,55.0,涨↑,✓,+0.34%,0.6461,745
2025-11-18,1476.0,跌↓,51.6,跌↓,✓,-0.34%,0.6461,746
2025-11-19,1471.01,跌↓,50.1,跌↓,✓,-0.27%,0.6461,747
2025-11-20,1467.11,跌↓,47.7,跌↓,✓,-0.03%,0.6461,748
2025-11-21,1466.6,跌↓,43.9,跌↓,✓,-1.00%,0.6461,749
2025-10-27,1440.41,跌↓,49.1,涨↑,✗,+0.32%,0.6461,730
2025-10-28,1445.0,涨↑,53.2,跌↓,✗,-0.91%,0.6403,731
2025-10-29,1431.9,跌↓,51.0,跌↓,✓,-0.36%,0.6403,732
2025-10-30,1426.74,跌↓,50.4,涨↑,✗,+0.23%,0.6403,733
2025-10-31,1430.01,涨↑,53.7,涨↑,✓,+0.35%,0.6425,734
2025-11-03,1435.0,涨↑,54.5,跌↓,✗,-0.42%,0.6398,735
2025-11-04,1429.0,涨↑,59.4,跌↓,✗,-0.62%,0.6358,736
2025-11-05,1420.08,涨↑,63.1,涨↑,✓,+1.06%,0.6426,737
2025-11-06,1435.13,跌↓,48.0,跌↓,✓,-0.13%,0.6426,738
2025-11-07,1433.33,涨↑,55.1,涨↑,✓,+2.02%,0.6555,739
2025-11-10,1462.3,涨↑,52.9,跌↓,✗,-0.23%,0.6541,740
2025-11-11,1458.99,涨↑,59.2,涨↑,✓,+0.42%,0.6568,741
2025-11-12,1465.15,涨↑,66.5,涨↑,✓,+0.36%,0.6592,742
2025-11-13,1470.38,跌↓,41.9,跌↓,✓,-0.94%,0.6592,743
2025-11-14,1456.6,跌↓,49.7,涨↑,✗,+0.99%,0.6592,744
2025-11-17,1471.0,涨↑,59.3,涨↑,✓,+0.34%,0.6614,745
2025-11-18,1476.0,涨↑,55.2,跌↓,✗,-0.34%,0.6592,746
2025-11-19,1471.01,跌↓,50.6,跌↓,✓,-0.27%,0.6592,747
2025-11-20,1467.11,跌↓,51.4,跌↓,✓,-0.03%,0.6592,748
2025-11-21,1466.6,跌↓,45.5,跌↓,✓,-1.00%,0.6592,749
2025-11-24,1452.0,涨↑,56.8,跌↓,✗,-0.51%,0.6558,750
2025-11-25,1444.65,涨↑,53.0,涨↑,✓,+0.31%,0.6579,751
2025-11-26,1449.15,跌↓,50.1,跌↓,✓,-0.13%,0.6579,752
2025-11-27,1447.3,跌↓,43.3,涨↑,✗,+0.22%,0.6579,753
2025-11-28,1450.5,跌↓,50.1,跌↓,✓,-0.17%,0.6579,754
2025-12-01,1448.0,跌↓,43.1,跌↓,✓,-0.83%,0.6579,755
2025-12-02,1436.03,跌↓,51.4,跌↓,✓,-0.48%,0.6579,756
2025-12-03,1429.1,跌↓,39.9,跌↓,✓,-0.36%,0.6579,757
2025-12-04,1423.98,跌↓,50.2,涨↑,✗,+0.42%,0.6579,758
2025-12-05,1430.01,跌↓,38.8,跌↓,✓,-0.82%,0.6579,759
2025-11-10,1462.3,跌↓,48.3,跌↓,✓,-0.23%,0.6579,740
2025-11-11,1458.99,涨↑,58.3,涨↑,✓,+0.42%,0.6607,741
2025-11-12,1465.15,涨↑,65.7,涨↑,✓,+0.36%,0.663,742
2025-11-13,1470.38,跌↓,47.2,跌↓,✓,-0.94%,0.663,743
2025-11-14,1456.6,跌↓,47.2,涨↑,✗,+0.99%,0.663,744
2025-11-17,1471.0,涨↑,58.4,涨↑,✓,+0.34%,0.6653,745
2025-11-18,1476.0,涨↑,53.0,跌↓,✗,-0.34%,0.663,746
2025-11-19,1471.01,涨↑,52.2,跌↓,✗,-0.27%,0.6613,747
2025-11-20,1467.11,跌↓,50.2,跌↓,✓,-0.03%,0.6613,748
2025-11-21,1466.6,跌↓,47.0,跌↓,✓,-1.00%,0.6613,749
2025-11-24,1452.0,涨↑,52.4,跌↓,✗,-0.51%,0.6579,750
2025-11-25,1444.65,涨↑,53.0,涨↑,✓,+0.31%,0.66,751
2025-11-26,1449.15,跌↓,50.8,跌↓,✓,-0.13%,0.66,752
2025-11-27,1447.3,跌↓,44.8,涨↑,✗,+0.22%,0.66,753
2025-11-28,1450.5,跌↓,44.5,跌↓,✓,-0.17%,0.66,754
2025-12-01,1448.0,跌↓,45.1,跌↓,✓,-0.83%,0.66,755
2025-12-02,1436.03,跌↓,47.9,跌↓,✓,-0.48%,0.66,756
2025-12-03,1429.1,跌↓,42.9,跌↓,✓,-0.36%,0.66,757
2025-12-04,1423.98,涨↑,52.9,涨↑,✓,+0.42%,0.6628,758
2025-12-05,1430.01,跌↓,42.3,跌↓,✓,-0.82%,0.6628,759
2025-12-08,1418.22,跌↓,45.2,跌↓,✓,-1.21%,0.6628,760
2025-12-09,1401.01,跌↓,41.8,涨↑,✗,+0.13%,0.6628,761
2025-12-10,1402.8,跌↓,47.9,涨↑,✗,+0.66%,0.6628,762
2025-12-11,1411.99,涨↑,56.7,涨↑,✓,+0.61%,0.6668,763
2025-12-12,1420.65,跌↓,48.4,涨↑,✗,+0.38%,0.6668,764
2025-12-15,1426.0,涨↑,57.1,跌↓,✗,-0.28%,0.665,765
2025-12-16,1422.0,涨↑,61.6,涨↑,✓,+0.78%,0.6701,766
2025-12-17,1433.1,跌↓,50.3,跌↓,✓,-0.15%,0.6701,767
2025-12-18,1431.0,跌↓,51.6,跌↓,✓,-1.47%,0.6701,768
2025-12-19,1410.0,跌↓,51.0,跌↓,✓,-0.12%,0.6701,769
2025-11-24,1452.0,跌↓,46.7,跌↓,✓,-0.51%,0.6701,750
2025-11-25,1444.65,跌↓,49.3,涨↑,✗,+0.31%,0.6701,751
2025-11-26,1449.15,跌↓,46.3,跌↓,✓,-0.13%,0.6701,752
2025-11-27,1447.3,跌↓,41.6,涨↑,✗,+0.22%,0.6701,753
2025-11-28,1450.5,跌↓,44.2,跌↓,✓,-0.17%,0.6701,754
2025-12-01,1448.0,跌↓,45.1,跌↓,✓,-0.83%,0.6701,755
2025-12-02,1436.03,跌↓,49.7,跌↓,✓,-0.48%,0.6701,756
2025-12-03,1429.1,跌↓,44.2,跌↓,✓,-0.36%,0.6701,757
2025-12-04,1423.98,涨↑,57.2,涨↑,✓,+0.42%,0.673,758
2025-12-05,1430.01,跌↓,41.1,跌↓,✓,-0.82%,0.673,759
2025-12-08,1418.22,跌↓,41.2,跌↓,✓,-1.21%,0.673,760
2025-12-09,1401.01,跌↓,42.5,涨↑,✗,+0.13%,0.673,761
2025-12-10,1402.8,跌↓,47.2,涨↑,✗,+0.66%,0.673,762
2025-12-11,1411.99,跌↓,51.6,涨↑,✗,+0.61%,0.673,763
2025-12-12,1420.65,跌↓,43.1,涨↑,✗,+0.38%,0.673,764
2025-12-15,1426.0,涨↑,54.8,跌↓,✗,-0.28%,0.6711,765
2025-12-16,1422.0,涨↑,60.5,涨↑,✓,+0.78%,0.6763,766
2025-12-17,1433.1,跌↓,46.5,跌↓,✓,-0.15%,0.6763,767
2025-12-18,1431.0,跌↓,50.4,跌↓,✓,-1.47%,0.6763,768
2025-12-19,1410.0,跌↓,49.3,跌↓,✓,-0.12%,0.6763,769
2025-12-22,1408.26,跌↓,50.7,跌↓,✓,-0.03%,0.6763,770
2025-12-23,1407.86,跌↓,46.2,跌↓,✓,-0.49%,0.6763,771
2025-12-24,1400.9,跌↓,49.4,涨↑,✗,+0.95%,0.6763,772
2025-12-25,1414.17,跌↓,51.1,跌↓,✓,-0.00%,0.6763,773
2025-12-26,1414.13,跌↓,50.2,跌↓,✓,-0.86%,0.6763,774
2025-12-29,1402.0,跌↓,50.6,跌↓,✓,-0.88%,0.6763,775
2025-12-30,1389.72,跌↓,48.4,跌↓,✓,-0.90%,0.6763,776
2025-12-31,1377.18,涨↑,61.3,涨↑,✓,+3.54%,0.7003,777
2026-01-05,1426.0,跌↓,45.6,涨↑,✗,+0.14%,0.7003,778
2026-01-06,1428.01,涨↑,57.1,跌↓,✗,-0.33%,0.698,779
2025-12-08,1418.22,跌↓,37.1,跌↓,✓,-1.21%,0.698,760
2025-12-09,1401.01,跌↓,36.3,涨↑,✗,+0.13%,0.698,761
2025-12-10,1402.8,跌↓,42.9,涨↑,✗,+0.66%,0.698,762
2025-12-11,1411.99,跌↓,48.5,涨↑,✗,+0.61%,0.698,763
2025-12-12,1420.65,跌↓,38.5,涨↑,✗,+0.38%,0.698,764
2025-12-15,1426.0,涨↑,54.8,跌↓,✗,-0.28%,0.6961,765
2025-12-16,1422.0,涨↑,57.4,涨↑,✓,+0.78%,0.7015,766
2025-12-17,1433.1,跌↓,40.6,跌↓,✓,-0.15%,0.7015,767
2025-12-18,1431.0,跌↓,48.2,跌↓,✓,-1.47%,0.7015,768
2025-12-19,1410.0,跌↓,47.3,跌↓,✓,-0.12%,0.7015,769
2025-12-22,1408.26,跌↓,47.1,跌↓,✓,-0.03%,0.7015,770
2025-12-23,1407.86,跌↓,48.0,跌↓,✓,-0.49%,0.7015,771
2025-12-24,1400.9,跌↓,46.2,涨↑,✗,+0.95%,0.7015,772
2025-12-25,1414.17,涨↑,52.9,跌↓,✗,-0.00%,0.7015,773
2025-12-26,1414.13,涨↑,56.2,跌↓,✗,-0.86%,0.6955,774
2025-12-29,1402.0,跌↓,52.7,跌↓,✓,-0.88%,0.6955,775
2025-12-30,1389.72,跌↓,50.6,跌↓,✓,-0.90%,0.6955,776
2025-12-31,1377.18,涨↑,60.7,涨↑,✓,+3.54%,0.7201,777
2026-01-05,1426.0,跌↓,43.3,涨↑,✗,+0.14%,0.7201,778
2026-01-06,1428.01,涨↑,56.8,跌↓,✗,-0.33%,0.7178,779
2026-01-07,1423.36,涨↑,63.6,跌↓,✗,-0.78%,0.7122,780
2026-01-08,1412.3,涨↑,61.3,涨↑,✓,+0.48%,0.7156,781
2026-01-09,1419.1,涨↑,63.7,涨↑,✓,+0.29%,0.7177,782
2026-01-12,1423.23,涨↑,57.8,跌↓,✗,-0.86%,0.7115,783
2026-01-13,1411.0,跌↓,48.7,跌↓,✓,-0.92%,0.7115,784
2026-01-14,1398.01,涨↑,56.4,跌↓,✗,-0.65%,0.7069,785
2026-01-15,1388.89,涨↑,61.0,跌↓,✗,-0.50%,0.7034,786
2026-01-16,1382.0,涨↑,61.7,跌↓,✗,-0.43%,0.7003,787
2026-01-19,1376.0,涨↑,68.0,跌↓,✗,-0.18%,0.6991,788
2026-01-20,1373.55,涨↑,63.7,跌↓,✗,-1.64%,0.6876,789
2025-12-22,1408.26,跌↓,45.0,跌↓,✓,-0.03%,0.6876,770
2025-12-23,1407.86,跌↓,47.9,跌↓,✓,-0.49%,0.6876,771
2025-12-24,1400.9,跌↓,43.7,涨↑,✗,+0.95%,0.6876,772
2025-12-25,1414.17,跌↓,46.0,跌↓,✓,-0.00%,0.6876,773
2025-12-26,1414.13,跌↓,50.3,跌↓,✓,-0.86%,0.6876,774
2025-12-29,1402.0,跌↓,49.9,跌↓,✓,-0.88%,0.6876,775
2025-12-30,1389.72,跌↓,49.3,跌↓,✓,-0.90%,0.6876,776
2025-12-31,1377.18,涨↑,60.7,涨↑,✓,+3.54%,0.712,777
2026-01-05,1426.0,跌↓,42.2,涨↑,✗,+0.14%,0.712,778
2026-01-06,1428.01,涨↑,55.7,跌↓,✗,-0.33%,0.7097,779
2026-01-07,1423.36,涨↑,62.6,跌↓,✗,-0.78%,0.7042,780
2026-01-08,1412.3,涨↑,61.7,涨↑,✓,+0.48%,0.7076,781
2026-01-09,1419.1,涨↑,64.1,涨↑,✓,+0.29%,0.7096,782
2026-01-12,1423.23,涨↑,58.8,跌↓,✗,-0.86%,0.7035,783
2026-01-13,1411.0,跌↓,50.1,跌↓,✓,-0.92%,0.7035,784
2026-01-14,1398.01,涨↑,56.7,跌↓,✗,-0.65%,0.6989,785
2026-01-15,1388.89,涨↑,58.4,跌↓,✗,-0.50%,0.6955,786
2026-01-16,1382.0,涨↑,61.2,跌↓,✗,-0.43%,0.6925,787
2026-01-19,1376.0,涨↑,65.2,跌↓,✗,-0.18%,0.6912,788
2026-01-20,1373.55,涨↑,63.9,跌↓,✗,-1.64%,0.6799,789
2026-01-21,1351.06,涨↑,61.4,跌↓,✗,-0.81%,0.6744,790
2026-01-22,1340.06,涨↑,63.3,跌↓,✗,-0.23%,0.6728,791
2026-01-23,1337.0,涨↑,65.7,涨↑,✓,+0.37%,0.6754,792
2026-01-26,1342.0,涨↑,57.5,涨↑,✓,+0.08%,0.6759,793
2026-01-27,1343.01,涨↑,57.7,跌↓,✗,-1.44%,0.6661,794
2026-01-28,1323.69,涨↑,57.4,涨↑,✓,+8.61%,0.7235,795
2026-01-29,1437.72,跌↓,43.9,跌↓,✓,-2.55%,0.7235,796
2026-01-30,1401.0,涨↑,60.1,涨↑,✓,+1.86%,0.7369,797
2026-02-02,1427.0,涨↑,62.8,涨↑,✓,+3.36%,0.7617,798
2026-02-03,1474.92,涨↑,54.1,涨↑,✓,+3.40%,0.7876,799
2026-01-07,1423.36,涨↑,59.2,跌↓,✗,-0.78%,0.7814,780
2026-01-08,1412.3,涨↑,58.2,涨↑,✓,+0.48%,0.7852,781
2026-01-09,1419.1,涨↑,61.1,涨↑,✓,+0.29%,0.7875,782
2026-01-12,1423.23,涨↑,57.2,跌↓,✗,-0.86%,0.7807,783
2026-01-13,1411.0,跌↓,50.6,跌↓,✓,-0.92%,0.7807,784
2026-01-14,1398.01,涨↑,55.9,跌↓,✗,-0.65%,0.7756,785
2026-01-15,1388.89,涨↑,58.1,跌↓,✗,-0.50%,0.7718,786
2026-01-16,1382.0,涨↑,61.3,跌↓,✗,-0.43%,0.7684,787
2026-01-19,1376.0,涨↑,65.6,跌↓,✗,-0.18%,0.7671,788
2026-01-20,1373.55,涨↑,66.3,跌↓,✗,-1.64%,0.7545,789
2026-01-21,1351.06,涨↑,62.7,跌↓,✗,-0.81%,0.7484,790
2026-01-22,1340.06,涨↑,64.0,跌↓,✗,-0.23%,0.7466,791
2026-01-23,1337.0,涨↑,66.3,涨↑,✓,+0.37%,0.7494,792
2026-01-26,1342.0,涨↑,58.3,涨↑,✓,+0.08%,0.75,793
2026-01-27,1343.01,涨↑,59.1,跌↓,✗,-1.44%,0.7392,794
2026-01-28,1323.69,涨↑,58.3,涨↑,✓,+8.61%,0.8029,795
2026-01-29,1437.72,跌↓,52.7,跌↓,✓,-2.55%,0.8029,796
2026-01-30,1401.0,涨↑,63.4,涨↑,✓,+1.86%,0.8178,797
2026-02-02,1427.0,涨↑,61.5,涨↑,✓,+3.36%,0.8453,798
2026-02-03,1474.92,涨↑,58.9,涨↑,✓,+3.40%,0.874,799
2026-02-04,1525.0,跌↓,50.6,涨↑,✗,+1.97%,0.874,800
2026-02-05,1555.0,涨↑,54.6,跌↓,✗,-2.57%,0.8515,801
2026-02-06,1515.01,跌↓,44.9,涨↑,✗,+0.66%,0.8515,802
2026-02-09,1524.96,涨↑,56.4,跌↓,✗,-1.32%,0.8402,803
2026-02-10,1504.8,涨↑,54.4,跌↓,✗,-0.03%,0.84,804
2026-02-11,1504.33,跌↓,47.1,跌↓,✓,-1.18%,0.84,805
2026-02-12,1486.6,跌↓,46.8,跌↓,✓,-0.09%,0.84,806
2026-02-13,1485.3,跌↓,43.1,跌↓,✓,-1.25%,0.84,807
2026-02-24,1466.8,跌↓,43.0,涨↑,✗,+1.69%,0.84,808
2026-02-25,1491.66,跌↓,31.9,跌↓,✓,-1.71%,0.84,809
2026-01-21,1351.06,跌↓,50.8,跌↓,✓,-0.81%,0.84,790
2026-01-22,1340.06,跌↓,52.3,跌↓,✓,-0.23%,0.84,791
2026-01-23,1337.0,跌↓,53.8,涨↑,✗,+0.37%,0.84,792
2026-01-26,1342.0,跌↓,49.1,涨↑,✗,+0.08%,0.84,793
2026-01-27,1343.01,跌↓,50.9,跌↓,✓,-1.44%,0.84,794
2026-01-28,1323.69,跌↓,48.9,涨↑,✗,+8.61%,0.84,795
2026-01-29,1437.72,跌↓,48.9,跌↓,✓,-2.55%,0.84,796
2026-01-30,1401.0,涨↑,63.8,涨↑,✓,+1.86%,0.8556,797
2026-02-02,1427.0,涨↑,63.4,涨↑,✓,+3.36%,0.8843,798
2026-02-03,1474.92,涨↑,61.8,涨↑,✓,+3.40%,0.9143,799
2026-02-04,1525.0,跌↓,53.7,涨↑,✗,+1.97%,0.9143,800
2026-02-05,1555.0,涨↑,59.2,跌↓,✗,-2.57%,0.8908,801
2026-02-06,1515.01,跌↓,47.7,涨↑,✗,+0.66%,0.8908,802
2026-02-09,1524.96,涨↑,60.1,跌↓,✗,-1.32%,0.879,803
2026-02-10,1504.8,涨↑,56.8,跌↓,✗,-0.03%,0.8787,804
2026-02-11,1504.33,跌↓,49.9,跌↓,✓,-1.18%,0.8787,805
2026-02-12,1486.6,跌↓,48.9,跌↓,✓,-0.09%,0.8787,806
2026-02-13,1485.3,跌↓,49.0,跌↓,✓,-1.25%,0.8787,807
2026-02-24,1466.8,跌↓,44.9,涨↑,✗,+1.69%,0.8787,808
2026-02-25,1491.66,跌↓,33.3,跌↓,✓,-1.71%,0.8787,809
2026-02-26,1466.21,跌↓,44.3,跌↓,✓,-0.76%,0.8787,810
2026-02-27,1455.02,跌↓,40.5,跌↓,✓,-1.02%,0.8787,811
2026-03-02,1440.11,跌↓,45.0,跌↓,✓,-0.97%,0.8787,812
2026-03-03,1426.19,跌↓,52.9,跌↓,✓,-1.75%,0.8787,813
2026-03-04,1401.18,涨↑,55.0,跌↓,✗,-0.15%,0.8774,814
2026-03-05,1399.04,涨↑,61.6,涨↑,✓,+0.21%,0.8793,815
2026-03-06,1402.0,跌↓,49.5,跌↓,✓,-0.36%,0.8793,816
2026-03-09,1397.0,涨↑,55.4,涨↑,✓,+0.35%,0.8823,817
2026-03-10,1401.88,跌↓,54.1,跌↓,✓,-0.13%,0.8823,818
2026-03-11,1400.0,跌↓,49.3,跌↓,✓,-0.57%,0.8823,819
2026-02-04,1525.0,涨↑,57.9,涨↑,✓,+1.97%,0.8997,800
2026-02-05,1555.0,涨↑,60.9,跌↓,✗,-2.57%,0.8765,801
2026-02-06,1515.01,跌↓,52.6,涨↑,✗,+0.66%,0.8765,802
2026-02-09,1524.96,涨↑,59.9,跌↓,✗,-1.32%,0.865,803
2026-02-10,1504.8,涨↑,57.4,跌↓,✗,-0.03%,0.8647,804
2026-02-11,1504.33,跌↓,48.5,跌↓,✓,-1.18%,0.8647,805
2026-02-12,1486.6,跌↓,48.3,跌↓,✓,-0.09%,0.8647,806
2026-02-13,1485.3,跌↓,50.4,跌↓,✓,-1.25%,0.8647,807
2026-02-24,1466.8,跌↓,44.0,涨↑,✗,+1.69%,0.8647,808
2026-02-25,1491.66,跌↓,33.2,跌↓,✓,-1.71%,0.8647,809
2026-02-26,1466.21,跌↓,44.3,跌↓,✓,-0.76%,0.8647,810
2026-02-27,1455.02,跌↓,39.4,跌↓,✓,-1.02%,0.8647,811
2026-03-02,1440.11,跌↓,42.9,跌↓,✓,-0.97%,0.8647,812
2026-03-03,1426.19,涨↑,55.9,跌↓,✗,-1.75%,0.8495,813
2026-03-04,1401.18,涨↑,56.4,跌↓,✗,-0.15%,0.8482,814
2026-03-05,1399.04,涨↑,62.4,涨↑,✓,+0.21%,0.85,815
2026-03-06,1402.0,跌↓,50.5,跌↓,✓,-0.36%,0.85,816
2026-03-09,1397.0,涨↑,58.4,涨↑,✓,+0.35%,0.853,817
2026-03-10,1401.88,涨↑,59.1,跌↓,✗,-0.13%,0.8519,818
2026-03-11,1400.0,跌↓,53.7,跌↓,✓,-0.57%,0.8519,819
2026-03-12,1392.0,涨↑,59.0,涨↑,✓,+1.55%,0.8651,820
2026-03-13,1413.64,跌↓,50.9,涨↑,✗,+3.29%,0.8651,821
2026-03-16,1460.18,涨↑,65.6,涨↑,✓,+1.70%,0.8798,822
2026-03-17,1485.0,涨↑,56.6,跌↓,✗,-1.09%,0.8702,823
2026-03-18,1468.8,涨↑,63.7,跌↓,✗,-1.08%,0.8608,824
2026-03-19,1452.87,涨↑,55.9,跌↓,✗,-0.54%,0.8561,825
2026-03-20,1445.0,涨↑,56.0,跌↓,✗,-2.56%,0.8342,826
2026-03-23,1408.07,涨↑,56.7,跌↓,✗,-0.05%,0.8338,827
2026-03-24,1407.33,涨↑,60.5,涨↑,✓,+0.21%,0.8355,828
2026-03-25,1410.27,涨↑,57.9,跌↓,✗,-0.64%,0.8301,829
2026-02-26,1466.21,跌↓,40.0,跌↓,✓,-0.76%,0.8301,810
2026-02-27,1455.02,跌↓,33.2,跌↓,✓,-1.02%,0.8301,811
2026-03-02,1440.11,跌↓,39.9,跌↓,✓,-0.97%,0.8301,812
2026-03-03,1426.19,跌↓,51.4,跌↓,✓,-1.75%,0.8301,813
2026-03-04,1401.18,跌↓,53.4,跌↓,✓,-0.15%,0.8301,814
2026-03-05,1399.04,涨↑,57.5,涨↑,✓,+0.21%,0.8319,815
2026-03-06,1402.0,跌↓,44.6,跌↓,✓,-0.36%,0.8319,816
2026-03-09,1397.0,跌↓,52.8,涨↑,✗,+0.35%,0.8319,817
2026-03-10,1401.88,涨↑,55.9,跌↓,✗,-0.13%,0.8308,818
2026-03-11,1400.0,跌↓,49.1,跌↓,✓,-0.57%,0.8308,819
2026-03-12,1392.0,跌↓,54.1,涨↑,✗,+1.55%,0.8308,820
2026-03-13,1413.64,跌↓,51.2,涨↑,✗,+3.29%,0.8308,821
2026-03-16,1460.18,涨↑,65.3,涨↑,✓,+1.70%,0.8449,822
2026-03-17,1485.0,涨↑,56.3,跌↓,✗,-1.09%,0.8357,823
2026-03-18,1468.8,涨↑,63.9,跌↓,✗,-1.08%,0.8266,824
2026-03-19,1452.87,跌↓,53.7,跌↓,✓,-0.54%,0.8266,825
2026-03-20,1445.0,跌↓,53.3,跌↓,✓,-2.56%,0.8266,826
2026-03-23,1408.07,涨↑,59.4,跌↓,✗,-0.05%,0.8262,827
2026-03-24,1407.33,涨↑,59.8,涨↑,✓,+0.21%,0.8279,828
2026-03-25,1410.27,跌↓,53.4,跌↓,✓,-0.64%,0.8279,829
2026-03-26,1401.18,跌↓,51.7,涨↑,✗,+1.06%,0.8279,830
2026-03-27,1416.02,跌↓,46.1,涨↑,✗,+0.28%,0.8279,831
2026-03-30,1420.0,跌↓,39.3,涨↑,✗,+2.11%,0.8279,832
2026-03-31,1450.0,跌↓,41.6,涨↑,✗,+0.65%,0.8279,833
2026-04-01,1459.44,跌↓,47.7,涨↑,✗,+0.03%,0.8279,834
2026-04-02,1459.88,涨↑,57.5,涨↑,✓,+0.01%,0.828,835
2026-04-03,1460.0,涨↑,62.3,跌↓,✗,-1.37%,0.8166,836
2026-04-07,1440.02,涨↑,57.8,涨↑,✓,+1.74%,0.8308,837
2026-04-08,1465.02,跌↓,38.0,跌↓,✓,-0.31%,0.8308,838
2026-04-09,1460.49,跌↓,44.5,跌↓,✓,-0.45%,0.8308,839
