date,close,predict,prob_up,real,correct,ret,equity
2024-03-29,1702.9,跌↓,47.6,涨↑,✗,+1.08%,1.0
2024-04-01,1721.33,跌↓,32.6,跌↓,✓,-0.43%,1.0
2024-04-02,1713.99,跌↓,35.9,涨↑,✗,+0.07%,1.0
2024-04-03,1715.11,跌↓,46.3,跌↓,✓,-2.82%,1.0
2024-04-08,1666.66,涨↑,50.3,跌↓,✗,-0.27%,0.9973
2024-04-09,1662.22,涨↑,59.9,跌↓,✗,-0.86%,0.9888
2024-04-10,1647.98,跌↓,49.9,涨↑,✗,+0.00%,0.9888
2024-04-11,1648.0,跌↓,46.7,跌↓,✓,-0.85%,0.9888
2024-04-12,1634.03,涨↑,54.4,涨↑,✓,+2.38%,1.0124
2024-04-15,1672.98,跌↓,47.8,跌↓,✓,-0.18%,1.0124
2024-04-16,1670.0,涨↑,51.8,跌↓,✗,-0.18%,1.0105
2024-04-17,1667.0,涨↑,57.7,涨↑,✓,+0.23%,1.0128
2024-04-18,1670.78,跌↓,49.4,跌↓,✓,-1.44%,1.0128
2024-04-19,1646.64,涨↑,55.6,涨↑,✓,+1.73%,1.0303
2024-04-22,1675.06,涨↑,54.1,涨↑,✓,+1.03%,1.0409
2024-04-23,1692.28,跌↓,49.2,涨↑,✗,+0.08%,1.0409
2024-04-24,1693.6,跌↓,46.7,跌↓,✓,-0.03%,1.0409
2024-04-25,1693.04,跌↓,42.4,涨↑,✗,+0.97%,1.0409
2024-04-26,1709.43,跌↓,39.2,跌↓,✓,-0.32%,1.0409
2024-04-29,1704.0,跌↓,43.8,涨↑,✗,+0.06%,1.0409
2024-04-30,1705.0,跌↓,39.9,涨↑,✗,+3.24%,1.0409
2024-05-06,1760.2,跌↓,26.5,涨↑,✗,+0.56%,1.0409
2024-05-07,1770.0,跌↓,39.6,跌↓,✓,-0.34%,1.0409
2024-05-08,1763.97,跌↓,35.4,跌↓,✓,-0.45%,1.0409
2024-05-09,1756.0,跌↓,31.5,跌↓,✓,-0.97%,1.0409
2024-05-10,1738.98,跌↓,43.2,跌↓,✓,-1.90%,1.0409
2024-05-13,1706.0,跌↓,44.2,跌↓,✓,-0.24%,1.0409
2024-05-14,1701.98,涨↑,53.1,跌↓,✗,-0.12%,1.0397
2024-05-15,1700.0,涨↑,61.6,涨↑,✓,+0.26%,1.0424
2024-05-16,1704.5,涨↑,54.6,涨↑,✓,+0.62%,1.0489
2024-04-16,1670.0,涨↑,52.4,跌↓,✗,-0.18%,1.047
2024-04-17,1667.0,涨↑,53.2,涨↑,✓,+0.23%,1.0494
2024-04-18,1670.78,跌↓,48.8,跌↓,✓,-1.44%,1.0494
2024-04-19,1646.64,涨↑,54.1,涨↑,✓,+1.73%,1.0675
2024-04-22,1675.06,跌↓,45.2,涨↑,✗,+1.03%,1.0675
2024-04-23,1692.28,跌↓,40.4,涨↑,✗,+0.08%,1.0675
2024-04-24,1693.6,跌↓,41.9,跌↓,✓,-0.03%,1.0675
2024-04-25,1693.04,跌↓,36.4,涨↑,✗,+0.97%,1.0675
2024-04-26,1709.43,跌↓,33.0,跌↓,✓,-0.32%,1.0675
2024-04-29,1704.0,跌↓,41.9,涨↑,✗,+0.06%,1.0675
2024-04-30,1705.0,跌↓,38.4,涨↑,✗,+3.24%,1.0675
2024-05-06,1760.2,跌↓,28.5,涨↑,✗,+0.56%,1.0675
2024-05-07,1770.0,跌↓,42.9,跌↓,✓,-0.34%,1.0675
2024-05-08,1763.97,跌↓,34.9,跌↓,✓,-0.45%,1.0675
2024-05-09,1756.0,跌↓,33.7,跌↓,✓,-0.97%,1.0675
2024-05-10,1738.98,跌↓,44.5,跌↓,✓,-1.90%,1.0675
2024-05-13,1706.0,跌↓,41.9,跌↓,✓,-0.24%,1.0675
2024-05-14,1701.98,涨↑,54.4,跌↓,✗,-0.12%,1.0662
2024-05-15,1700.0,涨↑,67.1,涨↑,✓,+0.26%,1.0691
2024-05-16,1704.5,涨↑,56.3,涨↑,✓,+0.62%,1.0756
2024-05-17,1715.0,涨↑,51.1,跌↓,✗,-0.35%,1.0719
2024-05-20,1709.0,涨↑,52.1,跌↓,✗,-0.23%,1.0694
2024-05-21,1705.0,涨↑,54.6,跌↓,✗,-0.43%,1.0648
2024-05-22,1697.71,涨↑,58.8,跌↓,✗,-0.34%,1.0612
2024-05-23,1692.01,涨↑,63.1,跌↓,✗,-0.88%,1.0519
2024-05-24,1677.08,涨↑,67.0,跌↓,✗,-0.42%,1.0475
2024-05-27,1670.12,涨↑,67.4,跌↓,✗,-0.33%,1.0441
2024-05-28,1664.64,涨↑,69.9,涨↑,✓,+0.56%,1.0499
2024-05-29,1674.0,涨↑,62.5,跌↓,✗,-1.49%,1.0342
2024-05-30,1649.0,涨↑,59.9,跌↓,✗,-0.03%,1.0339
2024-04-30,1705.0,跌↓,41.5,涨↑,✗,+3.24%,1.0339
2024-05-06,1760.2,跌↓,31.9,涨↑,✗,+0.56%,1.0339
2024-05-07,1770.0,跌↓,43.7,跌↓,✓,-0.34%,1.0339
2024-05-08,1763.97,跌↓,36.1,跌↓,✓,-0.45%,1.0339
2024-05-09,1756.0,跌↓,37.5,跌↓,✓,-0.97%,1.0339
2024-05-10,1738.98,跌↓,46.7,跌↓,✓,-1.90%,1.0339
2024-05-13,1706.0,跌↓,49.4,跌↓,✓,-0.24%,1.0339
2024-05-14,1701.98,涨↑,61.7,跌↓,✗,-0.12%,1.0327
2024-05-15,1700.0,涨↑,66.8,涨↑,✓,+0.26%,1.0354
2024-05-16,1704.5,涨↑,58.5,涨↑,✓,+0.62%,1.0418
2024-05-17,1715.0,涨↑,50.2,跌↓,✗,-0.35%,1.0382
2024-05-20,1709.0,跌↓,48.9,跌↓,✓,-0.23%,1.0382
2024-05-21,1705.0,涨↑,52.9,跌↓,✗,-0.43%,1.0337
2024-05-22,1697.71,涨↑,58.0,跌↓,✗,-0.34%,1.0303
2024-05-23,1692.01,涨↑,63.1,跌↓,✗,-0.88%,1.0212
2024-05-24,1677.08,涨↑,67.4,跌↓,✗,-0.42%,1.0169
2024-05-27,1670.12,涨↑,69.6,跌↓,✗,-0.33%,1.0136
2024-05-28,1664.64,涨↑,69.9,涨↑,✓,+0.56%,1.0193
2024-05-29,1674.0,涨↑,59.8,跌↓,✗,-1.49%,1.0041
2024-05-30,1649.0,涨↑,58.0,跌↓,✗,-0.03%,1.0037
2024-05-31,1648.45,涨↑,66.6,跌↓,✗,-0.55%,0.9982
2024-06-03,1639.39,涨↑,64.4,涨↑,✓,+0.84%,1.0066
2024-06-04,1653.2,涨↑,58.2,跌↓,✗,-0.56%,1.001
2024-06-05,1644.0,涨↑,64.5,跌↓,✗,-0.25%,0.9985
2024-06-06,1639.81,涨↑,60.2,跌↓,✗,-1.26%,0.9859
2024-06-07,1619.18,涨↑,64.5,跌↓,✗,-3.10%,0.9554
2024-06-11,1569.0,涨↑,69.7,涨↑,✓,+0.17%,0.957
2024-06-12,1571.68,涨↑,65.6,跌↓,✗,-1.06%,0.9468
2024-06-13,1555.01,涨↑,64.9,跌↓,✗,-0.00%,0.9468
2024-06-14,1555.0,涨↑,65.5,跌↓,✗,-0.87%,0.9386
2024-05-17,1715.0,涨↑,51.9,跌↓,✗,-0.35%,0.9353
2024-05-20,1709.0,涨↑,53.1,跌↓,✗,-0.23%,0.9331
2024-05-21,1705.0,涨↑,55.8,跌↓,✗,-0.43%,0.9291
2024-05-22,1697.71,涨↑,57.7,跌↓,✗,-0.34%,0.926
2024-05-23,1692.01,涨↑,62.2,跌↓,✗,-0.88%,0.9179
2024-05-24,1677.08,涨↑,67.6,跌↓,✗,-0.42%,0.914
2024-05-27,1670.12,涨↑,71.6,跌↓,✗,-0.33%,0.911
2024-05-28,1664.64,涨↑,71.9,涨↑,✓,+0.56%,0.9162
2024-05-29,1674.0,涨↑,62.7,跌↓,✗,-1.49%,0.9025
2024-05-30,1649.0,涨↑,57.3,跌↓,✗,-0.03%,0.9022
2024-05-31,1648.45,涨↑,67.4,跌↓,✗,-0.55%,0.8972
2024-06-03,1639.39,涨↑,63.7,涨↑,✓,+0.84%,0.9048
2024-06-04,1653.2,涨↑,59.2,跌↓,✗,-0.56%,0.8998
2024-06-05,1644.0,涨↑,65.6,跌↓,✗,-0.25%,0.8975
2024-06-06,1639.81,涨↑,63.0,跌↓,✗,-1.26%,0.8862
2024-06-07,1619.18,涨↑,62.3,跌↓,✗,-3.10%,0.8587
2024-06-11,1569.0,涨↑,65.1,涨↑,✓,+0.17%,0.8602
2024-06-12,1571.68,涨↑,62.4,跌↓,✗,-1.06%,0.851
2024-06-13,1555.01,涨↑,62.6,跌↓,✗,-0.00%,0.851
2024-06-14,1555.0,涨↑,65.3,跌↓,✗,-0.87%,0.8437
2024-06-17,1541.5,涨↑,70.3,跌↓,✗,-1.30%,0.8327
2024-06-18,1521.5,涨↑,70.6,跌↓,✗,-1.35%,0.8215
2024-06-19,1501.0,涨↑,62.5,跌↓,✗,-0.06%,0.821
2024-06-20,1500.1,涨↑,68.0,跌↓,✗,-1.94%,0.8051
2024-06-21,1471.0,涨↑,64.5,涨↑,✓,+0.38%,0.8081
2024-06-24,1476.55,涨↑,76.4,涨↑,✓,+0.68%,0.8136
2024-06-25,1486.65,涨↑,73.1,涨↑,✓,+0.17%,0.815
2024-06-26,1489.22,涨↑,68.9,涨↑,✓,+0.09%,0.8157
2024-06-27,1490.49,涨↑,63.0,跌↓,✗,-1.55%,0.8031
2024-06-28,1467.39,涨↑,76.4,跌↓,✗,-1.84%,0.7883
2024-05-31,1648.45,涨↑,52.5,跌↓,✗,-0.55%,0.784
2024-06-03,1639.39,跌↓,48.5,涨↑,✗,+0.84%,0.784
2024-06-04,1653.2,跌↓,49.5,跌↓,✓,-0.56%,0.784
2024-06-05,1644.0,涨↑,53.5,跌↓,✗,-0.25%,0.782
2024-06-06,1639.81,跌↓,47.0,跌↓,✓,-1.26%,0.782
2024-06-07,1619.18,跌↓,45.6,跌↓,✓,-3.10%,0.782
2024-06-11,1569.0,涨↑,58.3,涨↑,✓,+0.17%,0.7833
2024-06-12,1571.68,涨↑,56.5,跌↓,✗,-1.06%,0.775
2024-06-13,1555.01,涨↑,57.5,跌↓,✗,-0.00%,0.775
2024-06-14,1555.0,涨↑,63.8,跌↓,✗,-0.87%,0.7683
2024-06-17,1541.5,涨↑,69.1,跌↓,✗,-1.30%,0.7583
2024-06-18,1521.5,涨↑,67.1,跌↓,✗,-1.35%,0.7481
2024-06-19,1501.0,涨↑,57.4,跌↓,✗,-0.06%,0.7476
2024-06-20,1500.1,涨↑,68.3,跌↓,✗,-1.94%,0.7331
2024-06-21,1471.0,涨↑,61.0,涨↑,✓,+0.38%,0.7359
2024-06-24,1476.55,涨↑,76.6,涨↑,✓,+0.68%,0.7409
2024-06-25,1486.65,涨↑,72.0,涨↑,✓,+0.17%,0.7422
2024-06-26,1489.22,涨↑,67.2,涨↑,✓,+0.09%,0.7429
2024-06-27,1490.49,涨↑,62.2,跌↓,✗,-1.55%,0.7313
2024-06-28,1467.39,涨↑,74.3,跌↓,✗,-1.84%,0.7179
2024-07-01,1440.38,涨↑,71.5,涨↑,✓,+3.49%,0.743
2024-07-02,1490.7,涨↑,75.0,涨↑,✓,+0.62%,0.7476
2024-07-03,1500.0,涨↑,75.5,跌↓,✗,-0.95%,0.7405
2024-07-04,1485.74,涨↑,73.7,跌↓,✗,-2.20%,0.7242
2024-07-05,1453.0,涨↑,64.8,跌↓,✗,-2.27%,0.7077
2024-07-08,1420.0,涨↑,75.1,涨↑,✓,+1.27%,0.7167
2024-07-09,1438.03,涨↑,72.5,跌↓,✗,-0.03%,0.7165
2024-07-10,1437.59,涨↑,73.9,涨↑,✓,+1.70%,0.7287
2024-07-11,1462.09,涨↑,55.2,涨↑,✓,+1.14%,0.737
2024-07-12,1478.82,涨↑,65.2,跌↓,✗,-0.27%,0.7351
2024-06-17,1541.5,涨↑,61.1,跌↓,✗,-1.30%,0.7255
2024-06-18,1521.5,涨↑,59.5,跌↓,✗,-1.35%,0.7158
2024-06-19,1501.0,涨↑,53.0,跌↓,✗,-0.06%,0.7153
2024-06-20,1500.1,涨↑,61.0,跌↓,✗,-1.94%,0.7015
2024-06-21,1471.0,涨↑,54.6,涨↑,✓,+0.38%,0.7041
2024-06-24,1476.55,涨↑,68.4,涨↑,✓,+0.68%,0.7089
2024-06-25,1486.65,涨↑,67.7,涨↑,✓,+0.17%,0.7102
2024-06-26,1489.22,涨↑,59.7,涨↑,✓,+0.09%,0.7108
2024-06-27,1490.49,涨↑,57.0,跌↓,✗,-1.55%,0.6997
2024-06-28,1467.39,涨↑,70.1,跌↓,✗,-1.84%,0.6869
2024-07-01,1440.38,涨↑,70.1,涨↑,✓,+3.49%,0.7109
2024-07-02,1490.7,涨↑,75.2,涨↑,✓,+0.62%,0.7153
2024-07-03,1500.0,涨↑,77.3,跌↓,✗,-0.95%,0.7085
2024-07-04,1485.74,涨↑,75.1,跌↓,✗,-2.20%,0.6929
2024-07-05,1453.0,涨↑,68.2,跌↓,✗,-2.27%,0.6771
2024-07-08,1420.0,涨↑,74.2,涨↑,✓,+1.27%,0.6857
2024-07-09,1438.03,涨↑,71.9,跌↓,✗,-0.03%,0.6855
2024-07-10,1437.59,涨↑,73.2,涨↑,✓,+1.70%,0.6972
2024-07-11,1462.09,涨↑,55.1,涨↑,✓,+1.14%,0.7052
2024-07-12,1478.82,涨↑,66.1,跌↓,✗,-0.27%,0.7033
2024-07-15,1474.9,涨↑,65.9,涨↑,✓,+0.07%,0.7038
2024-07-16,1476.0,涨↑,56.3,涨↑,✓,+1.72%,0.716
2024-07-17,1501.4,涨↑,58.7,跌↓,✗,-0.26%,0.7141
2024-07-18,1497.51,涨↑,66.8,涨↑,✓,+1.88%,0.7275
2024-07-19,1525.62,涨↑,56.6,跌↓,✗,-1.74%,0.7148
2024-07-22,1499.0,跌↓,43.8,跌↓,✓,-2.94%,0.7148
2024-07-23,1455.0,涨↑,54.7,跌↓,✗,-1.03%,0.7075
2024-07-24,1440.02,涨↑,62.2,跌↓,✗,-0.66%,0.7028
2024-07-25,1430.49,涨↑,67.4,跌↓,✗,-0.58%,0.6987
2024-07-26,1422.19,涨↑,68.6,跌↓,✗,-1.70%,0.6868
2024-07-01,1440.38,涨↑,64.2,涨↑,✓,+3.49%,0.7108
2024-07-02,1490.7,涨↑,79.4,涨↑,✓,+0.62%,0.7152
2024-07-03,1500.0,涨↑,75.8,跌↓,✗,-0.95%,0.7085
2024-07-04,1485.74,涨↑,74.3,跌↓,✗,-2.20%,0.6928
2024-07-05,1453.0,涨↑,65.7,跌↓,✗,-2.27%,0.6771
2024-07-08,1420.0,涨↑,71.1,涨↑,✓,+1.27%,0.6857
2024-07-09,1438.03,涨↑,74.7,跌↓,✗,-0.03%,0.6855
2024-07-10,1437.59,涨↑,72.7,涨↑,✓,+1.70%,0.6972
2024-07-11,1462.09,涨↑,59.2,涨↑,✓,+1.14%,0.7052
2024-07-12,1478.82,涨↑,65.2,跌↓,✗,-0.27%,0.7033
2024-07-15,1474.9,涨↑,65.4,涨↑,✓,+0.07%,0.7038
2024-07-16,1476.0,涨↑,55.4,涨↑,✓,+1.72%,0.7159
2024-07-17,1501.4,跌↓,48.5,跌↓,✓,-0.26%,0.7159
2024-07-18,1497.51,涨↑,58.4,涨↑,✓,+1.88%,0.7294
2024-07-19,1525.62,跌↓,48.0,跌↓,✓,-1.74%,0.7294
2024-07-22,1499.0,跌↓,40.6,跌↓,✓,-2.94%,0.7294
2024-07-23,1455.0,涨↑,55.6,跌↓,✗,-1.03%,0.7218
2024-07-24,1440.02,涨↑,61.3,跌↓,✗,-0.66%,0.7171
2024-07-25,1430.49,涨↑,67.4,跌↓,✗,-0.58%,0.7129
2024-07-26,1422.19,涨↑,68.7,跌↓,✗,-1.70%,0.7008
2024-07-29,1398.02,涨↑,69.6,跌↓,✗,-1.29%,0.6918
2024-07-30,1379.99,涨↑,63.4,涨↑,✓,+2.99%,0.7125
2024-07-31,1421.28,涨↑,67.8,跌↓,✗,-2.47%,0.6948
2024-08-01,1386.16,涨↑,62.4,跌↓,✗,-0.05%,0.6945
2024-08-02,1385.45,涨↑,52.3,涨↑,✓,+1.77%,0.7068
2024-08-05,1410.01,涨↑,67.7,跌↓,✗,-0.38%,0.7041
2024-08-06,1404.7,涨↑,77.1,涨↑,✓,+0.77%,0.7096
2024-08-07,1415.5,涨↑,74.7,涨↑,✓,+1.07%,0.7172
2024-08-08,1430.69,涨↑,69.4,涨↑,✓,+0.43%,0.7202
2024-08-09,1436.8,涨↑,71.5,跌↓,✗,-0.05%,0.7199
2024-07-15,1474.9,涨↑,60.4,涨↑,✓,+0.07%,0.7204
2024-07-16,1476.0,跌↓,46.3,涨↑,✗,+1.72%,0.7204
2024-07-17,1501.4,跌↓,45.5,跌↓,✓,-0.26%,0.7204
2024-07-18,1497.51,涨↑,59.3,涨↑,✓,+1.88%,0.7339
2024-07-19,1525.62,涨↑,50.7,跌↓,✗,-1.74%,0.7211
2024-07-22,1499.0,跌↓,45.1,跌↓,✓,-2.94%,0.7211
2024-07-23,1455.0,跌↓,49.3,跌↓,✓,-1.03%,0.7211
2024-07-24,1440.02,涨↑,54.2,跌↓,✗,-0.66%,0.7164
2024-07-25,1430.49,涨↑,63.6,跌↓,✗,-0.58%,0.7122
2024-07-26,1422.19,涨↑,67.7,跌↓,✗,-1.70%,0.7001
2024-07-29,1398.02,涨↑,71.3,跌↓,✗,-1.29%,0.6911
2024-07-30,1379.99,涨↑,65.7,涨↑,✓,+2.99%,0.7118
2024-07-31,1421.28,涨↑,66.6,跌↓,✗,-2.47%,0.6942
2024-08-01,1386.16,涨↑,60.3,跌↓,✗,-0.05%,0.6938
2024-08-02,1385.45,跌↓,49.9,涨↑,✗,+1.77%,0.6938
2024-08-05,1410.01,涨↑,64.1,跌↓,✗,-0.38%,0.6912
2024-08-06,1404.7,涨↑,73.6,涨↑,✓,+0.77%,0.6965
2024-08-07,1415.5,涨↑,69.2,涨↑,✓,+1.07%,0.704
2024-08-08,1430.69,涨↑,63.5,涨↑,✓,+0.43%,0.707
2024-08-09,1436.8,涨↑,64.5,跌↓,✗,-0.05%,0.7066
2024-08-12,1436.1,涨↑,61.1,跌↓,✗,-0.91%,0.7002
2024-08-13,1423.01,跌↓,49.9,跌↓,✓,-0.68%,0.7002
2024-08-14,1413.3,涨↑,50.4,涨↑,✓,+0.96%,0.7069
2024-08-15,1426.89,涨↑,64.2,涨↑,✓,+0.30%,0.7091
2024-08-16,1431.2,跌↓,44.9,跌↓,✓,-0.40%,0.7091
2024-08-19,1425.44,涨↑,50.6,跌↓,✗,-0.19%,0.7077
2024-08-20,1422.72,跌↓,40.1,跌↓,✓,-0.36%,0.7077
2024-08-21,1417.58,涨↑,50.5,跌↓,✗,-0.53%,0.704
2024-08-22,1410.05,跌↓,41.5,涨↑,✗,+0.35%,0.704
2024-08-23,1414.99,跌↓,42.6,跌↓,✓,-0.21%,0.704
2024-07-29,1398.02,涨↑,61.1,跌↓,✗,-1.29%,0.6949
2024-07-30,1379.99,涨↑,54.9,涨↑,✓,+2.99%,0.7157
2024-07-31,1421.28,涨↑,60.1,跌↓,✗,-2.47%,0.698
2024-08-01,1386.16,涨↑,57.1,跌↓,✗,-0.05%,0.6976
2024-08-02,1385.45,涨↑,50.2,涨↑,✓,+1.77%,0.71
2024-08-05,1410.01,涨↑,63.6,跌↓,✗,-0.38%,0.7073
2024-08-06,1404.7,涨↑,75.1,涨↑,✓,+0.77%,0.7128
2024-08-07,1415.5,涨↑,66.6,涨↑,✓,+1.07%,0.7204
2024-08-08,1430.69,涨↑,63.7,涨↑,✓,+0.43%,0.7235
2024-08-09,1436.8,涨↑,65.1,跌↓,✗,-0.05%,0.7231
2024-08-12,1436.1,涨↑,67.0,跌↓,✗,-0.91%,0.7165
2024-08-13,1423.01,涨↑,52.7,跌↓,✗,-0.68%,0.7117
2024-08-14,1413.3,跌↓,47.3,涨↑,✗,+0.96%,0.7117
2024-08-15,1426.89,涨↑,61.1,涨↑,✓,+0.30%,0.7138
2024-08-16,1431.2,跌↓,42.1,跌↓,✓,-0.40%,0.7138
2024-08-19,1425.44,涨↑,53.9,跌↓,✗,-0.19%,0.7124
2024-08-20,1422.72,跌↓,39.1,跌↓,✓,-0.36%,0.7124
2024-08-21,1417.58,涨↑,53.0,跌↓,✗,-0.53%,0.7087
2024-08-22,1410.05,跌↓,40.0,涨↑,✗,+0.35%,0.7087
2024-08-23,1414.99,跌↓,42.4,跌↓,✓,-0.21%,0.7087
2024-08-26,1412.0,跌↓,37.9,跌↓,✓,-0.56%,0.7087
2024-08-27,1404.07,跌↓,31.9,跌↓,✓,-1.07%,0.7087
2024-08-28,1389.0,跌↓,38.2,涨↑,✗,+1.75%,0.7087
2024-08-29,1413.3,跌↓,46.8,涨↑,✗,+2.11%,0.7087
2024-08-30,1443.19,跌↓,46.4,跌↓,✓,-3.34%,0.7087
2024-09-02,1395.0,涨↑,52.4,涨↑,✓,+1.08%,0.7163
2024-09-03,1410.0,跌↓,49.7,跌↓,✓,-0.71%,0.7163
2024-09-04,1400.0,涨↑,50.0,涨↑,✓,+0.35%,0.7188
2024-09-05,1404.88,跌↓,49.8,跌↓,✓,-0.49%,0.7188
2024-09-06,1398.0,跌↓,42.1,跌↓,✓,-1.65%,0.7188
2024-08-12,1436.1,涨↑,63.1,跌↓,✗,-0.91%,0.7122
2024-08-13,1423.01,跌↓,46.8,跌↓,✓,-0.68%,0.7122
2024-08-14,1413.3,跌↓,39.0,涨↑,✗,+0.96%,0.7122
2024-08-15,1426.89,跌↓,49.9,涨↑,✗,+0.30%,0.7122
2024-08-16,1431.2,跌↓,39.1,跌↓,✓,-0.40%,0.7122
2024-08-19,1425.44,跌↓,45.7,跌↓,✓,-0.19%,0.7122
2024-08-20,1422.72,跌↓,36.4,跌↓,✓,-0.36%,0.7122
2024-08-21,1417.58,跌↓,45.3,跌↓,✓,-0.53%,0.7122
2024-08-22,1410.05,跌↓,36.2,涨↑,✗,+0.35%,0.7122
2024-08-23,1414.99,跌↓,37.5,跌↓,✓,-0.21%,0.7122
2024-08-26,1412.0,跌↓,35.7,跌↓,✓,-0.56%,0.7122
2024-08-27,1404.07,跌↓,29.0,跌↓,✓,-1.07%,0.7122
2024-08-28,1389.0,跌↓,40.5,涨↑,✗,+1.75%,0.7122
2024-08-29,1413.3,跌↓,46.8,涨↑,✗,+2.11%,0.7122
2024-08-30,1443.19,跌↓,42.4,跌↓,✓,-3.34%,0.7122
2024-09-02,1395.0,跌↓,46.1,涨↑,✗,+1.08%,0.7122
2024-09-03,1410.0,涨↑,51.4,跌↓,✗,-0.71%,0.7072
2024-09-04,1400.0,跌↓,46.6,涨↑,✗,+0.35%,0.7072
2024-09-05,1404.88,涨↑,50.1,跌↓,✗,-0.49%,0.7037
2024-09-06,1398.0,跌↓,41.4,跌↓,✓,-1.65%,0.7037
2024-09-09,1375.0,涨↑,53.3,涨↑,✓,+0.22%,0.7052
2024-09-10,1378.0,涨↑,53.3,涨↑,✓,+0.15%,0.7063
2024-09-11,1380.0,跌↓,48.5,跌↓,✓,-3.26%,0.7063
2024-09-12,1335.06,跌↓,46.8,跌↓,✓,-2.32%,0.7063
2024-09-13,1304.13,涨↑,61.8,跌↓,✗,-2.85%,0.6861
2024-09-18,1266.9,涨↑,62.3,跌↓,✗,-0.47%,0.6829
2024-09-19,1261.0,涨↑,61.7,涨↑,✓,+0.23%,0.6845
2024-09-20,1263.92,涨↑,55.1,跌↓,✗,-0.19%,0.6832
2024-09-23,1261.54,涨↑,54.9,涨↑,✓,+8.80%,0.7433
2024-09-24,1372.6,涨↑,63.7,涨↑,✓,+1.92%,0.7576
2024-08-26,1412.0,跌↓,33.6,跌↓,✓,-0.56%,0.7576
2024-08-27,1404.07,跌↓,31.4,跌↓,✓,-1.07%,0.7576
2024-08-28,1389.0,跌↓,40.1,涨↑,✗,+1.75%,0.7576
2024-08-29,1413.3,跌↓,46.5,涨↑,✗,+2.11%,0.7576
2024-08-30,1443.19,跌↓,40.4,跌↓,✓,-3.34%,0.7576
2024-09-02,1395.0,跌↓,45.0,涨↑,✗,+1.08%,0.7576
2024-09-03,1410.0,跌↓,47.8,跌↓,✓,-0.71%,0.7576
2024-09-04,1400.0,跌↓,46.3,涨↑,✗,+0.35%,0.7576
2024-09-05,1404.88,涨↑,50.7,跌↓,✗,-0.49%,0.7539
2024-09-06,1398.0,跌↓,46.3,跌↓,✓,-1.65%,0.7539
2024-09-09,1375.0,涨↑,55.5,涨↑,✓,+0.22%,0.7556
2024-09-10,1378.0,涨↑,50.5,涨↑,✓,+0.15%,0.7567
2024-09-11,1380.0,跌↓,45.2,跌↓,✓,-3.26%,0.7567
2024-09-12,1335.06,跌↓,46.8,跌↓,✓,-2.32%,0.7567
2024-09-13,1304.13,涨↑,59.6,跌↓,✗,-2.85%,0.7351
2024-09-18,1266.9,涨↑,62.7,跌↓,✗,-0.47%,0.7317
2024-09-19,1261.0,涨↑,62.2,涨↑,✓,+0.23%,0.7333
2024-09-20,1263.92,涨↑,53.2,跌↓,✗,-0.19%,0.732
2024-09-23,1261.54,涨↑,53.3,涨↑,✓,+8.80%,0.7964
2024-09-24,1372.6,涨↑,64.0,涨↑,✓,+1.92%,0.8117
2024-09-25,1399.0,涨↑,62.2,涨↑,✓,+9.29%,0.8871
2024-09-26,1529.0,涨↑,52.4,涨↑,✓,+6.55%,0.9453
2024-09-27,1629.2,跌↓,38.3,涨↑,✗,+7.29%,0.9453
2024-09-30,1748.0,跌↓,38.9,跌↓,✓,-1.43%,0.9453
2024-10-08,1723.0,跌↓,40.8,跌↓,✓,-7.42%,0.9453
2024-10-09,1595.15,跌↓,49.9,涨↑,✗,+2.81%,0.9453
2024-10-10,1640.0,跌↓,48.1,跌↓,✓,-2.13%,0.9453
2024-10-11,1604.99,跌↓,43.9,跌↓,✓,-0.19%,0.9453
2024-10-14,1601.99,跌↓,46.7,跌↓,✓,-2.98%,0.9453
2024-10-15,1554.25,跌↓,45.6,跌↓,✓,-2.04%,0.9453
2024-09-09,1375.0,涨↑,60.4,涨↑,✓,+0.22%,0.9473
2024-09-10,1378.0,涨↑,59.1,涨↑,✓,+0.15%,0.9487
2024-09-11,1380.0,跌↓,47.9,跌↓,✓,-3.26%,0.9487
2024-09-12,1335.06,涨↑,53.2,跌↓,✗,-2.32%,0.9267
2024-09-13,1304.13,涨↑,63.3,跌↓,✗,-2.85%,0.9003
2024-09-18,1266.9,涨↑,65.1,跌↓,✗,-0.47%,0.8961
2024-09-19,1261.0,涨↑,63.9,涨↑,✓,+0.23%,0.8982
2024-09-20,1263.92,涨↑,50.9,跌↓,✗,-0.19%,0.8965
2024-09-23,1261.54,涨↑,56.3,涨↑,✓,+8.80%,0.9754
2024-09-24,1372.6,涨↑,61.0,涨↑,✓,+1.92%,0.9942
2024-09-25,1399.0,涨↑,61.4,涨↑,✓,+9.29%,1.0865
2024-09-26,1529.0,涨↑,52.3,涨↑,✓,+6.55%,1.1577
2024-09-27,1629.2,跌↓,42.5,涨↑,✗,+7.29%,1.1577
2024-09-30,1748.0,跌↓,43.1,跌↓,✓,-1.43%,1.1577
2024-10-08,1723.0,跌↓,48.7,跌↓,✓,-7.42%,1.1577
2024-10-09,1595.15,涨↑,52.2,涨↑,✓,+2.81%,1.1903
2024-10-10,1640.0,跌↓,49.0,跌↓,✓,-2.13%,1.1903
2024-10-11,1604.99,跌↓,47.4,跌↓,✓,-0.19%,1.1903
2024-10-14,1601.99,跌↓,45.2,跌↓,✓,-2.98%,1.1903
2024-10-15,1554.25,跌↓,45.0,跌↓,✓,-2.04%,1.1903
2024-10-16,1522.5,涨↑,52.4,跌↓,✗,-1.83%,1.1685
2024-10-17,1494.6,涨↑,51.5,涨↑,✓,+3.10%,1.2048
2024-10-18,1541.0,涨↑,55.0,跌↓,✗,-0.79%,1.1952
2024-10-21,1528.8,涨↑,57.8,涨↑,✓,+0.93%,1.2063
2024-10-22,1543.0,涨↑,56.4,涨↑,✓,+1.59%,1.2255
2024-10-23,1567.5,涨↑,56.1,跌↓,✗,-0.98%,1.2135
2024-10-24,1552.2,涨↑,64.1,涨↑,✓,+0.43%,1.2187
2024-10-25,1558.85,涨↑,63.5,涨↑,✓,+0.39%,1.2235
2024-10-28,1565.0,涨↑,62.1,跌↓,✗,-2.13%,1.1974
2024-10-29,1531.62,涨↑,67.1,涨↑,✓,+0.02%,1.1977
2024-09-25,1399.0,涨↑,64.3,涨↑,✓,+9.29%,1.309
2024-09-26,1529.0,涨↑,54.4,涨↑,✓,+6.55%,1.3948
2024-09-27,1629.2,涨↑,50.2,涨↑,✓,+7.29%,1.4965
2024-09-30,1748.0,跌↓,49.2,跌↓,✓,-1.43%,1.4965
2024-10-08,1723.0,跌↓,46.0,跌↓,✓,-7.42%,1.4965
2024-10-09,1595.15,跌↓,49.6,涨↑,✗,+2.81%,1.4965
2024-10-10,1640.0,跌↓,48.7,跌↓,✓,-2.13%,1.4965
2024-10-11,1604.99,跌↓,45.6,跌↓,✓,-0.19%,1.4965
2024-10-14,1601.99,跌↓,43.1,跌↓,✓,-2.98%,1.4965
2024-10-15,1554.25,跌↓,40.1,跌↓,✓,-2.04%,1.4965
2024-10-16,1522.5,涨↑,50.1,跌↓,✗,-1.83%,1.4691
2024-10-17,1494.6,跌↓,48.6,涨↑,✗,+3.10%,1.4691
2024-10-18,1541.0,涨↑,57.0,跌↓,✗,-0.79%,1.4575
2024-10-21,1528.8,涨↑,57.3,涨↑,✓,+0.93%,1.471
2024-10-22,1543.0,涨↑,58.5,涨↑,✓,+1.59%,1.4944
2024-10-23,1567.5,涨↑,56.2,跌↓,✗,-0.98%,1.4798
2024-10-24,1552.2,涨↑,64.9,涨↑,✓,+0.43%,1.4861
2024-10-25,1558.85,涨↑,63.1,涨↑,✓,+0.39%,1.492
2024-10-28,1565.0,涨↑,61.1,跌↓,✗,-2.13%,1.4602
2024-10-29,1531.62,涨↑,63.6,涨↑,✓,+0.02%,1.4605
2024-10-30,1532.0,涨↑,60.6,跌↓,✗,-0.27%,1.4565
2024-10-31,1527.79,涨↑,54.6,涨↑,✓,+0.39%,1.4622
2024-11-01,1533.75,跌↓,44.3,涨↑,✗,+0.94%,1.4622
2024-11-04,1548.2,跌↓,31.0,涨↑,✗,+1.86%,1.4622
2024-11-05,1576.99,跌↓,34.3,跌↓,✓,-0.38%,1.4622
2024-11-06,1571.0,跌↓,42.5,涨↑,✗,+4.97%,1.4622
2024-11-07,1649.14,跌↓,34.3,跌↓,✓,-2.38%,1.4622
2024-11-08,1609.97,跌↓,32.9,跌↓,✓,-0.74%,1.4622
2024-11-11,1598.01,跌↓,40.3,跌↓,✓,-1.30%,1.4622
2024-11-12,1577.2,跌↓,36.2,涨↑,✗,+0.08%,1.4622
2024-10-16,1522.5,跌↓,33.6,跌↓,✓,-1.83%,1.4622
2024-10-17,1494.6,跌↓,36.0,涨↑,✗,+3.10%,1.4622
2024-10-18,1541.0,跌↓,46.2,跌↓,✓,-0.79%,1.4622
2024-10-21,1528.8,跌↓,47.8,涨↑,✗,+0.93%,1.4622
2024-10-22,1543.0,跌↓,46.3,涨↑,✗,+1.59%,1.4622
2024-10-23,1567.5,跌↓,44.3,跌↓,✓,-0.98%,1.4622
2024-10-24,1552.2,涨↑,57.8,涨↑,✓,+0.43%,1.4684
2024-10-25,1558.85,涨↑,51.7,涨↑,✓,+0.39%,1.4742
2024-10-28,1565.0,涨↑,58.4,跌↓,✗,-2.13%,1.4428
2024-10-29,1531.62,涨↑,58.2,涨↑,✓,+0.02%,1.4432
2024-10-30,1532.0,涨↑,59.5,跌↓,✗,-0.27%,1.4392
2024-10-31,1527.79,跌↓,49.2,涨↑,✗,+0.39%,1.4392
2024-11-01,1533.75,跌↓,36.1,涨↑,✗,+0.94%,1.4392
2024-11-04,1548.2,跌↓,34.6,涨↑,✗,+1.86%,1.4392
2024-11-05,1576.99,跌↓,37.8,跌↓,✓,-0.38%,1.4392
2024-11-06,1571.0,跌↓,48.4,涨↑,✗,+4.97%,1.4392
2024-11-07,1649.14,跌↓,38.9,跌↓,✓,-2.38%,1.4392
2024-11-08,1609.97,跌↓,35.5,跌↓,✓,-0.74%,1.4392
2024-11-11,1598.01,跌↓,36.8,跌↓,✓,-1.30%,1.4392
2024-11-12,1577.2,跌↓,34.4,涨↑,✗,+0.08%,1.4392
2024-11-13,1578.5,跌↓,37.0,跌↓,✓,-0.30%,1.4392
2024-11-14,1573.8,跌↓,33.1,跌↓,✓,-0.94%,1.4392
2024-11-15,1559.0,跌↓,45.7,跌↓,✓,+0.00%,1.4392
2024-11-18,1559.0,跌↓,45.1,跌↓,✓,-1.10%,1.4392
2024-11-19,1541.92,跌↓,48.9,涨↑,✗,+0.19%,1.4392
2024-11-20,1544.81,跌↓,42.6,涨↑,✗,+0.02%,1.4392
2024-11-21,1545.13,跌↓,37.8,跌↓,✓,-2.41%,1.4392
2024-11-22,1507.82,跌↓,40.2,跌↓,✓,-0.61%,1.4392
2024-11-25,1498.57,涨↑,59.5,涨↑,✓,+0.70%,1.4492
2024-11-26,1509.0,涨↑,52.9,涨↑,✓,+0.67%,1.4589
2024-10-30,1532.0,涨↑,68.2,跌↓,✗,-0.27%,1.4548
2024-10-31,1527.79,涨↑,53.5,涨↑,✓,+0.39%,1.4605
2024-11-01,1533.75,跌↓,45.6,涨↑,✗,+0.94%,1.4605
2024-11-04,1548.2,跌↓,40.7,涨↑,✗,+1.86%,1.4605
2024-11-05,1576.99,跌↓,44.1,跌↓,✓,-0.38%,1.4605
2024-11-06,1571.0,涨↑,57.7,涨↑,✓,+4.97%,1.5332
2024-11-07,1649.14,跌↓,38.9,跌↓,✓,-2.38%,1.5332
2024-11-08,1609.97,跌↓,38.0,跌↓,✓,-0.74%,1.5332
2024-11-11,1598.01,跌↓,38.2,跌↓,✓,-1.30%,1.5332
2024-11-12,1577.2,跌↓,31.9,涨↑,✗,+0.08%,1.5332
2024-11-13,1578.5,跌↓,40.6,跌↓,✓,-0.30%,1.5332
2024-11-14,1573.8,跌↓,33.8,跌↓,✓,-0.94%,1.5332
2024-11-15,1559.0,跌↓,47.2,跌↓,✓,+0.00%,1.5332
2024-11-18,1559.0,跌↓,50.0,跌↓,✓,-1.10%,1.5332
2024-11-19,1541.92,涨↑,56.5,涨↑,✓,+0.19%,1.536
2024-11-20,1544.81,跌↓,46.9,涨↑,✗,+0.02%,1.536
2024-11-21,1545.13,跌↓,38.7,跌↓,✓,-2.41%,1.536
2024-11-22,1507.82,跌↓,44.0,跌↓,✓,-0.61%,1.536
2024-11-25,1498.57,涨↑,60.3,涨↑,✓,+0.70%,1.5467
2024-11-26,1509.0,跌↓,48.7,涨↑,✗,+0.67%,1.5467
2024-11-27,1519.05,跌↓,46.9,跌↓,✓,-0.07%,1.5467
2024-11-28,1518.0,涨↑,53.0,涨↑,✓,+0.51%,1.5546
2024-11-29,1525.74,涨↑,63.5,跌↓,✗,-0.05%,1.5539
2024-12-02,1525.0,涨↑,70.2,涨↑,✓,+0.11%,1.5556
2024-12-03,1526.74,涨↑,63.2,跌↓,✗,-0.44%,1.5488
2024-12-04,1520.0,涨↑,61.6,跌↓,✗,-0.59%,1.5396
2024-12-05,1511.0,涨↑,63.7,涨↑,✓,+0.66%,1.5498
2024-12-06,1521.01,涨↑,57.0,跌↓,✗,-0.15%,1.5475
2024-12-09,1518.8,涨↑,52.6,涨↑,✓,+1.83%,1.5759
2024-12-10,1546.59,跌↓,47.9,跌↓,✓,-0.71%,1.5759
2024-11-13,1578.5,跌↓,49.6,跌↓,✓,-0.30%,1.5759
2024-11-14,1573.8,跌↓,42.8,跌↓,✓,-0.94%,1.5759
2024-11-15,1559.0,涨↑,58.8,跌↓,✗,+0.00%,1.5759
2024-11-18,1559.0,涨↑,58.8,跌↓,✗,-1.10%,1.5586
2024-11-19,1541.92,涨↑,62.2,涨↑,✓,+0.19%,1.5615
2024-11-20,1544.81,涨↑,51.1,涨↑,✓,+0.02%,1.5618
2024-11-21,1545.13,跌↓,43.5,跌↓,✓,-2.41%,1.5618
2024-11-22,1507.82,跌↓,47.9,跌↓,✓,-0.61%,1.5618
2024-11-25,1498.57,涨↑,65.0,涨↑,✓,+0.70%,1.5727
2024-11-26,1509.0,涨↑,58.1,涨↑,✓,+0.67%,1.5832
2024-11-27,1519.05,涨↑,53.4,跌↓,✗,-0.07%,1.5821
2024-11-28,1518.0,涨↑,56.2,涨↑,✓,+0.51%,1.5902
2024-11-29,1525.74,涨↑,61.2,跌↓,✗,-0.05%,1.5894
2024-12-02,1525.0,涨↑,68.7,涨↑,✓,+0.11%,1.5912
2024-12-03,1526.74,涨↑,60.8,跌↓,✗,-0.44%,1.5842
2024-12-04,1520.0,涨↑,60.3,跌↓,✗,-0.59%,1.5748
2024-12-05,1511.0,涨↑,62.7,涨↑,✓,+0.66%,1.5852
2024-12-06,1521.01,涨↑,57.7,跌↓,✗,-0.15%,1.5829
2024-12-09,1518.8,涨↑,55.6,涨↑,✓,+1.83%,1.6119
2024-12-10,1546.59,跌↓,43.9,跌↓,✓,-0.71%,1.6119
2024-12-11,1535.6,涨↑,66.0,涨↑,✓,+1.97%,1.6436
2024-12-12,1565.8,跌↓,45.1,跌↓,✓,-2.99%,1.6436
2024-12-13,1519.0,跌↓,38.1,涨↑,✗,+0.54%,1.6436
2024-12-16,1527.2,跌↓,29.1,涨↑,✗,+2.02%,1.6436
2024-12-17,1558.0,跌↓,29.7,涨↑,✗,+0.87%,1.6436
2024-12-18,1571.5,跌↓,27.9,跌↓,✓,-1.30%,1.6436
2024-12-19,1551.01,跌↓,28.8,跌↓,✓,-1.87%,1.6436
2024-12-20,1522.0,跌↓,34.0,涨↑,✗,+0.29%,1.6436
2024-12-23,1526.45,跌↓,34.9,涨↑,✗,+0.81%,1.6436
2024-12-24,1538.82,跌↓,31.9,跌↓,✓,-0.57%,1.6436
2024-11-27,1519.05,涨↑,53.0,跌↓,✗,-0.07%,1.6425
2024-11-28,1518.0,涨↑,58.3,涨↑,✓,+0.51%,1.6508
2024-11-29,1525.74,涨↑,63.8,跌↓,✗,-0.05%,1.65
2024-12-02,1525.0,涨↑,71.5,涨↑,✓,+0.11%,1.6519
2024-12-03,1526.74,涨↑,63.8,跌↓,✗,-0.44%,1.6446
2024-12-04,1520.0,涨↑,64.2,跌↓,✗,-0.59%,1.6349
2024-12-05,1511.0,涨↑,62.7,涨↑,✓,+0.66%,1.6457
2024-12-06,1521.01,涨↑,58.4,跌↓,✗,-0.15%,1.6433
2024-12-09,1518.8,涨↑,52.7,涨↑,✓,+1.83%,1.6734
2024-12-10,1546.59,涨↑,50.1,跌↓,✗,-0.71%,1.6615
2024-12-11,1535.6,涨↑,66.1,涨↑,✓,+1.97%,1.6942
2024-12-12,1565.8,跌↓,42.9,跌↓,✓,-2.99%,1.6942
2024-12-13,1519.0,跌↓,40.1,涨↑,✗,+0.54%,1.6942
2024-12-16,1527.2,跌↓,27.7,涨↑,✗,+2.02%,1.6942
2024-12-17,1558.0,跌↓,29.6,涨↑,✗,+0.87%,1.6942
2024-12-18,1571.5,跌↓,24.6,跌↓,✓,-1.30%,1.6942
2024-12-19,1551.01,跌↓,27.2,跌↓,✓,-1.87%,1.6942
2024-12-20,1522.0,跌↓,30.1,涨↑,✗,+0.29%,1.6942
2024-12-23,1526.45,跌↓,27.9,涨↑,✗,+0.81%,1.6942
2024-12-24,1538.82,跌↓,29.3,跌↓,✓,-0.57%,1.6942
2024-12-25,1530.0,跌↓,49.3,跌↓,✓,-0.14%,1.6942
2024-12-26,1527.79,跌↓,49.5,涨↑,✗,+0.08%,1.6942
2024-12-27,1528.97,跌↓,46.3,跌↓,✓,-0.26%,1.6942
2024-12-30,1525.0,涨↑,56.7,跌↓,✗,-0.07%,1.6931
2024-12-31,1524.0,涨↑,60.0,跌↓,✗,-2.36%,1.6531
2025-01-02,1488.0,涨↑,50.8,跌↓,✗,-0.87%,1.6386
2025-01-03,1475.0,涨↑,51.8,跌↓,✗,-2.37%,1.5997
2025-01-06,1440.0,涨↑,59.4,涨↑,✓,+0.01%,1.6
2025-01-07,1440.2,跌↓,46.3,涨↑,✗,+0.16%,1.6
2025-01-08,1442.5,跌↓,45.8,涨↑,✗,+0.10%,1.6
2024-12-11,1535.6,涨↑,65.2,涨↑,✓,+1.97%,1.6314
2024-12-12,1565.8,跌↓,38.8,跌↓,✓,-2.99%,1.6314
2024-12-13,1519.0,跌↓,37.4,涨↑,✗,+0.54%,1.6314
2024-12-16,1527.2,跌↓,26.1,涨↑,✗,+2.02%,1.6314
2024-12-17,1558.0,跌↓,31.4,涨↑,✗,+0.87%,1.6314
2024-12-18,1571.5,跌↓,27.2,跌↓,✓,-1.30%,1.6314
2024-12-19,1551.01,跌↓,26.4,跌↓,✓,-1.87%,1.6314
2024-12-20,1522.0,跌↓,29.2,涨↑,✗,+0.29%,1.6314
2024-12-23,1526.45,跌↓,26.0,涨↑,✗,+0.81%,1.6314
2024-12-24,1538.82,跌↓,26.9,跌↓,✓,-0.57%,1.6314
2024-12-25,1530.0,涨↑,52.1,跌↓,✗,-0.14%,1.6291
2024-12-26,1527.79,涨↑,51.8,涨↑,✓,+0.08%,1.6303
2024-12-27,1528.97,跌↓,47.2,跌↓,✓,-0.26%,1.6303
2024-12-30,1525.0,涨↑,56.5,跌↓,✗,-0.07%,1.6293
2024-12-31,1524.0,涨↑,58.5,跌↓,✗,-2.36%,1.5908
2025-01-02,1488.0,涨↑,52.5,跌↓,✗,-0.87%,1.5769
2025-01-03,1475.0,涨↑,53.1,跌↓,✗,-2.37%,1.5395
2025-01-06,1440.0,涨↑,58.9,涨↑,✓,+0.01%,1.5397
2025-01-07,1440.2,跌↓,46.5,涨↑,✗,+0.16%,1.5397
2025-01-08,1442.5,跌↓,42.5,涨↑,✗,+0.10%,1.5397
2025-01-09,1444.0,跌↓,45.9,跌↓,✓,-0.55%,1.5397
2025-01-10,1436.0,跌↓,44.8,涨↑,✗,+0.56%,1.5397
2025-01-13,1443.98,跌↓,36.2,涨↑,✗,+1.98%,1.5397
2025-01-14,1472.5,跌↓,49.0,跌↓,✓,-0.08%,1.5397
2025-01-15,1471.27,涨↑,60.7,跌↓,✗,-1.69%,1.5136
2025-01-16,1446.38,涨↑,53.8,涨↑,✓,+0.58%,1.5224
2025-01-17,1454.75,涨↑,55.9,涨↑,✓,+1.38%,1.5434
2025-01-20,1474.8,涨↑,53.8,跌↓,✗,-0.45%,1.5364
2025-01-21,1468.15,涨↑,52.6,跌↓,✗,-1.85%,1.508
2025-01-22,1441.0,涨↑,51.3,涨↑,✓,+0.14%,1.5101
2024-12-25,1530.0,涨↑,55.5,跌↓,✗,-0.14%,1.5079
2024-12-26,1527.79,涨↑,53.9,涨↑,✓,+0.08%,1.5091
2024-12-27,1528.97,涨↑,52.6,跌↓,✗,-0.26%,1.5052
2024-12-30,1525.0,涨↑,58.0,跌↓,✗,-0.07%,1.5042
2024-12-31,1524.0,涨↑,62.2,跌↓,✗,-2.36%,1.4686
2025-01-02,1488.0,涨↑,57.7,跌↓,✗,-0.87%,1.4558
2025-01-03,1475.0,涨↑,57.9,跌↓,✗,-2.37%,1.4213
2025-01-06,1440.0,涨↑,60.7,涨↑,✓,+0.01%,1.4215
2025-01-07,1440.2,涨↑,51.0,涨↑,✓,+0.16%,1.4237
2025-01-08,1442.5,跌↓,41.4,涨↑,✗,+0.10%,1.4237
2025-01-09,1444.0,跌↓,48.7,跌↓,✓,-0.55%,1.4237
2025-01-10,1436.0,跌↓,41.9,涨↑,✗,+0.56%,1.4237
2025-01-13,1443.98,跌↓,39.9,涨↑,✗,+1.98%,1.4237
2025-01-14,1472.5,跌↓,47.9,跌↓,✓,-0.08%,1.4237
2025-01-15,1471.27,涨↑,59.8,跌↓,✗,-1.69%,1.3996
2025-01-16,1446.38,涨↑,54.3,涨↑,✓,+0.58%,1.4077
2025-01-17,1454.75,涨↑,63.5,涨↑,✓,+1.38%,1.4271
2025-01-20,1474.8,涨↑,55.3,跌↓,✗,-0.45%,1.4207
2025-01-21,1468.15,涨↑,56.6,跌↓,✗,-1.85%,1.3944
2025-01-22,1441.0,涨↑,54.8,涨↑,✓,+0.14%,1.3964
2025-01-23,1443.0,涨↑,67.7,跌↓,✗,-0.49%,1.3896
2025-01-24,1436.0,涨↑,59.7,跌↓,✗,-0.07%,1.3886
2025-01-27,1434.99,涨↑,60.5,跌↓,✗,-2.17%,1.3584
2025-02-05,1403.8,跌↓,46.3,涨↑,✗,+0.64%,1.3584
2025-02-06,1412.84,涨↑,50.9,涨↑,✓,+1.64%,1.3807
2025-02-07,1436.0,涨↑,50.6,跌↓,✗,-0.31%,1.3764
2025-02-10,1431.51,涨↑,58.8,跌↓,✗,-0.94%,1.3634
2025-02-11,1418.0,涨↑,54.0,涨↑,✓,+1.76%,1.3874
2025-02-12,1443.0,涨↑,59.7,涨↑,✓,+1.53%,1.4086
2025-02-13,1465.06,跌↓,41.6,涨↑,✗,+0.68%,1.4086
2025-01-09,1444.0,跌↓,48.9,跌↓,✓,-0.55%,1.4086
2025-01-10,1436.0,跌↓,41.1,涨↑,✗,+0.56%,1.4086
2025-01-13,1443.98,跌↓,41.5,涨↑,✗,+1.98%,1.4086
2025-01-14,1472.5,跌↓,47.1,跌↓,✓,-0.08%,1.4086
2025-01-15,1471.27,涨↑,59.8,跌↓,✗,-1.69%,1.3848
2025-01-16,1446.38,涨↑,54.0,涨↑,✓,+0.58%,1.3928
2025-01-17,1454.75,涨↑,59.1,涨↑,✓,+1.38%,1.412
2025-01-20,1474.8,涨↑,59.3,跌↓,✗,-0.45%,1.4057
2025-01-21,1468.15,涨↑,56.3,跌↓,✗,-1.85%,1.3797
2025-01-22,1441.0,涨↑,54.8,涨↑,✓,+0.14%,1.3816
2025-01-23,1443.0,涨↑,66.6,跌↓,✗,-0.49%,1.3749
2025-01-24,1436.0,涨↑,55.3,跌↓,✗,-0.07%,1.3739
2025-01-27,1434.99,涨↑,55.1,跌↓,✗,-2.17%,1.3441
2025-02-05,1403.8,跌↓,42.1,涨↑,✗,+0.64%,1.3441
2025-02-06,1412.84,跌↓,47.4,涨↑,✗,+1.64%,1.3441
2025-02-07,1436.0,涨↑,51.2,跌↓,✗,-0.31%,1.3398
2025-02-10,1431.51,涨↑,55.1,跌↓,✗,-0.94%,1.3272
2025-02-11,1418.0,涨↑,50.3,涨↑,✓,+1.76%,1.3506
2025-02-12,1443.0,涨↑,60.1,涨↑,✓,+1.53%,1.3713
2025-02-13,1465.06,跌↓,44.0,涨↑,✗,+0.68%,1.3713
2025-02-14,1475.0,跌↓,32.1,跌↓,✓,-0.23%,1.3713
2025-02-17,1471.62,跌↓,40.0,涨↑,✗,+0.23%,1.3713
2025-02-18,1475.0,跌↓,38.2,涨↑,✗,+1.08%,1.3713
2025-02-19,1491.0,跌↓,23.3,跌↓,✓,-1.14%,1.3713
2025-02-20,1474.0,跌↓,28.2,涨↑,✗,+0.96%,1.3713
2025-02-21,1488.21,跌↓,30.1,跌↓,✓,-0.61%,1.3713
2025-02-24,1479.07,跌↓,32.6,跌↓,✓,-1.69%,1.3713
2025-02-25,1454.0,跌↓,28.7,涨↑,✗,+0.41%,1.3713
2025-02-26,1460.01,跌↓,32.0,涨↑,✗,+1.75%,1.3713
2025-02-27,1485.56,跌↓,27.3,涨↑,✗,+1.03%,1.3713
2025-01-23,1443.0,涨↑,67.1,跌↓,✗,-0.49%,1.3646
2025-01-24,1436.0,涨↑,56.6,跌↓,✗,-0.07%,1.3636
2025-01-27,1434.99,跌↓,49.7,跌↓,✓,-2.17%,1.3636
2025-02-05,1403.8,跌↓,42.5,涨↑,✗,+0.64%,1.3636
2025-02-06,1412.84,跌↓,45.9,涨↑,✗,+1.64%,1.3636
2025-02-07,1436.0,跌↓,48.3,跌↓,✓,-0.31%,1.3636
2025-02-10,1431.51,涨↑,52.7,跌↓,✗,-0.94%,1.3508
2025-02-11,1418.0,涨↑,54.2,涨↑,✓,+1.76%,1.3746
2025-02-12,1443.0,涨↑,57.6,涨↑,✓,+1.53%,1.3956
2025-02-13,1465.06,跌↓,36.5,涨↑,✗,+0.68%,1.3956
2025-02-14,1475.0,跌↓,31.0,跌↓,✓,-0.23%,1.3956
2025-02-17,1471.62,跌↓,37.3,涨↑,✗,+0.23%,1.3956
2025-02-18,1475.0,跌↓,35.4,涨↑,✗,+1.08%,1.3956
2025-02-19,1491.0,跌↓,23.1,跌↓,✓,-1.14%,1.3956
2025-02-20,1474.0,跌↓,28.3,涨↑,✗,+0.96%,1.3956
2025-02-21,1488.21,跌↓,29.7,跌↓,✓,-0.61%,1.3956
2025-02-24,1479.07,跌↓,32.9,跌↓,✓,-1.69%,1.3956
2025-02-25,1454.0,跌↓,29.4,涨↑,✗,+0.41%,1.3956
2025-02-26,1460.01,跌↓,33.6,涨↑,✗,+1.75%,1.3956
2025-02-27,1485.56,跌↓,26.9,涨↑,✗,+1.03%,1.3956
2025-02-28,1500.79,跌↓,32.5,跌↓,✓,-0.92%,1.3956
2025-03-03,1487.02,跌↓,33.5,跌↓,✓,-1.14%,1.3956
2025-03-04,1470.11,跌↓,43.4,跌↓,✓,-0.25%,1.3956
2025-03-05,1466.37,跌↓,49.6,涨↑,✗,+2.70%,1.3956
2025-03-06,1505.98,跌↓,34.8,涨↑,✗,+1.00%,1.3956
2025-03-07,1521.0,跌↓,36.8,涨↑,✗,+0.12%,1.3956
2025-03-10,1522.9,跌↓,23.8,涨↑,✗,+1.69%,1.3956
2025-03-11,1548.68,跌↓,22.2,跌↓,✓,-0.39%,1.3956
2025-03-12,1542.58,跌↓,26.9,跌↓,✓,-0.31%,1.3956
2025-03-13,1537.77,跌↓,28.1,涨↑,✗,+5.87%,1.3956
2025-02-14,1475.0,跌↓,32.7,跌↓,✓,-0.23%,1.3956
2025-02-17,1471.62,跌↓,40.2,涨↑,✗,+0.23%,1.3956
2025-02-18,1475.0,跌↓,38.0,涨↑,✗,+1.08%,1.3956
2025-02-19,1491.0,跌↓,25.0,跌↓,✓,-1.14%,1.3956
2025-02-20,1474.0,跌↓,34.2,涨↑,✗,+0.96%,1.3956
2025-02-21,1488.21,跌↓,31.0,跌↓,✓,-0.61%,1.3956
2025-02-24,1479.07,跌↓,32.7,跌↓,✓,-1.69%,1.3956
2025-02-25,1454.0,跌↓,31.2,涨↑,✗,+0.41%,1.3956
2025-02-26,1460.01,跌↓,32.1,涨↑,✗,+1.75%,1.3956
2025-02-27,1485.56,跌↓,27.2,涨↑,✗,+1.03%,1.3956
2025-02-28,1500.79,跌↓,34.5,跌↓,✓,-0.92%,1.3956
2025-03-03,1487.02,跌↓,32.2,跌↓,✓,-1.14%,1.3956
2025-03-04,1470.11,跌↓,43.0,跌↓,✓,-0.25%,1.3956
2025-03-05,1466.37,涨↑,50.1,涨↑,✓,+2.70%,1.4333
2025-03-06,1505.98,跌↓,39.0,涨↑,✗,+1.00%,1.4333
2025-03-07,1521.0,跌↓,39.7,涨↑,✗,+0.12%,1.4333
2025-03-10,1522.9,跌↓,24.6,涨↑,✗,+1.69%,1.4333
2025-03-11,1548.68,跌↓,24.2,跌↓,✓,-0.39%,1.4333
2025-03-12,1542.58,跌↓,25.5,跌↓,✓,-0.31%,1.4333
2025-03-13,1537.77,跌↓,27.4,涨↑,✗,+5.87%,1.4333
2025-03-14,1628.01,跌↓,31.0,涨↑,✗,+0.61%,1.4333
2025-03-17,1637.86,跌↓,24.7,跌↓,✓,-0.85%,1.4333
2025-03-18,1624.0,跌↓,24.2,涨↑,✗,+0.72%,1.4333
2025-03-19,1635.71,跌↓,30.5,跌↓,✓,-1.94%,1.4333
2025-03-20,1604.0,跌↓,19.9,跌↓,✓,-1.89%,1.4333
2025-03-21,1573.75,跌↓,25.3,涨↑,✗,+0.59%,1.4333
2025-03-24,1583.0,跌↓,22.6,跌↓,✓,-0.47%,1.4333
2025-03-25,1575.5,跌↓,28.6,涨↑,✗,+0.03%,1.4333
2025-03-26,1576.0,跌↓,36.5,涨↑,✗,+0.82%,1.4333
2025-03-27,1589.0,跌↓,27.7,跌↓,✓,-0.24%,1.4333
2025-02-28,1500.79,跌↓,38.4,跌↓,✓,-0.92%,1.4333
2025-03-03,1487.02,跌↓,39.8,跌↓,✓,-1.14%,1.4333
2025-03-04,1470.11,涨↑,52.0,跌↓,✗,-0.25%,1.4296
2025-03-05,1466.37,涨↑,55.8,涨↑,✓,+2.70%,1.4683
2025-03-06,1505.98,跌↓,44.1,涨↑,✗,+1.00%,1.4683
2025-03-07,1521.0,跌↓,40.2,涨↑,✗,+0.12%,1.4683
2025-03-10,1522.9,跌↓,26.5,涨↑,✗,+1.69%,1.4683
2025-03-11,1548.68,跌↓,26.7,跌↓,✓,-0.39%,1.4683
2025-03-12,1542.58,跌↓,27.5,跌↓,✓,-0.31%,1.4683
2025-03-13,1537.77,跌↓,29.9,涨↑,✗,+5.87%,1.4683
2025-03-14,1628.01,跌↓,30.9,涨↑,✗,+0.61%,1.4683
2025-03-17,1637.86,跌↓,22.9,跌↓,✓,-0.85%,1.4683
2025-03-18,1624.0,跌↓,22.5,涨↑,✗,+0.72%,1.4683
2025-03-19,1635.71,跌↓,32.2,跌↓,✓,-1.94%,1.4683
2025-03-20,1604.0,跌↓,22.6,跌↓,✓,-1.89%,1.4683
2025-03-21,1573.75,跌↓,28.7,涨↑,✗,+0.59%,1.4683
2025-03-24,1583.0,跌↓,27.2,跌↓,✓,-0.47%,1.4683
2025-03-25,1575.5,跌↓,33.2,涨↑,✗,+0.03%,1.4683
2025-03-26,1576.0,跌↓,40.7,涨↑,✗,+0.82%,1.4683
2025-03-27,1589.0,跌↓,29.8,跌↓,✓,-0.24%,1.4683
2025-03-28,1585.21,跌↓,39.4,跌↓,✓,-1.53%,1.4683
2025-03-31,1561.0,涨↑,52.5,跌↓,✗,-0.32%,1.4636
2025-04-01,1556.02,涨↑,55.9,跌↓,✗,-0.45%,1.457
2025-04-02,1549.02,涨↑,54.2,涨↑,✓,+1.28%,1.4757
2025-04-03,1568.88,涨↑,56.8,跌↓,✗,-4.39%,1.4109
2025-04-07,1500.0,涨↑,62.6,涨↑,✓,+3.00%,1.4532
2025-04-08,1545.0,涨↑,57.8,跌↓,✗,-0.26%,1.4495
2025-04-09,1541.04,涨↑,64.6,涨↑,✓,+0.52%,1.457
2025-04-10,1549.0,涨↑,61.0,涨↑,✓,+1.29%,1.4758
2025-04-11,1568.98,涨↑,55.0,跌↓,✗,-1.08%,1.4598
2025-03-14,1628.01,跌↓,32.4,涨↑,✗,+0.61%,1.4598
2025-03-17,1637.86,跌↓,27.3,跌↓,✓,-0.85%,1.4598
2025-03-18,1624.0,跌↓,30.3,涨↑,✗,+0.72%,1.4598
2025-03-19,1635.71,跌↓,37.6,跌↓,✓,-1.94%,1.4598
2025-03-20,1604.0,跌↓,25.5,跌↓,✓,-1.89%,1.4598
2025-03-21,1573.75,跌↓,31.0,涨↑,✗,+0.59%,1.4598
2025-03-24,1583.0,跌↓,29.1,跌↓,✓,-0.47%,1.4598
2025-03-25,1575.5,跌↓,32.6,涨↑,✗,+0.03%,1.4598
2025-03-26,1576.0,跌↓,41.0,涨↑,✗,+0.82%,1.4598
2025-03-27,1589.0,跌↓,29.9,跌↓,✓,-0.24%,1.4598
2025-03-28,1585.21,跌↓,43.0,跌↓,✓,-1.53%,1.4598
2025-03-31,1561.0,涨↑,54.6,跌↓,✗,-0.32%,1.4551
2025-04-01,1556.02,涨↑,56.5,跌↓,✗,-0.45%,1.4486
2025-04-02,1549.02,涨↑,56.0,涨↑,✓,+1.28%,1.4672
2025-04-03,1568.88,涨↑,56.7,跌↓,✗,-4.39%,1.4027
2025-04-07,1500.0,涨↑,60.1,涨↑,✓,+3.00%,1.4448
2025-04-08,1545.0,涨↑,54.0,跌↓,✗,-0.26%,1.4411
2025-04-09,1541.04,涨↑,62.5,涨↑,✓,+0.52%,1.4486
2025-04-10,1549.0,涨↑,61.9,涨↑,✓,+1.29%,1.4673
2025-04-11,1568.98,涨↑,55.2,跌↓,✗,-1.08%,1.4514
2025-04-14,1551.99,涨↑,66.3,涨↑,✓,+0.39%,1.457
2025-04-15,1558.0,涨↑,59.0,涨↑,✓,+0.08%,1.4581
2025-04-16,1559.17,涨↑,56.7,涨↑,✓,+0.69%,1.4682
2025-04-17,1570.0,涨↑,51.2,跌↓,✗,-0.26%,1.4644
2025-04-18,1565.94,涨↑,62.7,跌↓,✗,-0.95%,1.4504
2025-04-21,1551.0,跌↓,48.1,跌↓,✓,-0.14%,1.4504
2025-04-22,1548.8,涨↑,59.8,涨↑,✓,+0.21%,1.4534
2025-04-23,1552.0,跌↓,47.2,涨↑,✗,+0.02%,1.4534
2025-04-24,1552.25,跌↓,47.2,跌↓,✓,-0.14%,1.4534
2025-04-25,1550.0,涨↑,52.0,跌↓,✗,+0.00%,1.4534
2025-03-28,1585.21,跌↓,41.4,跌↓,✓,-1.53%,1.4534
2025-03-31,1561.0,涨↑,51.4,跌↓,✗,-0.32%,1.4488
2025-04-01,1556.02,涨↑,53.1,跌↓,✗,-0.45%,1.4423
2025-04-02,1549.02,涨↑,54.5,涨↑,✓,+1.28%,1.4608
2025-04-03,1568.88,涨↑,57.0,跌↓,✗,-4.39%,1.3966
2025-04-07,1500.0,涨↑,60.3,涨↑,✓,+3.00%,1.4385
2025-04-08,1545.0,涨↑,52.7,跌↓,✗,-0.26%,1.4349
2025-04-09,1541.04,涨↑,61.3,涨↑,✓,+0.52%,1.4423
2025-04-10,1549.0,涨↑,58.0,涨↑,✓,+1.29%,1.4609
2025-04-11,1568.98,涨↑,54.2,跌↓,✗,-1.08%,1.445
2025-04-14,1551.99,涨↑,64.8,涨↑,✓,+0.39%,1.4506
2025-04-15,1558.0,涨↑,60.2,涨↑,✓,+0.08%,1.4517
2025-04-16,1559.17,涨↑,55.6,涨↑,✓,+0.69%,1.4618
2025-04-17,1570.0,涨↑,52.2,跌↓,✗,-0.26%,1.458
2025-04-18,1565.94,涨↑,61.7,跌↓,✗,-0.95%,1.4441
2025-04-21,1551.0,跌↓,46.8,跌↓,✓,-0.14%,1.4441
2025-04-22,1548.8,涨↑,57.3,涨↑,✓,+0.21%,1.4471
2025-04-23,1552.0,跌↓,48.6,涨↑,✗,+0.02%,1.4471
2025-04-24,1552.25,跌↓,47.4,跌↓,✓,-0.14%,1.4471
2025-04-25,1550.0,跌↓,49.4,跌↓,✓,+0.00%,1.4471
2025-04-28,1550.0,跌↓,41.2,跌↓,✓,-0.39%,1.4471
2025-04-29,1544.0,跌↓,41.2,涨↑,✗,+0.19%,1.4471
2025-04-30,1547.0,跌↓,47.6,涨↑,✗,+0.21%,1.4471
2025-05-06,1550.2,跌↓,34.9,涨↑,✗,+0.31%,1.4471
2025-05-07,1555.0,跌↓,38.4,涨↑,✗,+1.49%,1.4471
2025-05-08,1578.19,跌↓,41.8,涨↑,✗,+0.82%,1.4471
2025-05-09,1591.18,跌↓,35.1,涨↑,✗,+0.84%,1.4471
2025-05-12,1604.5,跌↓,33.2,跌↓,✓,-0.89%,1.4471
2025-05-13,1590.3,跌↓,38.2,涨↑,✗,+2.81%,1.4471
2025-05-14,1634.99,跌↓,39.8,跌↓,✓,-0.18%,1.4471
2025-04-14,1551.99,涨↑,66.5,涨↑,✓,+0.39%,1.4527
2025-04-15,1558.0,涨↑,59.2,涨↑,✓,+0.08%,1.4538
2025-04-16,1559.17,涨↑,56.2,涨↑,✓,+0.69%,1.4639
2025-04-17,1570.0,跌↓,48.6,跌↓,✓,-0.26%,1.4639
2025-04-18,1565.94,涨↑,61.3,跌↓,✗,-0.95%,1.4499
2025-04-21,1551.0,跌↓,47.3,跌↓,✓,-0.14%,1.4499
2025-04-22,1548.8,涨↑,57.6,涨↑,✓,+0.21%,1.4529
2025-04-23,1552.0,跌↓,47.8,涨↑,✗,+0.02%,1.4529
2025-04-24,1552.25,跌↓,42.8,跌↓,✓,-0.14%,1.4529
2025-04-25,1550.0,跌↓,44.7,跌↓,✓,+0.00%,1.4529
2025-04-28,1550.0,跌↓,37.9,跌↓,✓,-0.39%,1.4529
2025-04-29,1544.0,跌↓,37.0,涨↑,✗,+0.19%,1.4529
2025-04-30,1547.0,跌↓,41.3,涨↑,✗,+0.21%,1.4529
2025-05-06,1550.2,跌↓,30.1,涨↑,✗,+0.31%,1.4529
2025-05-07,1555.0,跌↓,34.7,涨↑,✗,+1.49%,1.4529
2025-05-08,1578.19,跌↓,41.6,涨↑,✗,+0.82%,1.4529
2025-05-09,1591.18,跌↓,37.0,涨↑,✗,+0.84%,1.4529
2025-05-12,1604.5,跌↓,35.1,跌↓,✓,-0.89%,1.4529
2025-05-13,1590.3,跌↓,40.8,涨↑,✗,+2.81%,1.4529
2025-05-14,1634.99,跌↓,40.5,跌↓,✓,-0.18%,1.4529
2025-05-15,1632.01,跌↓,42.6,跌↓,✓,-1.10%,1.4529
2025-05-16,1614.13,跌↓,38.8,跌↓,✓,-2.18%,1.4529
2025-05-19,1578.98,跌↓,48.7,涨↑,✗,+0.44%,1.4529
2025-05-20,1586.0,跌↓,40.4,跌↓,✓,-0.32%,1.4529
2025-05-21,1580.97,跌↓,48.8,跌↓,✓,-0.06%,1.4529
2025-05-22,1580.0,跌↓,45.1,跌↓,✓,-0.47%,1.4529
2025-05-23,1572.6,跌↓,46.5,跌↓,✓,-1.41%,1.4529
2025-05-26,1550.5,跌↓,48.4,跌↓,✓,-0.43%,1.4529
2025-05-27,1543.9,跌↓,46.2,跌↓,✓,-0.45%,1.4529
2025-05-28,1537.0,涨↑,56.9,涨↑,✓,+0.20%,1.4558
2025-04-28,1550.0,跌↓,32.8,跌↓,✓,-0.39%,1.4558
2025-04-29,1544.0,跌↓,36.4,涨↑,✗,+0.19%,1.4558
2025-04-30,1547.0,跌↓,37.9,涨↑,✗,+0.21%,1.4558
2025-05-06,1550.2,跌↓,26.0,涨↑,✗,+0.31%,1.4558
2025-05-07,1555.0,跌↓,34.4,涨↑,✗,+1.49%,1.4558
2025-05-08,1578.19,跌↓,40.5,涨↑,✗,+0.82%,1.4558
2025-05-09,1591.18,跌↓,36.8,涨↑,✗,+0.84%,1.4558
2025-05-12,1604.5,跌↓,34.2,跌↓,✓,-0.89%,1.4558
2025-05-13,1590.3,跌↓,37.0,涨↑,✗,+2.81%,1.4558
2025-05-14,1634.99,跌↓,41.8,跌↓,✓,-0.18%,1.4558
2025-05-15,1632.01,跌↓,41.0,跌↓,✓,-1.10%,1.4558
2025-05-16,1614.13,跌↓,36.5,跌↓,✓,-2.18%,1.4558
2025-05-19,1578.98,涨↑,53.6,涨↑,✓,+0.44%,1.4622
2025-05-20,1586.0,跌↓,42.0,跌↓,✓,-0.32%,1.4622
2025-05-21,1580.97,跌↓,44.8,跌↓,✓,-0.06%,1.4622
2025-05-22,1580.0,跌↓,45.1,跌↓,✓,-0.47%,1.4622
2025-05-23,1572.6,跌↓,42.5,跌↓,✓,-1.41%,1.4622
2025-05-26,1550.5,跌↓,48.6,跌↓,✓,-0.43%,1.4622
2025-05-27,1543.9,跌↓,44.3,跌↓,✓,-0.45%,1.4622
2025-05-28,1537.0,涨↑,54.7,涨↑,✓,+0.20%,1.4651
2025-05-29,1540.0,涨↑,53.2,跌↓,✗,-1.17%,1.448
2025-05-30,1522.0,跌↓,50.0,跌↓,✓,-0.85%,1.448
2025-06-03,1509.0,涨↑,52.8,涨↑,✓,+0.06%,1.4489
2025-06-04,1509.96,涨↑,51.4,涨↑,✓,+0.27%,1.4528
2025-06-05,1514.0,跌↓,40.7,跌↓,✓,-0.50%,1.4528
2025-06-06,1506.39,跌↓,46.0,跌↓,✓,-1.35%,1.4528
2025-06-09,1486.11,跌↓,48.2,跌↓,✓,-0.75%,1.4528
2025-06-10,1475.01,跌↓,45.2,涨↑,✗,+0.34%,1.4528
2025-06-11,1480.0,涨↑,51.5,跌↓,✗,-1.42%,1.4322
2025-06-12,1459.0,跌↓,39.8,跌↓,✓,-2.20%,1.4322
2025-05-15,1632.01,跌↓,40.4,跌↓,✓,-1.10%,1.4322
2025-05-16,1614.13,跌↓,38.5,跌↓,✓,-2.18%,1.4322
2025-05-19,1578.98,涨↑,56.8,涨↑,✓,+0.44%,1.4385
2025-05-20,1586.0,跌↓,42.9,跌↓,✓,-0.32%,1.4385
2025-05-21,1580.97,跌↓,39.9,跌↓,✓,-0.06%,1.4385
2025-05-22,1580.0,跌↓,43.8,跌↓,✓,-0.47%,1.4385
2025-05-23,1572.6,跌↓,45.6,跌↓,✓,-1.41%,1.4385
2025-05-26,1550.5,跌↓,46.2,跌↓,✓,-0.43%,1.4385
2025-05-27,1543.9,跌↓,41.6,跌↓,✓,-0.45%,1.4385
2025-05-28,1537.0,跌↓,48.8,涨↑,✗,+0.20%,1.4385
2025-05-29,1540.0,涨↑,53.9,跌↓,✗,-1.17%,1.4217
2025-05-30,1522.0,跌↓,50.0,跌↓,✓,-0.85%,1.4217
2025-06-03,1509.0,跌↓,47.1,涨↑,✗,+0.06%,1.4217
2025-06-04,1509.96,涨↑,51.4,涨↑,✓,+0.27%,1.4255
2025-06-05,1514.0,跌↓,42.0,跌↓,✓,-0.50%,1.4255
2025-06-06,1506.39,跌↓,46.3,跌↓,✓,-1.35%,1.4255
2025-06-09,1486.11,跌↓,48.9,跌↓,✓,-0.75%,1.4255
2025-06-10,1475.01,跌↓,45.3,涨↑,✗,+0.34%,1.4255
2025-06-11,1480.0,涨↑,51.5,跌↓,✗,-1.42%,1.4053
2025-06-12,1459.0,跌↓,38.9,跌↓,✓,-2.20%,1.4053
2025-06-13,1426.95,跌↓,44.6,跌↓,✓,-0.33%,1.4053
2025-06-16,1422.29,跌↓,39.8,涨↑,✗,+0.33%,1.4053
2025-06-17,1427.0,跌↓,39.4,跌↓,✓,-0.14%,1.4053
2025-06-18,1425.0,跌↓,38.7,涨↑,✗,+0.07%,1.4053
2025-06-19,1426.0,跌↓,44.9,涨↑,✗,+0.19%,1.4053
2025-06-20,1428.66,跌↓,44.4,跌↓,✓,-0.61%,1.4053
2025-06-23,1420.0,跌↓,38.4,涨↑,✗,+1.21%,1.4053
2025-06-24,1437.2,跌↓,41.8,跌↓,✓,-0.09%,1.4053
2025-06-25,1435.86,跌↓,44.1,跌↓,✓,-1.10%,1.4053
2025-06-26,1420.0,跌↓,45.2,跌↓,✓,-1.19%,1.4053
2025-05-29,1540.0,涨↑,50.6,跌↓,✗,-1.17%,1.3889
2025-05-30,1522.0,跌↓,47.9,跌↓,✓,-0.85%,1.3889
2025-06-03,1509.0,跌↓,45.3,涨↑,✗,+0.06%,1.3889
2025-06-04,1509.96,涨↑,51.2,涨↑,✓,+0.27%,1.3926
2025-06-05,1514.0,跌↓,41.1,跌↓,✓,-0.50%,1.3926
2025-06-06,1506.39,跌↓,46.8,跌↓,✓,-1.35%,1.3926
2025-06-09,1486.11,跌↓,48.0,跌↓,✓,-0.75%,1.3926
2025-06-10,1475.01,跌↓,46.1,涨↑,✗,+0.34%,1.3926
2025-06-11,1480.0,跌↓,49.9,跌↓,✓,-1.42%,1.3926
2025-06-12,1459.0,跌↓,39.3,跌↓,✓,-2.20%,1.3926
2025-06-13,1426.95,跌↓,45.9,跌↓,✓,-0.33%,1.3926
2025-06-16,1422.29,跌↓,42.2,涨↑,✗,+0.33%,1.3926
2025-06-17,1427.0,跌↓,38.5,跌↓,✓,-0.14%,1.3926
2025-06-18,1425.0,跌↓,40.8,涨↑,✗,+0.07%,1.3926
2025-06-19,1426.0,跌↓,43.4,涨↑,✗,+0.19%,1.3926
2025-06-20,1428.66,跌↓,42.0,跌↓,✓,-0.61%,1.3926
2025-06-23,1420.0,跌↓,38.2,涨↑,✗,+1.21%,1.3926
2025-06-24,1437.2,跌↓,39.3,跌↓,✓,-0.09%,1.3926
2025-06-25,1435.86,跌↓,43.5,跌↓,✓,-1.10%,1.3926
2025-06-26,1420.0,跌↓,44.5,跌↓,✓,-1.19%,1.3926
2025-06-27,1403.09,跌↓,42.1,涨↑,✗,+0.46%,1.3926
2025-06-30,1409.52,跌↓,35.8,跌↓,✓,-0.31%,1.3926
2025-07-01,1405.1,跌↓,33.3,涨↑,✗,+0.32%,1.3926
2025-07-02,1409.6,跌↓,34.7,涨↑,✗,+0.43%,1.3926
2025-07-03,1415.6,跌↓,30.1,涨↑,✗,+0.47%,1.3926
2025-07-04,1422.22,跌↓,33.6,跌↓,✓,-0.81%,1.3926
2025-07-07,1410.7,跌↓,36.4,涨↑,✗,+0.38%,1.3926
2025-07-08,1416.11,跌↓,46.1,涨↑,✗,+0.20%,1.3926
2025-07-09,1418.88,跌↓,47.0,涨↑,✗,+0.54%,1.3926
2025-07-10,1426.5,跌↓,41.0,涨↑,✗,+0.04%,1.3926
2025-06-13,1426.95,跌↓,45.6,跌↓,✓,-0.33%,1.3926
2025-06-16,1422.29,跌↓,42.4,涨↑,✗,+0.33%,1.3926
2025-06-17,1427.0,跌↓,37.0,跌↓,✓,-0.14%,1.3926
2025-06-18,1425.0,跌↓,34.4,涨↑,✗,+0.07%,1.3926
2025-06-19,1426.0,跌↓,39.8,涨↑,✗,+0.19%,1.3926
2025-06-20,1428.66,跌↓,39.5,跌↓,✓,-0.61%,1.3926
2025-06-23,1420.0,跌↓,36.3,涨↑,✗,+1.21%,1.3926
2025-06-24,1437.2,跌↓,40.3,跌↓,✓,-0.09%,1.3926
2025-06-25,1435.86,跌↓,43.8,跌↓,✓,-1.10%,1.3926
2025-06-26,1420.0,跌↓,45.6,跌↓,✓,-1.19%,1.3926
2025-06-27,1403.09,跌↓,44.0,涨↑,✗,+0.46%,1.3926
2025-06-30,1409.52,跌↓,35.8,跌↓,✓,-0.31%,1.3926
2025-07-01,1405.1,跌↓,33.2,涨↑,✗,+0.32%,1.3926
2025-07-02,1409.6,跌↓,34.2,涨↑,✗,+0.43%,1.3926
2025-07-03,1415.6,跌↓,31.1,涨↑,✗,+0.47%,1.3926
2025-07-04,1422.22,跌↓,33.5,跌↓,✓,-0.81%,1.3926
2025-07-07,1410.7,跌↓,38.1,涨↑,✗,+0.38%,1.3926
2025-07-08,1416.11,跌↓,47.5,涨↑,✗,+0.20%,1.3926
2025-07-09,1418.88,跌↓,46.4,涨↑,✗,+0.54%,1.3926
2025-07-10,1426.5,跌↓,39.9,涨↑,✗,+0.04%,1.3926
2025-07-11,1427.0,跌↓,42.3,跌↓,✓,-0.24%,1.3926
2025-07-14,1423.6,跌↓,37.4,跌↓,✓,-0.89%,1.3926
2025-07-15,1411.0,跌↓,43.1,涨↑,✗,+0.00%,1.3926
2025-07-16,1411.03,跌↓,46.8,涨↑,✗,+0.38%,1.3926
2025-07-17,1416.35,跌↓,29.4,涨↑,✗,+1.46%,1.3926
2025-07-18,1437.0,跌↓,32.1,涨↑,✗,+0.42%,1.3926
2025-07-21,1443.0,跌↓,34.3,涨↑,✗,+1.52%,1.3926
2025-07-22,1464.98,跌↓,27.7,涨↑,✗,+0.72%,1.3926
2025-07-23,1475.5,跌↓,30.8,涨↑,✗,+1.08%,1.3926
2025-07-24,1491.5,跌↓,28.3,跌↓,✓,-2.45%,1.3926
2025-06-27,1403.09,跌↓,46.5,涨↑,✗,+0.46%,1.3926
2025-06-30,1409.52,跌↓,39.4,跌↓,✓,-0.31%,1.3926
2025-07-01,1405.1,跌↓,38.0,涨↑,✗,+0.32%,1.3926
2025-07-02,1409.6,跌↓,40.3,涨↑,✗,+0.43%,1.3926
2025-07-03,1415.6,跌↓,33.9,涨↑,✗,+0.47%,1.3926
2025-07-04,1422.22,跌↓,34.0,跌↓,✓,-0.81%,1.3926
2025-07-07,1410.7,跌↓,43.2,涨↑,✗,+0.38%,1.3926
2025-07-08,1416.11,跌↓,47.8,涨↑,✗,+0.20%,1.3926
2025-07-09,1418.88,跌↓,46.3,涨↑,✗,+0.54%,1.3926
2025-07-10,1426.5,跌↓,37.9,涨↑,✗,+0.04%,1.3926
2025-07-11,1427.0,跌↓,40.5,跌↓,✓,-0.24%,1.3926
2025-07-14,1423.6,跌↓,38.8,跌↓,✓,-0.89%,1.3926
2025-07-15,1411.0,跌↓,44.8,涨↑,✗,+0.00%,1.3926
2025-07-16,1411.03,跌↓,49.4,涨↑,✗,+0.38%,1.3926
2025-07-17,1416.35,跌↓,33.6,涨↑,✗,+1.46%,1.3926
2025-07-18,1437.0,跌↓,32.2,涨↑,✗,+0.42%,1.3926
2025-07-21,1443.0,跌↓,32.7,涨↑,✗,+1.52%,1.3926
2025-07-22,1464.98,跌↓,27.4,涨↑,✗,+0.72%,1.3926
2025-07-23,1475.5,跌↓,30.0,涨↑,✗,+1.08%,1.3926
2025-07-24,1491.5,跌↓,27.7,跌↓,✓,-2.45%,1.3926
2025-07-25,1455.0,跌↓,38.3,跌↓,✓,-1.12%,1.3926
2025-07-28,1438.66,跌↓,46.5,涨↑,✗,+0.02%,1.3926
2025-07-29,1439.0,跌↓,44.8,涨↑,✗,+0.73%,1.3926
2025-07-30,1449.44,跌↓,39.5,跌↓,✓,-1.92%,1.3926
2025-07-31,1421.67,跌↓,33.0,跌↓,✓,-0.33%,1.3926
2025-08-01,1417.0,跌↓,41.0,涨↑,✗,+0.14%,1.3926
2025-08-04,1419.0,跌↓,40.4,涨↑,✗,+0.62%,1.3926
2025-08-05,1427.74,跌↓,31.8,跌↓,✓,-0.27%,1.3926
2025-08-06,1423.88,跌↓,33.9,跌↓,✓,-0.11%,1.3926
2025-08-07,1422.35,跌↓,43.4,跌↓,✓,-0.10%,1.3926
2025-07-11,1427.0,涨↑,50.1,跌↓,✗,-0.24%,1.3893
2025-07-14,1423.6,涨↑,52.2,跌↓,✗,-0.89%,1.377
2025-07-15,1411.0,涨↑,54.0,涨↑,✓,+0.00%,1.377
2025-07-16,1411.03,涨↑,59.8,涨↑,✓,+0.38%,1.3822
2025-07-17,1416.35,跌↓,45.9,涨↑,✗,+1.46%,1.3822
2025-07-18,1437.0,跌↓,37.1,涨↑,✗,+0.42%,1.3822
2025-07-21,1443.0,跌↓,37.6,涨↑,✗,+1.52%,1.3822
2025-07-22,1464.98,跌↓,30.9,涨↑,✗,+0.72%,1.3822
2025-07-23,1475.5,跌↓,34.1,涨↑,✗,+1.08%,1.3822
2025-07-24,1491.5,跌↓,29.9,跌↓,✓,-2.45%,1.3822
2025-07-25,1455.0,跌↓,41.4,跌↓,✓,-1.12%,1.3822
2025-07-28,1438.66,涨↑,52.3,涨↑,✓,+0.02%,1.3825
2025-07-29,1439.0,跌↓,46.6,涨↑,✗,+0.73%,1.3825
2025-07-30,1449.44,跌↓,40.3,跌↓,✓,-1.92%,1.3825
2025-07-31,1421.67,跌↓,37.4,跌↓,✓,-0.33%,1.3825
2025-08-01,1417.0,跌↓,48.2,涨↑,✗,+0.14%,1.3825
2025-08-04,1419.0,跌↓,45.2,涨↑,✗,+0.62%,1.3825
2025-08-05,1427.74,跌↓,34.5,跌↓,✓,-0.27%,1.3825
2025-08-06,1423.88,跌↓,38.4,跌↓,✓,-0.11%,1.3825
2025-08-07,1422.35,涨↑,53.1,跌↓,✗,-0.10%,1.3812
2025-08-08,1420.97,涨↑,53.3,涨↑,✓,+1.69%,1.4045
2025-08-11,1445.0,涨↑,57.9,跌↓,✗,-0.55%,1.3968
2025-08-12,1437.04,涨↑,67.2,跌↓,✗,-1.18%,1.3803
2025-08-13,1420.05,涨↑,65.9,涨↑,✓,+0.49%,1.387
2025-08-14,1426.99,涨↑,63.3,跌↓,✗,-0.34%,1.3822
2025-08-15,1422.08,涨↑,51.4,涨↑,✓,+0.45%,1.3885
2025-08-18,1428.5,涨↑,59.0,涨↑,✓,+0.67%,1.3977
2025-08-19,1438.0,涨↑,51.4,涨↑,✓,+0.83%,1.4094
2025-08-20,1450.0,跌↓,46.8,跌↓,✓,-0.12%,1.4094
2025-08-21,1448.25,跌↓,47.7,涨↑,✗,+1.08%,1.4094
2025-07-25,1455.0,跌↓,43.9,跌↓,✓,-1.12%,1.4094
2025-07-28,1438.66,涨↑,57.7,涨↑,✓,+0.02%,1.4097
2025-07-29,1439.0,涨↑,50.8,涨↑,✓,+0.73%,1.4199
2025-07-30,1449.44,跌↓,45.7,跌↓,✓,-1.92%,1.4199
2025-07-31,1421.67,跌↓,40.5,跌↓,✓,-0.33%,1.4199
2025-08-01,1417.0,跌↓,48.9,涨↑,✗,+0.14%,1.4199
2025-08-04,1419.0,跌↓,49.0,涨↑,✗,+0.62%,1.4199
2025-08-05,1427.74,跌↓,44.9,跌↓,✓,-0.27%,1.4199
2025-08-06,1423.88,跌↓,43.5,跌↓,✓,-0.11%,1.4199
2025-08-07,1422.35,涨↑,55.8,跌↓,✗,-0.10%,1.4186
2025-08-08,1420.97,涨↑,58.5,涨↑,✓,+1.69%,1.4426
2025-08-11,1445.0,涨↑,59.8,跌↓,✗,-0.55%,1.4346
2025-08-12,1437.04,涨↑,66.4,跌↓,✗,-1.18%,1.4176
2025-08-13,1420.05,涨↑,64.0,涨↑,✓,+0.49%,1.4246
2025-08-14,1426.99,涨↑,65.7,跌↓,✗,-0.34%,1.4197
2025-08-15,1422.08,涨↑,55.0,涨↑,✓,+0.45%,1.4261
2025-08-18,1428.5,涨↑,65.3,涨↑,✓,+0.67%,1.4356
2025-08-19,1438.0,涨↑,56.9,涨↑,✓,+0.83%,1.4475
2025-08-20,1450.0,涨↑,59.2,跌↓,✗,-0.12%,1.4458
2025-08-21,1448.25,涨↑,58.2,涨↑,✓,+1.08%,1.4615
2025-08-22,1463.95,涨↑,53.2,涨↑,✓,+1.80%,1.4878
2025-08-25,1490.33,跌↓,46.3,跌↓,✓,-0.59%,1.4878
2025-08-26,1481.61,跌↓,45.6,跌↓,✓,-2.27%,1.4878
2025-08-27,1448.0,涨↑,58.1,跌↓,✗,-0.13%,1.4859
2025-08-28,1446.1,涨↑,63.0,涨↑,✓,+2.34%,1.5207
2025-08-29,1480.0,跌↓,41.9,跌↓,✓,-0.26%,1.5207
2025-09-01,1476.1,跌↓,45.4,涨↑,✗,+1.03%,1.5207
2025-09-02,1491.3,跌↓,42.8,跌↓,✓,-0.72%,1.5207
2025-09-03,1480.55,跌↓,47.0,跌↓,✓,-0.53%,1.5207
2025-09-04,1472.66,涨↑,55.9,涨↑,✓,+0.70%,1.5314
2025-08-08,1420.97,涨↑,50.0,涨↑,✓,+1.69%,1.5573
2025-08-11,1445.0,涨↑,57.0,跌↓,✗,-0.55%,1.5487
2025-08-12,1437.04,涨↑,62.6,跌↓,✗,-1.18%,1.5304
2025-08-13,1420.05,涨↑,63.5,涨↑,✓,+0.49%,1.5379
2025-08-14,1426.99,涨↑,65.2,跌↓,✗,-0.34%,1.5326
2025-08-15,1422.08,涨↑,53.6,涨↑,✓,+0.45%,1.5395
2025-08-18,1428.5,涨↑,60.2,涨↑,✓,+0.67%,1.5497
2025-08-19,1438.0,涨↑,51.9,涨↑,✓,+0.83%,1.5627
2025-08-20,1450.0,涨↑,55.9,跌↓,✗,-0.12%,1.5608
2025-08-21,1448.25,涨↑,54.4,涨↑,✓,+1.08%,1.5777
2025-08-22,1463.95,涨↑,51.7,涨↑,✓,+1.80%,1.6061
2025-08-25,1490.33,跌↓,45.2,跌↓,✓,-0.59%,1.6061
2025-08-26,1481.61,跌↓,44.3,跌↓,✓,-2.27%,1.6061
2025-08-27,1448.0,涨↑,63.3,跌↓,✗,-0.13%,1.604
2025-08-28,1446.1,涨↑,70.4,涨↑,✓,+2.34%,1.6416
2025-08-29,1480.0,跌↓,44.0,跌↓,✓,-0.26%,1.6416
2025-09-01,1476.1,跌↓,45.0,涨↑,✗,+1.03%,1.6416
2025-09-02,1491.3,跌↓,41.6,跌↓,✓,-0.72%,1.6416
2025-09-03,1480.55,跌↓,47.3,跌↓,✓,-0.53%,1.6416
2025-09-04,1472.66,涨↑,58.1,涨↑,✓,+0.70%,1.6531
2025-09-05,1483.0,跌↓,48.7,涨↑,✗,+1.23%,1.6531
2025-09-08,1501.23,跌↓,41.5,涨↑,✗,+0.25%,1.6531
2025-09-09,1505.0,跌↓,41.0,涨↑,✗,+1.13%,1.6531
2025-09-10,1522.01,跌↓,33.1,涨↑,✗,+0.10%,1.6531
2025-09-11,1523.5,跌↓,31.8,跌↓,✓,-0.49%,1.6531
2025-09-12,1516.0,跌↓,39.4,跌↓,✓,-0.06%,1.6531
2025-09-15,1515.1,跌↓,43.4,跌↓,✓,-1.00%,1.6531
2025-09-16,1499.98,涨↑,60.0,跌↓,✗,-0.47%,1.6454
2025-09-17,1493.0,涨↑,64.3,跌↓,✗,-1.68%,1.6178
2025-09-18,1467.96,跌↓,43.6,涨↑,✗,+0.00%,1.6178
2025-08-22,1463.95,跌↓,49.7,涨↑,✗,+1.80%,1.6178
2025-08-25,1490.33,跌↓,45.0,跌↓,✓,-0.59%,1.6178
2025-08-26,1481.61,跌↓,46.7,跌↓,✓,-2.27%,1.6178
2025-08-27,1448.0,涨↑,59.8,跌↓,✗,-0.13%,1.6157
2025-08-28,1446.1,涨↑,68.0,涨↑,✓,+2.34%,1.6536
2025-08-29,1480.0,跌↓,41.0,跌↓,✓,-0.26%,1.6536
2025-09-01,1476.1,跌↓,41.9,涨↑,✗,+1.03%,1.6536
2025-09-02,1491.3,跌↓,38.8,跌↓,✓,-0.72%,1.6536
2025-09-03,1480.55,跌↓,46.4,跌↓,✓,-0.53%,1.6536
2025-09-04,1472.66,涨↑,56.4,涨↑,✓,+0.70%,1.6652
2025-09-05,1483.0,跌↓,45.3,涨↑,✗,+1.23%,1.6652
2025-09-08,1501.23,跌↓,38.6,涨↑,✗,+0.25%,1.6652
2025-09-09,1505.0,跌↓,39.3,涨↑,✗,+1.13%,1.6652
2025-09-10,1522.01,跌↓,31.0,涨↑,✗,+0.10%,1.6652
2025-09-11,1523.5,跌↓,30.8,跌↓,✓,-0.49%,1.6652
2025-09-12,1516.0,跌↓,36.2,跌↓,✓,-0.06%,1.6652
2025-09-15,1515.1,跌↓,42.3,跌↓,✓,-1.00%,1.6652
2025-09-16,1499.98,涨↑,58.5,跌↓,✗,-0.47%,1.6575
2025-09-17,1493.0,涨↑,63.4,跌↓,✗,-1.68%,1.6297
2025-09-18,1467.96,跌↓,45.8,涨↑,✗,+0.00%,1.6297
2025-09-19,1467.97,跌↓,42.0,跌↓,✓,-1.00%,1.6297
2025-09-22,1453.35,跌↓,49.6,跌↓,✓,-0.41%,1.6297
2025-09-23,1447.42,涨↑,55.2,跌↓,✗,-0.37%,1.6236
2025-09-24,1442.0,涨↑,61.7,跌↓,✗,-0.21%,1.6202
2025-09-25,1439.0,涨↑,59.2,跌↓,✗,-0.28%,1.6157
2025-09-26,1435.0,涨↑,54.9,涨↑,✓,+1.80%,1.6448
2025-09-29,1460.86,跌↓,43.2,跌↓,✓,-1.15%,1.6448
2025-09-30,1443.99,涨↑,51.8,跌↓,✗,-0.50%,1.6366
2025-10-09,1436.78,涨↑,56.4,跌↓,✗,-0.47%,1.6289
2025-10-10,1430.0,涨↑,63.1,跌↓,✗,-0.76%,1.6166
2025-09-05,1483.0,跌↓,45.0,涨↑,✗,+1.23%,1.6166
2025-09-08,1501.23,跌↓,32.7,涨↑,✗,+0.25%,1.6166
2025-09-09,1505.0,跌↓,37.8,涨↑,✗,+1.13%,1.6166
2025-09-10,1522.01,跌↓,24.8,涨↑,✗,+0.10%,1.6166
2025-09-11,1523.5,跌↓,29.3,跌↓,✓,-0.49%,1.6166
2025-09-12,1516.0,跌↓,37.5,跌↓,✓,-0.06%,1.6166
2025-09-15,1515.1,跌↓,46.2,跌↓,✓,-1.00%,1.6166
2025-09-16,1499.98,涨↑,58.1,跌↓,✗,-0.47%,1.609
2025-09-17,1493.0,涨↑,65.2,跌↓,✗,-1.68%,1.5821
2025-09-18,1467.96,跌↓,42.0,涨↑,✗,+0.00%,1.5821
2025-09-19,1467.97,跌↓,42.3,跌↓,✓,-1.00%,1.5821
2025-09-22,1453.35,跌↓,47.8,跌↓,✓,-0.41%,1.5821
2025-09-23,1447.42,涨↑,52.7,跌↓,✗,-0.37%,1.5761
2025-09-24,1442.0,涨↑,62.4,跌↓,✗,-0.21%,1.5728
2025-09-25,1439.0,涨↑,57.3,跌↓,✗,-0.28%,1.5685
2025-09-26,1435.0,涨↑,50.6,涨↑,✓,+1.80%,1.5967
2025-09-29,1460.86,跌↓,40.9,跌↓,✓,-1.15%,1.5967
2025-09-30,1443.99,跌↓,48.5,跌↓,✓,-0.50%,1.5967
2025-10-09,1436.78,涨↑,54.0,跌↓,✗,-0.47%,1.5892
2025-10-10,1430.0,涨↑,64.4,跌↓,✗,-0.76%,1.5772
2025-10-13,1419.2,涨↑,58.9,涨↑,✓,+2.24%,1.6126
2025-10-14,1451.02,跌↓,40.0,涨↑,✗,+0.76%,1.6126
2025-10-15,1462.0,跌↓,41.0,涨↑,✗,+1.57%,1.6126
2025-10-16,1484.91,跌↓,44.5,跌↓,✓,-2.01%,1.6126
2025-10-17,1455.0,涨↑,58.6,涨↑,✓,+0.20%,1.6158
2025-10-20,1457.93,涨↑,67.3,涨↑,✓,+0.30%,1.6206
2025-10-21,1462.26,涨↑,61.3,跌↓,✗,-0.24%,1.6167
2025-10-22,1458.7,涨↑,57.5,涨↑,✓,+0.64%,1.627
2025-10-23,1467.98,涨↑,52.0,跌↓,✗,-1.22%,1.607
2025-10-24,1450.0,涨↑,55.1,跌↓,✗,-0.66%,1.5964
2025-09-19,1467.97,跌↓,39.3,跌↓,✓,-1.00%,1.5964
2025-09-22,1453.35,跌↓,47.5,跌↓,✓,-0.41%,1.5964
2025-09-23,1447.42,跌↓,48.9,跌↓,✓,-0.37%,1.5964
2025-09-24,1442.0,涨↑,60.8,跌↓,✗,-0.21%,1.5931
2025-09-25,1439.0,涨↑,54.9,跌↓,✗,-0.28%,1.5886
2025-09-26,1435.0,涨↑,50.1,涨↑,✓,+1.80%,1.6173
2025-09-29,1460.86,跌↓,39.9,跌↓,✓,-1.15%,1.6173
2025-09-30,1443.99,跌↓,45.4,跌↓,✓,-0.50%,1.6173
2025-10-09,1436.78,涨↑,51.1,跌↓,✗,-0.47%,1.6096
2025-10-10,1430.0,涨↑,61.1,跌↓,✗,-0.76%,1.5975
2025-10-13,1419.2,涨↑,54.3,涨↑,✓,+2.24%,1.6333
2025-10-14,1451.02,跌↓,40.2,涨↑,✗,+0.76%,1.6333
2025-10-15,1462.0,跌↓,42.0,涨↑,✗,+1.57%,1.6333
2025-10-16,1484.91,跌↓,44.4,跌↓,✓,-2.01%,1.6333
2025-10-17,1455.0,涨↑,62.1,涨↑,✓,+0.20%,1.6366
2025-10-20,1457.93,涨↑,67.0,涨↑,✓,+0.30%,1.6415
2025-10-21,1462.26,涨↑,64.4,跌↓,✗,-0.24%,1.6375
2025-10-22,1458.7,涨↑,62.9,涨↑,✓,+0.64%,1.6479
2025-10-23,1467.98,涨↑,54.6,跌↓,✗,-1.22%,1.6277
2025-10-24,1450.0,涨↑,55.6,跌↓,✗,-0.66%,1.6169
2025-10-27,1440.41,涨↑,54.1,涨↑,✓,+0.32%,1.6221
2025-10-28,1445.0,涨↑,58.3,跌↓,✗,-0.91%,1.6074
2025-10-29,1431.9,涨↑,52.0,跌↓,✗,-0.36%,1.6016
2025-10-30,1426.74,涨↑,53.5,涨↑,✓,+0.23%,1.6053
2025-10-31,1430.01,涨↑,51.6,涨↑,✓,+0.35%,1.6109
2025-11-03,1435.0,跌↓,46.4,跌↓,✓,-0.42%,1.6109
2025-11-04,1429.0,涨↑,54.6,跌↓,✗,-0.62%,1.6008
2025-11-05,1420.08,涨↑,60.3,涨↑,✓,+1.06%,1.6178
2025-11-06,1435.13,涨↑,59.3,跌↓,✗,-0.13%,1.6157
2025-11-07,1433.33,涨↑,58.1,涨↑,✓,+2.02%,1.6484
2025-10-13,1419.2,跌↓,41.5,涨↑,✗,+2.24%,1.6484
2025-10-14,1451.02,跌↓,37.1,涨↑,✗,+0.76%,1.6484
2025-10-15,1462.0,跌↓,38.8,涨↑,✗,+1.57%,1.6484
2025-10-16,1484.91,跌↓,43.4,跌↓,✓,-2.01%,1.6484
2025-10-17,1455.0,涨↑,59.2,涨↑,✓,+0.20%,1.6517
2025-10-20,1457.93,涨↑,64.1,涨↑,✓,+0.30%,1.6566
2025-10-21,1462.26,涨↑,63.3,跌↓,✗,-0.24%,1.6526
2025-10-22,1458.7,涨↑,61.0,涨↑,✓,+0.64%,1.6631
2025-10-23,1467.98,涨↑,51.3,跌↓,✗,-1.22%,1.6427
2025-10-24,1450.0,涨↑,51.5,跌↓,✗,-0.66%,1.6319
2025-10-27,1440.41,跌↓,49.4,涨↑,✗,+0.32%,1.6319
2025-10-28,1445.0,涨↑,57.4,跌↓,✗,-0.91%,1.6171
2025-10-29,1431.9,跌↓,47.5,跌↓,✓,-0.36%,1.6171
2025-10-30,1426.74,跌↓,43.9,涨↑,✗,+0.23%,1.6171
2025-10-31,1430.01,跌↓,48.5,涨↑,✗,+0.35%,1.6171
2025-11-03,1435.0,跌↓,44.6,跌↓,✓,-0.42%,1.6171
2025-11-04,1429.0,涨↑,50.8,跌↓,✗,-0.62%,1.607
2025-11-05,1420.08,涨↑,53.3,涨↑,✓,+1.06%,1.624
2025-11-06,1435.13,涨↑,54.3,跌↓,✗,-0.13%,1.622
2025-11-07,1433.33,涨↑,55.7,涨↑,✓,+2.02%,1.6548
2025-11-10,1462.3,涨↑,59.1,跌↓,✗,-0.23%,1.651
2025-11-11,1458.99,涨↑,59.3,涨↑,✓,+0.42%,1.658
2025-11-12,1465.15,涨↑,59.9,涨↑,✓,+0.36%,1.6639
2025-11-13,1470.38,涨↑,61.2,跌↓,✗,-0.94%,1.6483
2025-11-14,1456.6,涨↑,57.2,涨↑,✓,+0.99%,1.6646
2025-11-17,1471.0,涨↑,57.2,涨↑,✓,+0.34%,1.6703
2025-11-18,1476.0,跌↓,47.4,跌↓,✓,-0.34%,1.6703
2025-11-19,1471.01,跌↓,43.4,跌↓,✓,-0.27%,1.6703
2025-11-20,1467.11,涨↑,59.2,跌↓,✗,-0.03%,1.6697
2025-11-21,1466.6,涨↑,58.7,跌↓,✗,-1.00%,1.6531
2025-10-27,1440.41,跌↓,47.0,涨↑,✗,+0.32%,1.6531
2025-10-28,1445.0,涨↑,56.1,跌↓,✗,-0.91%,1.6381
2025-10-29,1431.9,跌↓,46.1,跌↓,✓,-0.36%,1.6381
2025-10-30,1426.74,跌↓,46.7,涨↑,✗,+0.23%,1.6381
2025-10-31,1430.01,涨↑,50.0,涨↑,✓,+0.35%,1.6438
2025-11-03,1435.0,跌↓,44.5,跌↓,✓,-0.42%,1.6438
2025-11-04,1429.0,涨↑,54.0,跌↓,✗,-0.62%,1.6335
2025-11-05,1420.08,涨↑,56.8,涨↑,✓,+1.06%,1.6508
2025-11-06,1435.13,涨↑,60.6,跌↓,✗,-0.13%,1.6488
2025-11-07,1433.33,涨↑,58.1,涨↑,✓,+2.02%,1.6821
2025-11-10,1462.3,跌↓,48.5,跌↓,✓,-0.23%,1.6821
2025-11-11,1458.99,涨↑,57.7,涨↑,✓,+0.42%,1.6892
2025-11-12,1465.15,涨↑,52.9,涨↑,✓,+0.36%,1.6952
2025-11-13,1470.38,涨↑,53.0,跌↓,✗,-0.94%,1.6793
2025-11-14,1456.6,涨↑,51.6,涨↑,✓,+0.99%,1.6959
2025-11-17,1471.0,跌↓,48.9,涨↑,✗,+0.34%,1.6959
2025-11-18,1476.0,跌↓,42.2,跌↓,✓,-0.34%,1.6959
2025-11-19,1471.01,跌↓,35.4,跌↓,✓,-0.27%,1.6959
2025-11-20,1467.11,涨↑,50.1,跌↓,✗,-0.03%,1.6953
2025-11-21,1466.6,涨↑,51.1,跌↓,✗,-1.00%,1.6785
2025-11-24,1452.0,跌↓,48.6,跌↓,✓,-0.51%,1.6785
2025-11-25,1444.65,涨↑,51.6,涨↑,✓,+0.31%,1.6837
2025-11-26,1449.15,涨↑,55.3,跌↓,✗,-0.13%,1.6815
2025-11-27,1447.3,跌↓,44.1,涨↑,✗,+0.22%,1.6815
2025-11-28,1450.5,跌↓,45.3,跌↓,✓,-0.17%,1.6815
2025-12-01,1448.0,跌↓,40.8,跌↓,✓,-0.83%,1.6815
2025-12-02,1436.03,跌↓,45.1,跌↓,✓,-0.48%,1.6815
2025-12-03,1429.1,跌↓,47.5,跌↓,✓,-0.36%,1.6815
2025-12-04,1423.98,涨↑,53.6,涨↑,✓,+0.42%,1.6887
2025-12-05,1430.01,跌↓,49.4,跌↓,✓,-0.82%,1.6887
2025-11-10,1462.3,跌↓,48.2,跌↓,✓,-0.23%,1.6887
2025-11-11,1458.99,涨↑,56.8,涨↑,✓,+0.42%,1.6958
2025-11-12,1465.15,涨↑,53.0,涨↑,✓,+0.36%,1.7018
2025-11-13,1470.38,涨↑,57.1,跌↓,✗,-0.94%,1.6859
2025-11-14,1456.6,涨↑,55.0,涨↑,✓,+0.99%,1.7026
2025-11-17,1471.0,跌↓,48.0,涨↑,✗,+0.34%,1.7026
2025-11-18,1476.0,跌↓,46.1,跌↓,✓,-0.34%,1.7026
2025-11-19,1471.01,跌↓,40.6,跌↓,✓,-0.27%,1.7026
2025-11-20,1467.11,涨↑,56.0,跌↓,✗,-0.03%,1.702
2025-11-21,1466.6,涨↑,60.2,跌↓,✗,-1.00%,1.685
2025-11-24,1452.0,涨↑,53.0,跌↓,✗,-0.51%,1.6765
2025-11-25,1444.65,涨↑,51.0,涨↑,✓,+0.31%,1.6817
2025-11-26,1449.15,涨↑,50.3,跌↓,✗,-0.13%,1.6796
2025-11-27,1447.3,跌↓,42.5,涨↑,✗,+0.22%,1.6796
2025-11-28,1450.5,跌↓,43.8,跌↓,✓,-0.17%,1.6796
2025-12-01,1448.0,跌↓,42.7,跌↓,✓,-0.83%,1.6796
2025-12-02,1436.03,跌↓,48.0,跌↓,✓,-0.48%,1.6796
2025-12-03,1429.1,涨↑,53.6,跌↓,✗,-0.36%,1.6736
2025-12-04,1423.98,涨↑,60.1,涨↑,✓,+0.42%,1.6806
2025-12-05,1430.01,涨↑,53.7,跌↓,✗,-0.82%,1.6668
2025-12-08,1418.22,涨↑,50.1,跌↓,✗,-1.21%,1.6466
2025-12-09,1401.01,涨↑,53.3,涨↑,✓,+0.13%,1.6487
2025-12-10,1402.8,涨↑,54.0,涨↑,✓,+0.66%,1.6595
2025-12-11,1411.99,跌↓,49.9,涨↑,✗,+0.61%,1.6595
2025-12-12,1420.65,涨↑,50.6,涨↑,✓,+0.38%,1.6657
2025-12-15,1426.0,涨↑,51.9,跌↓,✗,-0.28%,1.661
2025-12-16,1422.0,涨↑,59.9,涨↑,✓,+0.78%,1.674
2025-12-17,1433.1,涨↑,56.4,跌↓,✗,-0.15%,1.6716
2025-12-18,1431.0,涨↑,71.8,跌↓,✗,-1.47%,1.647
2025-12-19,1410.0,涨↑,69.9,跌↓,✗,-0.12%,1.645
2025-11-24,1452.0,跌↓,45.3,跌↓,✓,-0.51%,1.645
2025-11-25,1444.65,涨↑,50.1,涨↑,✓,+0.31%,1.6501
2025-11-26,1449.15,跌↓,49.3,跌↓,✓,-0.13%,1.6501
2025-11-27,1447.3,跌↓,42.5,涨↑,✗,+0.22%,1.6501
2025-11-28,1450.5,跌↓,41.6,跌↓,✓,-0.17%,1.6501
2025-12-01,1448.0,跌↓,40.8,跌↓,✓,-0.83%,1.6501
2025-12-02,1436.03,跌↓,48.8,跌↓,✓,-0.48%,1.6501
2025-12-03,1429.1,涨↑,53.2,跌↓,✗,-0.36%,1.6442
2025-12-04,1423.98,涨↑,58.2,涨↑,✓,+0.42%,1.6512
2025-12-05,1430.01,涨↑,54.0,跌↓,✗,-0.82%,1.6376
2025-12-08,1418.22,跌↓,49.4,跌↓,✓,-1.21%,1.6376
2025-12-09,1401.01,涨↑,55.5,涨↑,✓,+0.13%,1.6396
2025-12-10,1402.8,涨↑,57.1,涨↑,✓,+0.66%,1.6504
2025-12-11,1411.99,涨↑,51.2,涨↑,✓,+0.61%,1.6605
2025-12-12,1420.65,跌↓,48.5,涨↑,✗,+0.38%,1.6605
2025-12-15,1426.0,跌↓,49.9,跌↓,✓,-0.28%,1.6605
2025-12-16,1422.0,涨↑,61.4,涨↑,✓,+0.78%,1.6735
2025-12-17,1433.1,涨↑,51.1,跌↓,✗,-0.15%,1.671
2025-12-18,1431.0,涨↑,73.3,跌↓,✗,-1.47%,1.6465
2025-12-19,1410.0,涨↑,68.4,跌↓,✗,-0.12%,1.6445
2025-12-22,1408.26,涨↑,74.7,跌↓,✗,-0.03%,1.644
2025-12-23,1407.86,涨↑,64.5,跌↓,✗,-0.49%,1.6359
2025-12-24,1400.9,涨↑,54.1,涨↑,✓,+0.95%,1.6514
2025-12-25,1414.17,涨↑,56.6,跌↓,✗,-0.00%,1.6513
2025-12-26,1414.13,涨↑,51.3,跌↓,✗,-0.86%,1.6372
2025-12-29,1402.0,涨↑,62.0,跌↓,✗,-0.88%,1.6228
2025-12-30,1389.72,涨↑,59.8,跌↓,✗,-0.90%,1.6082
2025-12-31,1377.18,涨↑,59.8,涨↑,✓,+3.54%,1.6652
2026-01-05,1426.0,跌↓,46.4,涨↑,✗,+0.14%,1.6652
2026-01-06,1428.01,涨↑,60.0,跌↓,✗,-0.33%,1.6598
2025-12-08,1418.22,跌↓,44.8,跌↓,✓,-1.21%,1.6598
2025-12-09,1401.01,涨↑,50.7,涨↑,✓,+0.13%,1.6619
2025-12-10,1402.8,涨↑,51.0,涨↑,✓,+0.66%,1.6728
2025-12-11,1411.99,跌↓,45.5,涨↑,✗,+0.61%,1.6728
2025-12-12,1420.65,跌↓,44.1,涨↑,✗,+0.38%,1.6728
2025-12-15,1426.0,跌↓,45.5,跌↓,✓,-0.28%,1.6728
2025-12-16,1422.0,涨↑,59.2,涨↑,✓,+0.78%,1.6858
2025-12-17,1433.1,跌↓,45.5,跌↓,✓,-0.15%,1.6858
2025-12-18,1431.0,涨↑,70.5,跌↓,✗,-1.47%,1.6611
2025-12-19,1410.0,涨↑,66.5,跌↓,✗,-0.12%,1.659
2025-12-22,1408.26,涨↑,75.5,跌↓,✗,-0.03%,1.6586
2025-12-23,1407.86,涨↑,64.4,跌↓,✗,-0.49%,1.6504
2025-12-24,1400.9,涨↑,53.9,涨↑,✓,+0.95%,1.666
2025-12-25,1414.17,跌↓,49.1,跌↓,✓,-0.00%,1.666
2025-12-26,1414.13,涨↑,50.1,跌↓,✗,-0.86%,1.6517
2025-12-29,1402.0,涨↑,58.5,跌↓,✗,-0.88%,1.6372
2025-12-30,1389.72,涨↑,54.7,跌↓,✗,-0.90%,1.6225
2025-12-31,1377.18,涨↑,58.6,涨↑,✓,+3.54%,1.68
2026-01-05,1426.0,跌↓,43.0,涨↑,✗,+0.14%,1.68
2026-01-06,1428.01,涨↑,58.4,跌↓,✗,-0.33%,1.6745
2026-01-07,1423.36,涨↑,63.5,跌↓,✗,-0.78%,1.6615
2026-01-08,1412.3,涨↑,69.3,涨↑,✓,+0.48%,1.6695
2026-01-09,1419.1,涨↑,68.8,涨↑,✓,+0.29%,1.6744
2026-01-12,1423.23,涨↑,55.4,跌↓,✗,-0.86%,1.66
2026-01-13,1411.0,涨↑,53.6,跌↓,✗,-0.92%,1.6447
2026-01-14,1398.01,涨↑,61.0,跌↓,✗,-0.65%,1.634
2026-01-15,1388.89,涨↑,64.5,跌↓,✗,-0.50%,1.6259
2026-01-16,1382.0,跌↓,49.6,跌↓,✓,-0.43%,1.6259
2026-01-19,1376.0,涨↑,57.8,跌↓,✗,-0.18%,1.623
2026-01-20,1373.55,涨↑,60.1,跌↓,✗,-1.64%,1.5964
2025-12-22,1408.26,涨↑,68.9,跌↓,✗,-0.03%,1.5959
2025-12-23,1407.86,涨↑,62.0,跌↓,✗,-0.49%,1.588
2025-12-24,1400.9,涨↑,51.1,涨↑,✓,+0.95%,1.6031
2025-12-25,1414.17,涨↑,51.2,跌↓,✗,-0.00%,1.603
2025-12-26,1414.13,跌↓,46.8,跌↓,✓,-0.86%,1.603
2025-12-29,1402.0,涨↑,56.3,跌↓,✗,-0.88%,1.589
2025-12-30,1389.72,涨↑,53.7,跌↓,✗,-0.90%,1.5747
2025-12-31,1377.18,涨↑,59.8,涨↑,✓,+3.54%,1.6305
2026-01-05,1426.0,跌↓,48.5,涨↑,✗,+0.14%,1.6305
2026-01-06,1428.01,涨↑,52.8,跌↓,✗,-0.33%,1.6252
2026-01-07,1423.36,涨↑,59.8,跌↓,✗,-0.78%,1.6125
2026-01-08,1412.3,涨↑,63.1,涨↑,✓,+0.48%,1.6203
2026-01-09,1419.1,涨↑,64.8,涨↑,✓,+0.29%,1.625
2026-01-12,1423.23,跌↓,48.9,跌↓,✓,-0.86%,1.625
2026-01-13,1411.0,跌↓,46.4,跌↓,✓,-0.92%,1.625
2026-01-14,1398.01,涨↑,57.0,跌↓,✗,-0.65%,1.6144
2026-01-15,1388.89,涨↑,61.5,跌↓,✗,-0.50%,1.6064
2026-01-16,1382.0,涨↑,51.5,跌↓,✗,-0.43%,1.5994
2026-01-19,1376.0,涨↑,56.3,跌↓,✗,-0.18%,1.5966
2026-01-20,1373.55,涨↑,60.6,跌↓,✗,-1.64%,1.5705
2026-01-21,1351.06,涨↑,56.8,跌↓,✗,-0.81%,1.5577
2026-01-22,1340.06,涨↑,62.8,跌↓,✗,-0.23%,1.5541
2026-01-23,1337.0,涨↑,64.0,涨↑,✓,+0.37%,1.5599
2026-01-26,1342.0,跌↓,45.1,涨↑,✗,+0.08%,1.5599
2026-01-27,1343.01,涨↑,50.9,跌↓,✗,-1.44%,1.5375
2026-01-28,1323.69,跌↓,47.8,涨↑,✗,+8.61%,1.5375
2026-01-29,1437.72,跌↓,49.8,跌↓,✓,-2.55%,1.5375
2026-01-30,1401.0,跌↓,46.5,涨↑,✗,+1.86%,1.5375
2026-02-02,1427.0,涨↑,62.9,涨↑,✓,+3.36%,1.5891
2026-02-03,1474.92,涨↑,55.3,涨↑,✓,+3.40%,1.6431
2026-01-07,1423.36,涨↑,62.0,跌↓,✗,-0.78%,1.6303
2026-01-08,1412.3,涨↑,60.8,涨↑,✓,+0.48%,1.6381
2026-01-09,1419.1,涨↑,64.8,涨↑,✓,+0.29%,1.6429
2026-01-12,1423.23,涨↑,50.1,跌↓,✗,-0.86%,1.6288
2026-01-13,1411.0,跌↓,43.5,跌↓,✓,-0.92%,1.6288
2026-01-14,1398.01,涨↑,51.7,跌↓,✗,-0.65%,1.6182
2026-01-15,1388.89,涨↑,52.7,跌↓,✗,-0.50%,1.6101
2026-01-16,1382.0,跌↓,49.8,跌↓,✓,-0.43%,1.6101
2026-01-19,1376.0,涨↑,59.9,跌↓,✗,-0.18%,1.6073
2026-01-20,1373.55,涨↑,64.5,跌↓,✗,-1.64%,1.581
2026-01-21,1351.06,涨↑,61.2,跌↓,✗,-0.81%,1.5681
2026-01-22,1340.06,涨↑,63.5,跌↓,✗,-0.23%,1.5645
2026-01-23,1337.0,涨↑,69.7,涨↑,✓,+0.37%,1.5704
2026-01-26,1342.0,跌↓,46.3,涨↑,✗,+0.08%,1.5704
2026-01-27,1343.01,涨↑,53.4,跌↓,✗,-1.44%,1.5478
2026-01-28,1323.69,跌↓,49.6,涨↑,✗,+8.61%,1.5478
2026-01-29,1437.72,涨↑,54.6,跌↓,✗,-2.55%,1.5082
2026-01-30,1401.0,跌↓,41.6,涨↑,✗,+1.86%,1.5082
2026-02-02,1427.0,涨↑,65.2,涨↑,✓,+3.36%,1.5589
2026-02-03,1474.92,涨↑,58.9,涨↑,✓,+3.40%,1.6118
2026-02-04,1525.0,跌↓,48.2,涨↑,✗,+1.97%,1.6118
2026-02-05,1555.0,跌↓,49.3,跌↓,✓,-2.57%,1.6118
2026-02-06,1515.01,涨↑,53.2,涨↑,✓,+0.66%,1.6224
2026-02-09,1524.96,跌↓,47.7,跌↓,✓,-1.32%,1.6224
2026-02-10,1504.8,跌↓,49.2,跌↓,✓,-0.03%,1.6224
2026-02-11,1504.33,跌↓,49.4,跌↓,✓,-1.18%,1.6224
2026-02-12,1486.6,涨↑,56.0,跌↓,✗,-0.09%,1.621
2026-02-13,1485.3,跌↓,47.8,跌↓,✓,-1.25%,1.621
2026-02-24,1466.8,涨↑,57.9,涨↑,✓,+1.69%,1.6485
2026-02-25,1491.66,跌↓,43.1,跌↓,✓,-1.71%,1.6485
2026-01-21,1351.06,涨↑,51.2,跌↓,✗,-0.81%,1.635
2026-01-22,1340.06,涨↑,52.8,跌↓,✗,-0.23%,1.6313
2026-01-23,1337.0,涨↑,58.3,涨↑,✓,+0.37%,1.6374
2026-01-26,1342.0,跌↓,40.0,涨↑,✗,+0.08%,1.6374
2026-01-27,1343.01,跌↓,46.1,跌↓,✓,-1.44%,1.6374
2026-01-28,1323.69,跌↓,43.0,涨↑,✗,+8.61%,1.6374
2026-01-29,1437.72,涨↑,55.8,跌↓,✗,-2.55%,1.5956
2026-01-30,1401.0,跌↓,42.0,涨↑,✗,+1.86%,1.5956
2026-02-02,1427.0,涨↑,62.5,涨↑,✓,+3.36%,1.6492
2026-02-03,1474.92,涨↑,60.4,涨↑,✓,+3.40%,1.7052
2026-02-04,1525.0,涨↑,51.4,涨↑,✓,+1.97%,1.7387
2026-02-05,1555.0,跌↓,46.1,跌↓,✓,-2.57%,1.7387
2026-02-06,1515.01,涨↑,53.8,涨↑,✓,+0.66%,1.7501
2026-02-09,1524.96,涨↑,50.6,跌↓,✗,-1.32%,1.727
2026-02-10,1504.8,涨↑,53.3,跌↓,✗,-0.03%,1.7264
2026-02-11,1504.33,涨↑,50.2,跌↓,✗,-1.18%,1.7061
2026-02-12,1486.6,涨↑,51.9,跌↓,✗,-0.09%,1.7046
2026-02-13,1485.3,跌↓,46.5,跌↓,✓,-1.25%,1.7046
2026-02-24,1466.8,涨↑,54.2,涨↑,✓,+1.69%,1.7335
2026-02-25,1491.66,跌↓,41.1,跌↓,✓,-1.71%,1.7335
2026-02-26,1466.21,跌↓,38.9,跌↓,✓,-0.76%,1.7335
2026-02-27,1455.02,涨↑,51.0,跌↓,✗,-1.02%,1.7157
2026-03-02,1440.11,涨↑,53.6,跌↓,✗,-0.97%,1.6992
2026-03-03,1426.19,涨↑,55.9,跌↓,✗,-1.75%,1.6694
2026-03-04,1401.18,涨↑,61.1,跌↓,✗,-0.15%,1.6668
2026-03-05,1399.04,涨↑,63.2,涨↑,✓,+0.21%,1.6703
2026-03-06,1402.0,跌↓,46.2,跌↓,✓,-0.36%,1.6703
2026-03-09,1397.0,跌↓,44.6,涨↑,✗,+0.35%,1.6703
2026-03-10,1401.88,跌↓,42.8,跌↓,✓,-0.13%,1.6703
2026-03-11,1400.0,跌↓,41.4,跌↓,✓,-0.57%,1.6703
2026-02-04,1525.0,涨↑,57.3,涨↑,✓,+1.97%,1.7032
2026-02-05,1555.0,涨↑,54.3,跌↓,✗,-2.57%,1.6594
2026-02-06,1515.01,涨↑,56.5,涨↑,✓,+0.66%,1.6703
2026-02-09,1524.96,涨↑,55.7,跌↓,✗,-1.32%,1.6482
2026-02-10,1504.8,涨↑,55.3,跌↓,✗,-0.03%,1.6477
2026-02-11,1504.33,涨↑,56.4,跌↓,✗,-1.18%,1.6283
2026-02-12,1486.6,涨↑,55.3,跌↓,✗,-0.09%,1.6268
2026-02-13,1485.3,跌↓,48.4,跌↓,✓,-1.25%,1.6268
2026-02-24,1466.8,涨↑,54.7,涨↑,✓,+1.69%,1.6544
2026-02-25,1491.66,跌↓,44.1,跌↓,✓,-1.71%,1.6544
2026-02-26,1466.21,跌↓,41.4,跌↓,✓,-0.76%,1.6544
2026-02-27,1455.02,跌↓,49.5,跌↓,✓,-1.02%,1.6544
2026-03-02,1440.11,涨↑,52.1,跌↓,✗,-0.97%,1.6384
2026-03-03,1426.19,涨↑,54.7,跌↓,✗,-1.75%,1.6097
2026-03-04,1401.18,涨↑,60.2,跌↓,✗,-0.15%,1.6072
2026-03-05,1399.04,涨↑,62.6,涨↑,✓,+0.21%,1.6106
2026-03-06,1402.0,跌↓,47.3,跌↓,✓,-0.36%,1.6106
2026-03-09,1397.0,跌↓,47.1,涨↑,✗,+0.35%,1.6106
2026-03-10,1401.88,跌↓,40.8,跌↓,✓,-0.13%,1.6106
2026-03-11,1400.0,跌↓,41.2,跌↓,✓,-0.57%,1.6106
2026-03-12,1392.0,跌↓,43.3,涨↑,✗,+1.55%,1.6106
2026-03-13,1413.64,跌↓,42.9,涨↑,✗,+3.29%,1.6106
2026-03-16,1460.18,涨↑,51.9,涨↑,✓,+1.70%,1.638
2026-03-17,1485.0,涨↑,51.0,跌↓,✗,-1.09%,1.6201
2026-03-18,1468.8,涨↑,63.0,跌↓,✗,-1.08%,1.6026
2026-03-19,1452.87,涨↑,70.5,跌↓,✗,-0.54%,1.5939
2026-03-20,1445.0,涨↑,72.7,跌↓,✗,-2.56%,1.5532
2026-03-23,1408.07,涨↑,68.7,跌↓,✗,-0.05%,1.5523
2026-03-24,1407.33,涨↑,57.9,涨↑,✓,+0.21%,1.5556
2026-03-25,1410.27,跌↓,48.4,跌↓,✓,-0.64%,1.5556
2026-02-26,1466.21,跌↓,34.6,跌↓,✓,-0.76%,1.5556
2026-02-27,1455.02,跌↓,39.1,跌↓,✓,-1.02%,1.5556
2026-03-02,1440.11,跌↓,42.2,跌↓,✓,-0.97%,1.5556
2026-03-03,1426.19,跌↓,45.8,跌↓,✓,-1.75%,1.5556
2026-03-04,1401.18,涨↑,52.3,跌↓,✗,-0.15%,1.5532
2026-03-05,1399.04,涨↑,53.2,涨↑,✓,+0.21%,1.5565
2026-03-06,1402.0,跌↓,44.5,跌↓,✓,-0.36%,1.5565
2026-03-09,1397.0,跌↓,46.4,涨↑,✗,+0.35%,1.5565
2026-03-10,1401.88,跌↓,38.0,跌↓,✓,-0.13%,1.5565
2026-03-11,1400.0,跌↓,41.4,跌↓,✓,-0.57%,1.5565
2026-03-12,1392.0,跌↓,48.2,涨↑,✗,+1.55%,1.5565
2026-03-13,1413.64,跌↓,44.0,涨↑,✗,+3.29%,1.5565
2026-03-16,1460.18,涨↑,53.7,涨↑,✓,+1.70%,1.583
2026-03-17,1485.0,涨↑,51.2,跌↓,✗,-1.09%,1.5657
2026-03-18,1468.8,涨↑,66.0,跌↓,✗,-1.08%,1.5487
2026-03-19,1452.87,涨↑,67.9,跌↓,✗,-0.54%,1.5403
2026-03-20,1445.0,涨↑,67.9,跌↓,✗,-2.56%,1.5009
2026-03-23,1408.07,涨↑,68.3,跌↓,✗,-0.05%,1.5002
2026-03-24,1407.33,涨↑,57.7,涨↑,✓,+0.21%,1.5033
2026-03-25,1410.27,涨↑,51.2,跌↓,✗,-0.64%,1.4936
2026-03-26,1401.18,跌↓,47.2,涨↑,✗,+1.06%,1.4936
2026-03-27,1416.02,跌↓,42.1,涨↑,✗,+0.28%,1.4936
2026-03-30,1420.0,跌↓,33.4,涨↑,✗,+2.11%,1.4936
2026-03-31,1450.0,涨↑,51.0,涨↑,✓,+0.65%,1.5033
2026-04-01,1459.44,涨↑,52.6,涨↑,✓,+0.03%,1.5038
2026-04-02,1459.88,涨↑,65.8,涨↑,✓,+0.01%,1.5039
2026-04-03,1460.0,涨↑,63.7,跌↓,✗,-1.37%,1.4833
2026-04-07,1440.02,涨↑,65.5,涨↑,✓,+1.74%,1.5091
2026-04-08,1465.02,涨↑,55.9,跌↓,✗,-0.31%,1.5044
2026-04-09,1460.49,跌↓,46.8,跌↓,✓,-0.45%,1.5044
