代码,名称,数据日期,综合得分,回调深度,收盘价,MA5,MA10,MA20,MA60,RSI6,RSI14,MACD柱,KDJ_K,KDJ_D,KDJ_J,量/MA20量,近10日涨幅%,近20日涨幅%,ATR,BIAS5,详细理由
000917,电广传媒,2026-04-13,11.5,中回调,9.74,9.62,9.49,9.56,10.68,66.4,61.1,0.0986,63.3,51.3,87.4,0.79,4.4,-2.3,0.37,1.3,小幅涨:近10日+4% | 回调至MA20(9.56):+1.9% | MACD红柱(已启动) | RSI14=61(正常区) | RSI6金叉RSI14 | KDJ金叉(K=63) | 乖离正常:BIAS20=1.9% | 量能健康(0.8xMA20)
000920,沃顿科技,2026-04-13,11.5,中回调,11.89,11.57,11.41,11.98,12.79,69.7,47.3,0.0345,65.1,44.5,106.3,0.68,3.8,-14.9,0.43,2.8,小幅涨:近10日+4% | 回调至MA20(11.98):-0.8% | MACD红柱(已启动) | RSI14=47(回升区) | KDJ金叉(K=65) | 乖离正常:BIAS20=-0.8% | 量能健康(0.7xMA20) | 量开始放大
000021,深科技,2026-04-13,11.0,中回调,28.25,27.58,26.87,28.63,29.89,95.5,48.9,0.0855,68.4,48.0,109.3,0.65,2.8,-8.6,1.27,2.4,小幅涨:近10日+3% | 回调至MA20(28.63):-1.3% | MACD红柱(已启动) | RSI14=49(回升区) | KDJ金叉(K=68) | 乖离正常:BIAS20=-1.3% | 量能健康(0.7xMA20)
001239,永达股份,2026-04-13,11.0,中回调,15.36,15.18,15.12,15.27,16.11,55.5,59.4,0.0684,60.0,55.8,68.5,0.91,7.5,-4.2,0.65,1.2,上涨:近10日+7% | 回调至MA20(15.27):+0.6% | MACD红柱(已启动) | RSI14=59(正常区) | KDJ金叉(K=60) | 乖离正常:BIAS20=0.6% | 量能健康(0.9xMA20) | 量开始放大
002309,中利集团,2026-04-13,11.0,轻回调,4.45,4.77,4.81,4.44,3.62,26.5,53.1,-0.0514,40.2,55.7,9.2,0.75,2.8,28.2,0.47,-6.8,强势:近20日+28% | 回调至MA10下:-7.5% | MACD绿柱(-0.0514) | RSI14=53(回升区) | KDJ超卖J=9 | 乖离正常:BIAS20=0.3% | 量能健康(0.7xMA20)
002310,东方新能,2026-04-13,11.0,中回调,3.17,3.14,3.19,3.31,2.69,59.7,35.3,-0.0703,27.6,27.5,27.8,0.51,-17.4,16.5,0.32,1.1,强势:近20日+17% | 回调至MA20(3.31):-4.2% | MACD绿柱(-0.0703) | RSI14=35(回升区) | KDJ金叉(K=28) | 乖离正常:BIAS20=-4.2% | 量能健康(0.5xMA20)
002427,尤夫股份,2026-04-13,11.0,中回调,6.51,6.46,6.24,6.58,7.13,67.9,54.4,0.0568,64.9,50.2,94.3,1.01,3.2,-6.9,0.31,0.8,小幅涨:近10日+3% | 回调至MA20(6.58):-1.1% | MACD红柱(已启动) | RSI14=54(回升区) | KDJ金叉(K=65) | 乖离正常:BIAS20=-1.1% | 量能健康(1.0xMA20)
000066,中国长城,2026-04-13,10.5,中回调,15.39,14.92,14.77,15.11,16.03,80.0,63.4,0.0661,56.6,40.1,89.5,1.29,2.1,-6.2,0.58,3.2,小幅涨:近10日+2% | 回调至MA20(15.11):+1.8% | MACD红柱(已启动) | RSI14=63(正常区) | KDJ金叉(K=57) | 乖离正常:BIAS20=1.8% | 量能健康(1.3xMA20) | 量开始放大
000617,中油资本,2026-04-13,10.5,中回调,10.08,10.53,10.36,10.32,9.55,52.6,48.9,-0.054,31.0,41.2,10.7,0.56,-5.3,13.5,0.74,-4.3,强势:近20日+14% | 回调至MA20(10.32):-2.3% | MACD绿柱(-0.0540) | RSI14=49(回升区) | KDJ超卖J=11 | 乖离正常:BIAS20=-2.3% | 量能健康(0.6xMA20)
000672,上峰水泥,2026-04-13,10.5,中回调,13.12,13.24,13.08,13.06,13.8,55.0,63.1,0.0896,64.7,61.2,71.7,0.88,3.7,-5.9,0.41,-0.9,小幅涨:近10日+4% | 回调至MA20(13.06):+0.5% | MACD红柱(已启动) | RSI14=63(正常区) | KDJ金叉(K=65) | 乖离正常:BIAS20=0.5% | 量能健康(0.9xMA20) | 量开始放大
001278,一彬科技,2026-04-13,10.5,中回调,21.69,21.6,21.33,21.48,22.55,66.9,66.7,0.1235,68.5,62.0,81.4,0.52,3.7,-5.8,1.0,0.4,小幅涨:近10日+4% | 回调至MA20(21.48):+1.0% | MACD红柱(已启动) | RSI6金叉RSI14 | KDJ金叉(K=69) | 乖离正常:BIAS20=1.0% | 量能健康(0.5xMA20)
001282,三联锻造,2026-04-13,10.5,中回调,20.96,20.68,20.15,20.42,21.63,64.7,63.6,0.2139,59.8,51.6,76.3,1.67,5.6,-7.7,0.84,1.4,小幅涨:近10日+6% | 回调至MA20(20.42):+2.7% | MACD红柱(已启动) | RSI14=64(正常区) | KDJ金叉(K=60) | 乖离正常:BIAS20=2.7% | 量能健康(1.7xMA20) | 量开始放大
001319,铭科精技,2026-04-13,10.5,中回调,25.08,24.85,24.65,24.83,27.48,61.2,61.7,0.2204,58.0,52.4,69.3,1.16,2.9,-4.1,0.71,0.9,小幅涨:近10日+3% | 回调至MA20(24.83):+1.0% | MACD红柱(已启动) | RSI14=62(正常区) | KDJ金叉(K=58) | 乖离正常:BIAS20=1.0% | 量能健康(1.2xMA20) | 量开始放大
001337,四川黄金,2026-04-13,10.5,中回调,48.95,49.43,48.98,49.05,49.51,56.9,60.6,0.1236,55.8,55.1,57.1,0.56,6.3,-8.9,2.48,-1.0,上涨:近10日+6% | 回调至MA20(49.05):-0.2% | MACD红柱(已启动) | RSI14=61(正常区) | KDJ金叉(K=56) | 乖离正常:BIAS20=-0.2% | 量能健康(0.6xMA20)
002046,国机精工,2026-04-13,10.5,中回调,46.26,45.64,44.56,44.92,47.08,71.6,64.5,0.4045,68.6,57.2,91.5,1.2,7.1,-2.0,1.86,1.3,上涨:近10日+7% | 回调至MA20(44.92):+3.0% | MACD红柱(已启动) | RSI14=65(正常区) | KDJ金叉(K=69) | 乖离正常:BIAS20=3.0% | 量能健康(1.2xMA20)
002157,正邦科技,2026-04-13,10.5,中回调,3.17,3.1,3.07,3.14,3.21,65.5,62.3,0.0066,65.1,50.9,93.4,1.51,2.6,-5.1,0.09,2.4,小幅涨:近10日+3% | 回调至MA20(3.14):+1.1% | MACD红柱(已启动) | RSI14=62(正常区) | KDJ金叉(K=65) | 乖离正常:BIAS20=1.1% | 量能健康(1.5xMA20) | 量开始放大
002177,御银股份,2026-04-13,10.5,中回调,8.02,7.73,7.56,7.84,8.27,76.1,59.2,0.057,66.6,49.0,101.8,1.81,4.7,-11.6,0.38,3.7,小幅涨:近10日+5% | 回调至MA20(7.84):+2.3% | MACD红柱(已启动) | RSI14=59(正常区) | KDJ金叉(K=67) | 乖离正常:BIAS20=2.3% | 量能健康(1.8xMA20) | 量开始放大
002268,电科网安,2026-04-13,10.5,中回调,17.26,16.8,16.71,17.16,19.14,73.2,60.3,0.1107,68.0,48.4,107.3,1.12,2.4,-10.0,0.47,2.7,小幅涨:近10日+2% | 回调至MA20(17.16):+0.6% | MACD红柱(已启动) | RSI14=60(正常区) | KDJ金叉(K=68) | 乖离正常:BIAS20=0.6% | 量能健康(1.1xMA20) | 量开始放大
002380,科远智慧,2026-04-13,10.5,中回调,33.74,33.11,32.06,32.9,32.81,71.7,60.7,0.1864,67.0,53.1,94.9,1.55,5.1,-10.4,1.44,1.9,小幅涨:近10日+5% | 回调至MA20(32.90):+2.6% | MACD红柱(已启动) | RSI14=61(正常区) | KDJ金叉(K=67) | 乖离正常:BIAS20=2.6% | 量能健康(1.5xMA20) | 量开始放大
002518,科士达,2026-04-13,10.5,中回调,47.61,46.61,45.86,46.28,52.29,80.2,62.9,0.5063,67.8,56.9,89.7,1.49,2.9,-11.3,1.8,2.2,小幅涨:近10日+3% | 回调至MA20(46.28):+2.9% | MACD红柱(已启动) | RSI14=63(正常区) | KDJ金叉(K=68) | 乖离正常:BIAS20=2.9% | 量能健康(1.5xMA20) | 量开始放大
000157,中联重科,2026-04-13,10.0,中回调,8.7,8.68,8.62,8.6,9.05,59.8,61.8,0.0465,63.5,58.5,73.5,0.79,2.4,-5.0,0.29,0.3,小幅涨:近10日+2% | 回调至MA20(8.60):+1.2% | MACD红柱(已启动) | RSI14=62(正常区) | KDJ金叉(K=63) | 乖离正常:BIAS20=1.2% | 量能健康(0.8xMA20)
000636,风华高科,2026-04-13,10.0,中回调,20.49,19.71,19.36,20.16,21.09,92.3,57.8,0.0972,66.4,45.6,108.0,0.97,4.5,-5.6,0.83,3.9,小幅涨:近10日+4% | 回调至MA20(20.16):+1.7% | MACD红柱(已启动) | RSI14=58(正常区) | KDJ金叉(K=66) | 乖离正常:BIAS20=1.7% | 量能健康(1.0xMA20)
000725,京东方Ａ,2026-04-13,10.0,中回调,4.03,4.0,3.98,4.01,4.27,68.2,62.9,0.018,65.7,53.4,90.3,0.82,2.0,-7.6,0.08,0.6,小幅涨:近10日+2% | 回调至MA20(4.01):+0.4% | MACD红柱(已启动) | RSI14=63(正常区) | KDJ金叉(K=66) | 乖离正常:BIAS20=0.4% | 量能健康(0.8xMA20)
000727,冠捷科技,2026-04-13,10.0,中回调,2.74,2.74,2.67,2.69,2.65,71.4,58.7,0.0107,61.6,52.3,80.2,0.8,2.2,-0.7,0.12,0.0,小幅涨:近10日+2% | 回调至MA20(2.69):+1.7% | MACD红柱(已启动) | RSI14=59(正常区) | KDJ金叉(K=62) | 乖离正常:BIAS20=1.7% | 量能健康(0.8xMA20)
000788,北大医药,2026-04-13,10.0,轻回调,6.14,6.53,6.55,6.17,6.19,14.0,61.3,0.0231,35.2,51.8,1.9,1.23,3.9,1.0,0.4,-6.0,小幅涨:近10日+4% | 回调至MA10下:-6.3% | MACD红柱(已启动) | RSI14=61(正常区) | KDJ超卖J=2 | 乖离正常:BIAS20=-0.5% | 量能健康(1.2xMA20)
000815,美利云,2026-04-13,10.0,布林撑,20.28,19.78,19.75,19.38,15.87,57.6,53.8,-0.1823,56.6,50.2,69.3,1.01,-0.0,19.6,1.65,2.5,强势:近20日+20% | 布林下轨(16.71)获撑 | RSI14=54(回升区) | RSI6金叉RSI14 | KDJ金叉(K=57) | 量能健康(1.0xMA20) | 量开始放大
000880,潍柴重机,2026-04-13,10.0,中回调,27.59,27.22,26.9,27.06,31.57,64.7,63.1,0.3292,69.0,57.4,92.1,0.75,2.7,-5.7,0.89,1.4,小幅涨:近10日+3% | 回调至MA20(27.06):+2.0% | MACD红柱(已启动) | RSI14=63(正常区) | KDJ金叉(K=69) | 乖离正常:BIAS20=2.0% | 量能健康(0.8xMA20)
000905,厦门港务,2026-04-13,10.0,中回调,11.35,11.5,11.54,11.34,12.31,39.1,59.5,0.0602,39.4,52.1,14.1,1.43,3.4,-3.0,0.53,-1.3,小幅涨:近10日+3% | 回调至MA20(11.34):+0.1% | MACD红柱(已启动) | RSI14=60(正常区) | KDJ超卖J=14 | 乖离正常:BIAS20=0.1% | 量能健康(1.4xMA20) | 量开始放大
000950,重药控股,2026-04-13,10.0,轻回调,5.88,6.38,6.28,5.9,5.97,34.0,60.5,0.0293,39.5,57.6,3.3,1.32,5.2,1.7,0.36,-7.8,小幅涨:近10日+5% | 回调至MA10下:-6.4% | MACD红柱(已启动) | RSI14=61(正常区) | KDJ超卖J=3 | 乖离正常:BIAS20=-0.4% | 量能健康(1.3xMA20)
001234,泰慕士,2026-04-13,10.0,中回调,26.65,25.59,25.31,26.09,27.56,75.4,61.5,0.1176,61.2,44.4,94.9,2.45,2.9,-5.8,0.93,4.1,小幅涨:近10日+3% | 回调至MA20(26.09):+2.1% | MACD红柱(已启动) | RSI14=61(正常区) | KDJ金叉(K=61) | 乖离正常:BIAS20=2.1% | 量开始放大
002009,天奇股份,2026-04-13,10.0,中回调,24.7,24.66,24.4,24.46,26.61,51.7,60.5,0.1855,62.7,60.2,67.6,0.77,2.5,-4.8,0.84,0.2,小幅涨:近10日+3% | 回调至MA20(24.46):+1.0% | MACD红柱(已启动) | RSI14=60(正常区) | KDJ金叉(K=63) | 乖离正常:BIAS20=1.0% | 量能健康(0.8xMA20)
002038,双鹭药业,2026-04-13,10.0,轻回调,7.19,7.72,7.88,6.95,6.94,23.2,63.9,0.0464,39.9,58.6,2.7,0.9,8.8,17.1,0.7,-6.8,强势:近20日+17% | 回调至MA10下:-8.7% | MACD红柱(已启动) | RSI14=64(正常区) | KDJ超卖J=3 | 量能健康(0.9xMA20)
002050,三花智控,2026-04-13,10.0,中回调,44.45,43.83,43.3,43.87,49.37,64.7,56.9,0.4155,65.5,55.2,86.1,0.86,2.5,-6.0,1.45,1.4,小幅涨:近10日+3% | 回调至MA20(43.87):+1.3% | MACD红柱(已启动) | RSI14=57(正常区) | KDJ金叉(K=65) | 乖离正常:BIAS20=1.3% | 量能健康(0.9xMA20)
002079,苏州固锝,2026-04-13,10.0,中回调,9.79,9.62,9.51,9.68,10.4,62.7,54.0,0.0577,74.7,56.3,111.5,0.97,2.8,-5.0,0.28,1.7,小幅涨:近10日+3% | 回调至MA20(9.68):+1.1% | MACD红柱(已启动) | RSI14=54(回升区) | 乖离正常:BIAS20=1.1% | 量能健康(1.0xMA20) | 量开始放大
002115,三维通信,2026-04-13,10.0,中回调,12.16,12.19,12.1,12.16,14.09,59.4,61.7,0.1097,55.3,51.2,63.6,0.66,2.2,-5.4,0.41,-0.2,小幅涨:近10日+2% | 回调至MA20(12.16):-0.0% | MACD红柱(已启动) | RSI14=62(正常区) | KDJ金叉(K=55) | 乖离正常:BIAS20=-0.0% | 量能健康(0.7xMA20)
002226,江南化工,2026-04-13,10.0,中回调,5.77,5.54,5.49,5.61,5.96,72.0,64.6,0.0289,65.8,53.7,89.9,2.25,3.8,-8.4,0.15,4.1,小幅涨:近10日+4% | 回调至MA20(5.61):+2.8% | MACD红柱(已启动) | RSI14=65(正常区) | KDJ金叉(K=66) | 乖离正常:BIAS20=2.8% | 量开始放大
002261,拓维信息,2026-04-13,10.0,中回调,35.99,35.53,34.91,35.48,34.85,87.8,57.2,0.0449,68.8,56.2,94.0,0.61,3.6,-2.5,1.55,1.3,小幅涨:近10日+4% | 回调至MA20(35.48):+1.4% | MACD红柱(已启动) | RSI14=57(正常区) | KDJ金叉(K=69) | 乖离正常:BIAS20=1.4% | 量能健康(0.6xMA20)
002324,普利特,2026-04-13,10.0,中回调,15.27,15.26,15.13,15.18,17.3,59.8,63.1,0.1352,68.9,63.7,79.4,0.79,2.6,-9.4,0.47,0.1,小幅涨:近10日+3% | 回调至MA20(15.18):+0.6% | MACD红柱(已启动) | RSI14=63(正常区) | KDJ金叉(K=69) | 乖离正常:BIAS20=0.6% | 量能健康(0.8xMA20)
002387,维信诺,2026-04-13,10.0,中回调,8.03,7.94,7.8,7.91,8.53,65.4,62.4,0.069,64.9,52.6,89.5,0.87,3.2,-5.6,0.22,1.2,小幅涨:近10日+3% | 回调至MA20(7.91):+1.6% | MACD红柱(已启动) | RSI14=62(正常区) | KDJ金叉(K=65) | 乖离正常:BIAS20=1.6% | 量能健康(0.9xMA20)
002421,达实智能,2026-04-13,10.0,中回调,2.72,2.67,2.62,2.67,2.84,68.1,60.9,0.0206,67.6,54.0,94.9,1.11,3.0,-3.5,0.1,1.8,小幅涨:近10日+3% | 回调至MA20(2.67):+2.0% | MACD红柱(已启动) | RSI14=61(正常区) | KDJ金叉(K=68) | 乖离正常:BIAS20=2.0% | 量能健康(1.1xMA20)
002449,国星光电,2026-04-13,10.0,中回调,8.15,8.06,7.85,8.08,8.49,73.8,59.4,0.0508,67.3,50.9,100.2,0.62,3.3,-11.8,0.3,1.1,小幅涨:近10日+3% | 回调至MA20(8.08):+0.8% | MACD红柱(已启动) | RSI14=59(正常区) | KDJ金叉(K=67) | 乖离正常:BIAS20=0.8% | 量能健康(0.6xMA20)
002539,云图控股,2026-04-13,10.0,深回调,15.02,14.31,14.2,14.29,14.38,76.4,60.5,0.0663,69.1,56.0,95.1,1.23,3.3,-5.4,0.68,4.9,小幅涨:近10日+3% | 回调至MA60(14.38) | MACD红柱(已启动) | RSI14=61(正常区) | RSI6金叉RSI14 | KDJ金叉(K=69) | 量能健康(1.2xMA20) | 量开始放大
000623,吉林敖东,2026-04-13,9.5,中回调,18.24,17.97,17.82,17.83,18.89,65.9,69.1,0.122,69.7,64.2,80.5,1.02,4.0,-2.5,0.4,1.5,小幅涨:近10日+4% | 回调至MA20(17.83):+2.3% | MACD红柱(已启动) | KDJ金叉(K=70) | 乖离正常:BIAS20=2.3% | 量能健康(1.0xMA20) | 量开始放大
000686,东北证券,2026-04-13,9.5,中回调,8.33,8.17,8.12,8.18,8.76,67.1,65.8,0.0545,65.2,55.2,85.2,1.2,3.5,-3.3,0.18,1.9,小幅涨:近10日+3% | 回调至MA20(8.18):+1.9% | MACD红柱(已启动) | KDJ金叉(K=65) | 乖离正常:BIAS20=1.9% | 量能健康(1.2xMA20) | 量开始放大
000895,双汇发展,2026-04-13,9.5,中回调,28.51,27.89,28.09,28.04,26.87,46.9,62.7,-0.0421,55.3,52.8,60.1,1.15,2.0,2.1,0.69,2.2,小幅涨:近10日+2% | 回调至MA20(28.04):+1.7% | MACD绿柱(-0.0421) | RSI14=63(正常区) | KDJ金叉(K=55) | 乖离正常:BIAS20=1.7% | 量能健康(1.1xMA20) | 量开始放大
000913,钱江摩托,2026-04-13,9.5,中回调,14.89,14.65,15.07,15.01,15.48,39.7,56.6,-0.0179,24.1,29.2,13.8,0.69,4.4,-6.4,0.64,1.7,小幅涨:近10日+4% | 回调至MA20(15.01):-0.8% | MACD绿柱收窄(-0.0179) | RSI14=57(正常区) | KDJ超卖J=14 | 乖离正常:BIAS20=-0.8% | 量能健康(0.7xMA20)
000936,华西股份,2026-04-13,9.5,中回调,7.56,7.46,7.35,7.39,8.07,70.6,65.4,0.0648,77.7,65.6,101.9,0.96,3.6,-3.7,0.23,1.3,小幅涨:近10日+4% | 回调至MA20(7.39):+2.3% | MACD红柱(已启动) | RSI6金叉RSI14 | 乖离正常:BIAS20=2.3% | 量能健康(1.0xMA20) | 量开始放大
000987,越秀资本,2026-04-13,9.5,深回调,8.81,8.37,8.37,8.48,9.4,71.9,61.1,0.0558,44.4,34.0,65.2,2.02,4.0,-1.9,0.36,5.3,小幅涨:近10日+4% | 回调至MA60(9.40) | MACD红柱(已启动) | RSI14=61(正常区) | RSI6金叉RSI14 | KDJ金叉(K=44) | 量开始放大
001216,华瓷股份,2026-04-13,9.5,中回调,18.98,19.18,18.77,18.62,18.84,35.1,73.1,0.1229,68.9,66.7,73.3,0.67,9.1,-7.5,0.78,-1.0,上涨:近10日+9% | 回调至MA20(18.62):+1.9% | MACD红柱(已启动) | KDJ金叉(K=69) | 乖离正常:BIAS20=1.9% | 量能健康(0.7xMA20)
002111,威海广泰,2026-04-13,9.5,中回调,10.03,9.82,9.77,9.83,10.51,64.3,65.8,0.0697,68.0,57.0,89.9,0.86,5.8,-4.7,0.32,2.2,小幅涨:近10日+6% | 回调至MA20(9.83):+2.1% | MACD红柱(已启动) | KDJ金叉(K=68) | 乖离正常:BIAS20=2.1% | 量能健康(0.9xMA20) | 量开始放大
002144,宏达高科,2026-04-13,9.5,中回调,14.97,14.81,14.67,14.7,14.81,62.2,68.5,0.0551,66.5,63.7,72.0,0.94,2.9,-5.6,0.53,1.1,小幅涨:近10日+3% | 回调至MA20(14.70):+1.8% | MACD红柱(已启动) | KDJ金叉(K=66) | 乖离正常:BIAS20=1.8% | 量能健康(0.9xMA20) | 量开始放大
002465,海格通信,2026-04-13,9.5,中回调,15.05,14.83,14.79,14.9,17.21,66.4,66.3,0.1197,52.4,44.6,68.1,1.0,2.2,-5.9,0.49,1.5,小幅涨:近10日+2% | 回调至MA20(14.90):+1.0% | MACD红柱(已启动) | KDJ金叉(K=52) | 乖离正常:BIAS20=1.0% | 量能健康(1.0xMA20) | 量开始放大
002472,双环传动,2026-04-13,9.5,中回调,37.96,37.07,36.51,37.1,40.71,74.3,54.3,0.3585,75.1,58.0,109.4,0.8,3.8,-0.6,1.23,2.4,小幅涨:近10日+4% | 回调至MA20(37.10):+2.3% | MACD红柱(已启动) | RSI14=54(回升区) | 乖离正常:BIAS20=2.3% | 量能健康(0.8xMA20)
002492,恒基达鑫,2026-04-13,9.5,中回调,7.8,7.67,7.54,7.61,8.35,59.9,65.5,0.0814,66.9,57.4,85.9,1.59,5.0,-5.2,0.33,1.7,小幅涨:近10日+5% | 回调至MA20(7.61):+2.4% | MACD红柱(已启动) | KDJ金叉(K=67) | 乖离正常:BIAS20=2.4% | 量能健康(1.6xMA20) | 量开始放大
002531,天顺风能,2026-04-13,9.5,布林撑,11.66,11.3,11.26,11.29,9.69,69.1,63.5,-0.0579,69.9,61.0,87.8,0.72,7.1,-6.1,0.63,3.2,上涨:近10日+7% | 布林下轨(10.64)获撑 | MACD绿柱(-0.0579) | RSI14=63(正常区) | RSI6金叉RSI14 | KDJ金叉(K=70) | 量能健康(0.7xMA20)
000060,中金岭南,2026-04-13,9.0,中回调,6.35,6.29,6.21,6.25,6.97,66.7,66.5,0.0532,71.9,64.3,87.2,0.63,3.4,-11.6,0.21,1.0,小幅涨:近10日+3% | 回调至MA20(6.25):+1.6% | MACD红柱(已启动) | RSI6金叉RSI14 | 乖离正常:BIAS20=1.6% | 量能健康(0.6xMA20)
000570,苏常柴Ａ,2026-04-13,9.0,中回调,5.74,5.65,5.62,5.64,5.83,60.0,66.3,0.0221,60.1,52.8,74.7,0.58,2.5,-5.9,0.21,1.7,小幅涨:近10日+3% | 回调至MA20(5.64):+1.8% | MACD红柱(已启动) | KDJ金叉(K=60) | 乖离正常:BIAS20=1.8% | 量能健康(0.6xMA20)
000633,合金投资,2026-04-13,9.0,中回调,6.91,6.85,6.75,6.75,7.4,66.3,67.4,0.0667,65.2,59.7,76.2,0.66,2.8,-4.8,0.27,0.9,小幅涨:近10日+3% | 回调至MA20(6.75):+2.3% | MACD红柱(已启动) | KDJ金叉(K=65) | 乖离正常:BIAS20=2.3% | 量能健康(0.7xMA20)
000720,新能泰山,2026-04-13,9.0,轻回调,5.37,6.01,5.67,4.98,4.2,49.4,62.4,0.0343,51.0,65.9,21.1,1.36,-2.5,29.1,0.61,-10.7,强势:近20日+29% | 回调至MA10下:-5.3% | MACD红柱(已启动) | RSI14=62(正常区) | 量能健康(1.4xMA20)
000728,国元证券,2026-04-13,9.0,中回调,7.8,7.69,7.67,7.68,8.08,61.4,68.0,0.0397,59.8,51.9,75.8,0.9,2.9,-2.0,0.18,1.4,小幅涨:近10日+3% | 回调至MA20(7.68):+1.6% | MACD红柱(已启动) | KDJ金叉(K=60) | 乖离正常:BIAS20=1.6% | 量能健康(0.9xMA20)
000758,中色股份,2026-04-13,9.0,中回调,6.73,6.71,6.63,6.65,7.39,64.6,65.8,0.0561,69.2,63.1,81.4,0.58,2.6,-10.0,0.21,0.3,小幅涨:近10日+3% | 回调至MA20(6.65):+1.1% | MACD红柱(已启动) | KDJ金叉(K=69) | 乖离正常:BIAS20=1.1% | 量能健康(0.6xMA20)
000782,恒申新材,2026-04-13,9.0,中回调,5.47,5.4,5.41,5.43,5.74,58.0,65.8,0.0227,49.6,47.3,54.2,0.73,3.0,-8.4,0.22,1.3,小幅涨:近10日+3% | 回调至MA20(5.43):+0.8% | MACD红柱(已启动) | KDJ金叉(K=50) | 乖离正常:BIAS20=0.8% | 量能健康(0.7xMA20)
000786,北新建材,2026-04-13,9.0,中回调,25.56,25.87,25.94,25.77,26.92,30.3,62.1,0.0596,54.8,60.7,43.1,1.21,2.5,-2.0,0.83,-1.2,小幅涨:近10日+2% | 回调至MA20(25.77):-0.8% | MACD红柱(已启动) | RSI14=62(正常区) | 乖离正常:BIAS20=-0.8% | 量能健康(1.2xMA20) | 量开始放大
000901,航天科技,2026-04-13,9.0,中回调,22.55,22.2,22.15,22.25,25.51,65.9,66.0,0.2149,60.0,50.7,78.7,0.76,2.7,-4.2,0.78,1.6,小幅涨:近10日+3% | 回调至MA20(22.25):+1.3% | MACD红柱(已启动) | KDJ金叉(K=60) | 乖离正常:BIAS20=1.3% | 量能健康(0.8xMA20)
001314,亿道信息,2026-04-13,9.0,中回调,42.42,41.47,40.42,41.56,45.36,85.9,61.3,0.4056,78.4,58.7,118.0,0.66,6.4,-8.0,1.33,2.3,上涨:近10日+6% | 回调至MA20(41.56):+2.1% | MACD红柱(已启动) | RSI14=61(正常区) | 乖离正常:BIAS20=2.1% | 量能健康(0.7xMA20)
001339,智微智能,2026-04-13,9.0,中回调,64.3,62.5,61.37,63.63,60.41,89.1,56.0,-0.0639,69.5,50.7,107.2,0.7,5.1,-12.2,3.31,2.9,小幅涨:近10日+5% | 回调至MA20(63.63):+1.1% | MACD绿柱(-0.0639) | RSI14=56(正常区) | KDJ金叉(K=70) | 乖离正常:BIAS20=1.1% | 量能健康(0.7xMA20)
002034,旺能环境,2026-04-13,9.0,布林撑,18.8,17.88,17.5,17.77,17.34,86.9,63.4,0.0854,62.7,44.7,98.5,1.32,4.1,-0.4,0.67,5.2,小幅涨:近10日+4% | 布林下轨(16.56)获撑 | MACD红柱(已启动) | RSI14=63(正常区) | KDJ金叉(K=63) | 量能健康(1.3xMA20) | 量开始放大
002082,万邦德,2026-04-13,9.0,轻回调,28.7,32.36,32.13,26.02,20.17,21.4,70.0,0.1021,52.4,73.6,10.0,1.05,10.2,55.1,2.84,-11.3,强势:近20日+55% | 回调至MA10下:-10.7% | MACD红柱(已启动) | KDJ超卖J=10 | 量能健康(1.1xMA20)
002130,沃尔核材,2026-04-13,9.0,中回调,25.13,24.3,23.86,24.4,26.91,84.9,64.9,0.2502,76.2,56.6,115.4,0.84,5.6,-1.8,0.81,3.4,小幅涨:近10日+6% | 回调至MA20(24.40):+3.0% | MACD红柱(已启动) | RSI14=65(正常区) | 乖离正常:BIAS20=3.0% | 量能健康(0.8xMA20) | 量开始放大
002170,芭田股份,2026-04-13,9.0,中回调,13.42,13.27,13.08,13.08,13.35,74.1,64.6,0.0692,82.4,70.0,107.0,0.9,2.1,-7.8,0.39,1.1,小幅涨:近10日+2% | 回调至MA20(13.08):+2.6% | MACD红柱(已启动) | RSI14=65(正常区) | 乖离正常:BIAS20=2.6% | 量能健康(0.9xMA20) | 量开始放大
002182,宝武镁业,2026-04-13,9.0,中回调,16.4,16.25,16.03,16.22,18.12,58.5,61.9,0.1353,72.1,63.9,88.6,0.85,5.7,-15.0,0.66,0.9,小幅涨:近10日+6% | 回调至MA20(16.22):+1.1% | MACD红柱(已启动) | RSI14=62(正常区) | 乖离正常:BIAS20=1.1% | 量能健康(0.9xMA20) | 量开始放大
002183,怡 亚 通,2026-04-13,9.0,布林撑,5.73,5.74,5.62,5.51,5.36,68.8,63.2,0.0223,78.3,74.1,86.8,1.35,2.3,11.0,0.3,-0.1,小幅涨:近10日+2% | 布林下轨(5.11)获撑 | MACD红柱(已启动) | RSI14=63(正常区) | RSI6金叉RSI14 | 量能健康(1.4xMA20) | 量开始放大
002331,皖通科技,2026-04-13,9.0,中回调,8.34,8.28,8.17,8.2,9.02,67.0,67.2,0.0703,69.1,62.2,82.9,0.77,4.4,-4.4,0.24,0.7,小幅涨:近10日+4% | 回调至MA20(8.20):+1.7% | MACD红柱(已启动) | KDJ金叉(K=69) | 乖离正常:BIAS20=1.7% | 量能健康(0.8xMA20)
002521,齐峰新材,2026-04-13,9.0,中回调,8.29,8.3,8.2,8.14,8.34,69.1,68.7,0.0397,62.5,59.2,69.0,0.62,4.3,2.3,0.26,-0.1,小幅涨:近10日+4% | 回调至MA20(8.14):+1.9% | MACD红柱(已启动) | KDJ金叉(K=62) | 乖离正常:BIAS20=1.9% | 量能健康(0.6xMA20)
002553,南方精工,2026-04-13,9.0,中回调,24.97,25.55,25.08,24.5,26.5,52.4,63.0,0.2346,65.9,68.1,61.5,0.73,6.5,-1.2,0.94,-2.3,上涨:近10日+6% | 回调至MA20(24.50):+1.9% | MACD红柱(已启动) | RSI14=63(正常区) | 乖离正常:BIAS20=1.9% | 量能健康(0.7xMA20)
000506,招金黄金,2026-04-13,8.5,中回调,17.39,18.15,17.58,17.11,18.85,55.2,60.3,0.2352,57.1,64.9,41.4,1.0,5.8,-4.1,1.04,-4.2,小幅涨:近10日+6% | 回调至MA20(17.11):+1.6% | MACD红柱(已启动) | RSI14=60(正常区) | 乖离正常:BIAS20=1.6% | 量能健康(1.0xMA20)
000559,万向钱潮,2026-04-13,8.5,深回调,16.15,15.66,15.49,15.61,17.58,65.7,64.3,0.1655,58.4,48.9,77.4,1.68,4.7,-4.7,0.62,3.1,小幅涨:近10日+5% | 回调至MA60(17.58) | MACD红柱(已启动) | RSI14=64(正常区) | KDJ金叉(K=58) | 量能健康(1.7xMA20) | 量开始放大
000878,云南铜业,2026-04-13,8.5,中回调,18.99,18.59,18.31,18.75,22.03,71.8,61.1,0.2086,75.2,56.4,112.8,0.78,2.8,-15.4,0.66,2.2,小幅涨:近10日+3% | 回调至MA20(18.75):+1.3% | MACD红柱(已启动) | RSI14=61(正常区) | 乖离正常:BIAS20=1.3% | 量能健康(0.8xMA20)
000890,法尔胜,2026-04-13,8.5,轻回调,13.15,15.33,15.41,14.29,9.12,27.7,50.0,-0.3285,39.4,63.1,-8.0,0.73,-2.4,18.6,1.31,-14.2,强势:近20日+19% | 回调至MA10下:-14.7% | RSI14=50(回升区) | KDJ超卖J=-8 | 量能健康(0.7xMA20)
001218,丽臣实业,2026-04-13,8.5,中回调,25.1,24.95,24.71,24.95,25.26,71.5,62.5,0.0643,71.8,60.0,95.2,0.7,2.3,-4.2,0.8,0.6,小幅涨:近10日+2% | 回调至MA20(24.95):+0.6% | MACD红柱(已启动) | RSI14=63(正常区) | 乖离正常:BIAS20=0.6% | 量能健康(0.7xMA20)
001223,欧克科技,2026-04-13,8.5,深回调,51.78,53.14,51.01,49.95,54.04,55.2,63.0,0.724,68.7,68.2,69.9,0.87,8.2,-1.3,2.49,-2.6,上涨:近10日+8% | 回调至MA60(54.04) | MACD红柱(已启动) | RSI14=63(正常区) | KDJ金叉(K=69) | 量能健康(0.9xMA20)
001287,中电港,2026-04-13,8.5,布林撑,26.95,25.43,24.54,24.58,24.24,85.6,60.2,0.2616,74.0,57.0,108.1,1.07,9.6,21.2,1.41,6.0,强势:近20日+21% | 布林下轨(21.94)获撑 | MACD红柱(已启动) | RSI14=60(正常区) | 量能健康(1.1xMA20) | 量开始放大
001298,好上好,2026-04-13,8.5,中回调,29.71,29.12,28.56,29.19,30.49,82.1,59.6,0.1669,78.1,59.5,115.4,0.71,3.1,-3.4,1.05,2.0,小幅涨:近10日+3% | 回调至MA20(29.19):+1.8% | MACD红柱(已启动) | RSI14=60(正常区) | 乖离正常:BIAS20=1.8% | 量能健康(0.7xMA20)
001389,广合科技,2026-04-13,8.5,布林撑,132.0,125.15,121.25,116.09,106.88,86.5,82.8,1.4011,79.0,74.0,89.2,1.27,14.9,10.4,7.37,5.5,上涨:近10日+15% | 布林下轨(99.75)获撑 | MACD红柱(已启动) | RSI6金叉RSI14 | 量能健康(1.3xMA20) | 量开始放大
002042,华孚时尚,2026-04-13,8.5,深回调,4.51,4.43,4.37,4.32,4.36,67.6,66.7,0.0301,69.7,67.7,73.7,0.8,2.0,-0.9,0.24,1.9,小幅涨:近10日+2% | 回调至MA60(4.36) | MACD红柱(已启动) | RSI6金叉RSI14 | KDJ金叉(K=70) | 量能健康(0.8xMA20)
002119,康强电子,2026-04-13,8.5,中回调,21.44,21.57,20.8,21.03,22.3,73.7,59.5,0.2026,70.9,61.5,89.7,0.74,5.8,0.6,0.92,-0.6,小幅涨:近10日+6% | 回调至MA20(21.03):+1.9% | MACD红柱(已启动) | RSI14=60(正常区) | 乖离正常:BIAS20=1.9% | 量能健康(0.7xMA20)
002128,电投能源,2026-04-13,8.5,中回调,31.54,31.79,31.15,30.71,30.22,61.6,64.0,0.1196,67.1,68.0,65.1,0.9,5.5,-6.2,1.12,-0.8,小幅涨:近10日+5% | 回调至MA20(30.71):+2.7% | MACD红柱(已启动) | RSI14=64(正常区) | 乖离正常:BIAS20=2.7% | 量能健康(0.9xMA20)
002152,广电运通,2026-04-13,8.5,中回调,11.94,11.74,11.58,11.89,12.84,79.4,57.9,0.0691,73.8,56.3,108.8,0.96,3.8,-7.6,0.33,1.7,小幅涨:近10日+4% | 回调至MA20(11.89):+0.4% | MACD红柱(已启动) | RSI14=58(正常区) | 乖离正常:BIAS20=0.4% | 量能健康(1.0xMA20)
002160,常铝股份,2026-04-13,8.5,中回调,5.11,5.1,5.14,5.06,5.63,45.7,62.6,0.0345,39.6,41.0,36.7,0.44,2.4,-8.6,0.29,0.2,小幅涨:近10日+2% | 回调至MA20(5.06):+1.0% | MACD红柱(已启动) | RSI14=63(正常区) | 乖离正常:BIAS20=1.0% | 量能健康(0.4xMA20)
002167,东方锆业,2026-04-13,8.5,中回调,12.69,12.44,12.26,12.46,13.48,71.1,63.5,0.0878,77.9,62.1,109.4,0.78,2.0,-9.0,0.4,2.0,小幅涨:近10日+2% | 回调至MA20(12.46):+1.8% | MACD红柱(已启动) | RSI14=63(正常区) | 乖离正常:BIAS20=1.8% | 量能健康(0.8xMA20)
002234,民和股份,2026-04-13,8.5,中回调,8.56,8.43,8.33,8.48,8.97,60.5,64.4,0.0411,75.0,62.0,101.0,0.79,2.4,-8.4,0.28,1.5,小幅涨:近10日+2% | 回调至MA20(8.48):+1.0% | MACD红柱(已启动) | RSI14=64(正常区) | 乖离正常:BIAS20=1.0% | 量能健康(0.8xMA20)
002237,恒邦股份,2026-04-13,8.5,中回调,15.01,15.1,14.97,14.99,16.69,56.2,63.1,0.1191,58.5,60.4,54.7,0.56,2.5,-10.6,0.54,-0.6,小幅涨:近10日+2% | 回调至MA20(14.99):+0.1% | MACD红柱(已启动) | RSI14=63(正常区) | 乖离正常:BIAS20=0.1% | 量能健康(0.6xMA20)
002248,华东数控,2026-04-13,8.5,中回调,12.58,12.34,12.14,12.39,12.9,71.3,62.4,0.0549,77.4,59.4,113.5,0.58,4.0,-11.0,0.41,1.9,小幅涨:近10日+4% | 回调至MA20(12.39):+1.5% | MACD红柱(已启动) | RSI14=62(正常区) | 乖离正常:BIAS20=1.5% | 量能健康(0.6xMA20)
002266,浙富控股,2026-04-13,8.5,深回调,4.41,4.25,4.2,4.28,4.66,69.1,62.2,0.0307,65.8,50.2,97.1,1.98,4.8,-9.1,0.12,3.9,小幅涨:近10日+5% | 回调至MA60(4.66) | MACD红柱(已启动) | RSI14=62(正常区) | KDJ金叉(K=66) | 量能健康(2.0xMA20) | 量开始放大
002349,精华制药,2026-04-13,8.5,中回调,7.46,7.68,7.56,7.43,7.58,41.7,67.0,0.041,42.3,56.4,14.2,1.07,2.8,-2.7,0.31,-2.9,小幅涨:近10日+3% | 回调至MA20(7.43):+0.4% | MACD红柱(已启动) | KDJ超卖J=14 | 乖离正常:BIAS20=0.4% | 量能健康(1.1xMA20)
002370,亚太药业,2026-04-13,8.5,轻回调,7.16,7.46,7.5,6.91,7.04,24.1,72.5,0.0552,46.6,63.5,12.7,0.7,9.6,9.1,0.5,-4.0,上涨:近10日+10% | 回调至MA10下:-4.6% | MACD红柱(已启动) | KDJ超卖J=13 | 量能健康(0.7xMA20)
002408,齐翔腾达,2026-04-13,8.5,布林撑,7.02,6.83,6.48,6.17,5.9,76.5,69.8,0.1044,87.4,81.6,99.2,0.78,15.3,12.1,0.37,2.8,强势:近20日+12% | 布林下轨(5.28)获撑 | MACD红柱(已启动) | RSI6金叉RSI14 | 量能健康(0.8xMA20)
002413,雷科防务,2026-04-13,8.5,中回调,13.09,13.26,13.26,13.18,14.34,37.3,59.5,0.0535,40.0,44.2,31.5,0.55,2.8,-5.4,0.65,-1.3,小幅涨:近10日+3% | 回调至MA20(13.18):-0.6% | MACD红柱(已启动) | RSI14=59(正常区) | 乖离正常:BIAS20=-0.6% | 量能健康(0.5xMA20)
000678,襄阳轴承,2026-04-13,8.0,中回调,12.68,13.19,12.93,12.37,13.38,38.1,65.3,0.1461,57.5,65.7,41.0,0.9,9.6,2.7,0.63,-3.9,上涨:近10日+10% | 回调至MA20(12.37):+2.5% | MACD红柱(已启动) | 乖离正常:BIAS20=2.5% | 量能健康(0.9xMA20)
000811,冰轮环境,2026-04-13,8.0,深回调,18.6,18.23,17.74,17.92,17.95,90.0,64.4,0.1144,67.4,55.0,92.3,1.1,2.8,-3.1,0.86,2.0,小幅涨:近10日+3% | 回调至MA60(17.95) | MACD红柱(已启动) | RSI14=64(正常区) | KDJ金叉(K=67) | 量能健康(1.1xMA20)
000829,天音控股,2026-04-13,8.0,中回调,10.7,10.54,10.42,10.4,10.61,93.9,81.7,0.0559,74.7,67.9,88.4,1.03,3.1,-1.6,0.39,1.5,小幅涨:近10日+3% | 回调至MA20(10.40):+2.9% | MACD红柱(已启动) | 乖离正常:BIAS20=2.9% | 量能健康(1.0xMA20) | 量开始放大
000876,新 希 望,2026-04-13,8.0,中回调,8.55,8.42,8.34,8.39,8.67,67.8,68.4,0.0366,73.3,66.4,87.1,1.62,3.8,-3.6,0.16,1.6,小幅涨:近10日+4% | 回调至MA20(8.39):+1.9% | MACD红柱(已启动) | 乖离正常:BIAS20=1.9% | 量能健康(1.6xMA20) | 量开始放大
001215,千味央厨,2026-04-13,8.0,中回调,38.2,38.48,38.66,37.22,40.78,25.6,72.5,0.3657,58.0,67.5,39.1,0.88,5.4,7.7,1.42,-0.7,小幅涨:近10日+5% | 回调至MA20(37.22):+2.6% | MACD红柱(已启动) | 乖离正常:BIAS20=2.6% | 量能健康(0.9xMA20) | 量开始放大
001219,青岛食品,2026-04-13,8.0,中回调,14.56,14.59,14.6,14.42,14.69,41.6,72.8,0.0445,57.9,62.7,48.4,0.83,2.7,-2.5,0.43,-0.2,小幅涨:近10日+3% | 回调至MA20(14.42):+1.0% | MACD红柱(已启动) | 乖离正常:BIAS20=1.0% | 量能健康(0.8xMA20) | 量开始放大
001267,汇绿生态,2026-04-13,8.0,布林撑,42.81,42.92,41.14,40.86,33.62,70.3,63.8,-0.0376,68.9,61.7,83.3,0.84,9.9,-0.9,2.82,-0.2,上涨:近10日+10% | 布林下轨(37.04)获撑 | MACD绿柱(-0.0376) | RSI14=64(正常区) | KDJ金叉(K=69) | 量能健康(0.8xMA20)
002057,中钢天源,2026-04-13,8.0,中回调,9.65,9.47,9.34,9.41,10.43,74.2,72.0,0.0869,82.4,71.4,104.2,0.78,2.9,-11.3,0.23,1.9,小幅涨:近10日+3% | 回调至MA20(9.41):+2.6% | MACD红柱(已启动) | 乖离正常:BIAS20=2.6% | 量能健康(0.8xMA20) | 量开始放大
002100,天康生物,2026-04-13,8.0,布林撑,7.75,7.75,7.58,7.5,7.29,56.2,69.1,0.0324,68.2,66.4,71.8,0.95,6.2,0.9,0.31,-0.0,上涨:近10日+6% | 布林下轨(6.96)获撑 | MACD红柱(已启动) | KDJ金叉(K=68) | 量能健康(0.9xMA20)
002232,启明信息,2026-04-13,8.0,中回调,17.82,17.65,17.65,17.46,18.49,55.4,66.5,0.0966,56.3,57.7,53.5,1.03,3.4,0.3,0.53,0.9,小幅涨:近10日+3% | 回调至MA20(17.46):+2.0% | MACD红柱(已启动) | 乖离正常:BIAS20=2.0% | 量能健康(1.0xMA20) | 量开始放大
002379,宏桥控股,2026-04-13,8.0,中回调,28.09,28.67,28.09,27.92,29.37,52.0,67.3,0.2079,65.9,67.6,62.5,0.74,3.8,-11.4,1.25,-2.0,小幅涨:近10日+4% | 回调至MA20(27.92):+0.6% | MACD红柱(已启动) | 乖离正常:BIAS20=0.6% | 量能健康(0.7xMA20) | 量开始放大
002443,金洲管道,2026-04-13,8.0,深回调,9.07,8.51,8.52,8.72,8.96,68.5,61.2,0.02,56.7,40.7,88.7,2.15,5.0,-5.2,0.4,6.6,"小幅涨:近10日+5% | 回调至MA60(8.96) | MACD红柱(已启动) | RSI14=61(正常区) | RSI6金叉RSI14 | KDJ金叉(K=57) | 量开始放大 | 偏离MA5过大,追高风险"
002484,江海股份,2026-04-13,8.0,深回调,30.65,30.08,29.56,28.92,30.27,69.2,68.2,0.3205,70.4,67.2,76.8,1.97,10.1,0.2,1.53,1.9,上涨:近10日+10% | 回调至MA60(30.27) | MACD红柱(已启动) | RSI6金叉RSI14 | 量能健康(2.0xMA20) | 量开始放大
002557,洽洽食品,2026-04-13,8.0,中回调,21.88,21.97,21.69,21.6,22.62,53.9,70.6,0.1441,73.1,76.2,67.0,1.26,3.2,-2.3,0.52,-0.4,小幅涨:近10日+3% | 回调至MA20(21.60):+1.3% | MACD红柱(已启动) | 乖离正常:BIAS20=1.3% | 量能健康(1.3xMA20) | 量开始放大
000153,丰原药业,2026-04-13,7.5,中回调,6.56,6.68,6.66,6.51,6.57,40.7,67.0,0.0202,50.6,65.5,20.9,1.0,2.0,-1.6,0.23,-1.9,小幅涨:近10日+2% | 回调至MA20(6.51):+0.8% | MACD红柱(已启动) | 乖离正常:BIAS20=0.8% | 量能健康(1.0xMA20)
000301,东方盛虹,2026-04-13,7.5,中回调,11.16,11.37,11.14,10.98,11.85,54.1,65.8,0.109,72.8,74.8,68.7,0.86,3.7,-3.5,0.41,-1.8,小幅涨:近10日+4% | 回调至MA20(10.98):+1.6% | MACD红柱(已启动) | 乖离正常:BIAS20=1.6% | 量能健康(0.9xMA20)
000409,云鼎科技,2026-04-13,7.5,中回调,10.66,10.53,10.39,10.4,11.29,72.2,70.3,0.0946,79.6,69.5,99.7,0.67,4.5,-2.4,0.28,1.2,小幅涨:近10日+5% | 回调至MA20(10.40):+2.5% | MACD红柱(已启动) | 乖离正常:BIAS20=2.5% | 量能健康(0.7xMA20)
000419,通程控股,2026-04-13,7.5,深回调,6.15,5.93,5.89,5.9,6.27,62.7,70.2,0.0414,67.7,57.0,89.0,1.68,5.9,-1.1,0.2,3.7,小幅涨:近10日+6% | 回调至MA60(6.27) | MACD红柱(已启动) | KDJ金叉(K=68) | 量能健康(1.7xMA20) | 量开始放大
000420,吉林化纤,2026-04-13,7.5,布林撑,5.06,4.93,4.81,4.82,4.7,70.2,68.3,0.0291,70.7,63.5,85.1,0.61,4.8,5.0,0.24,2.7,小幅涨:近10日+5% | 布林下轨(4.31)获撑 | MACD红柱(已启动) | RSI6金叉RSI14 | 量能健康(0.6xMA20)
000519,中兵红箭,2026-04-13,7.5,深回调,17.64,17.09,16.99,17.06,18.55,72.3,70.2,0.1265,68.1,54.8,94.6,0.94,2.3,-3.5,0.55,3.2,小幅涨:近10日+2% | 回调至MA60(18.55) | MACD红柱(已启动) | KDJ金叉(K=68) | 量能健康(0.9xMA20) | 量开始放大
000592,平潭发展,2026-04-13,7.5,深回调,11.69,11.88,12.01,11.29,11.51,33.7,58.2,0.0529,50.3,63.5,23.9,1.3,10.7,6.0,0.84,-1.6,上涨:近10日+11% | 回调至MA60(11.51) | MACD红柱(已启动) | RSI14=58(正常区) | 量能健康(1.3xMA20) | 量开始放大
000603,盛达资源,2026-04-13,7.5,深回调,40.84,40.71,39.84,39.6,45.63,70.3,72.8,0.5416,66.6,64.7,70.3,0.6,6.1,-7.8,1.81,0.3,上涨:近10日+6% | 回调至MA60(45.63) | MACD红柱(已启动) | KDJ金叉(K=67) | 量能健康(0.6xMA20)
000650,仁和药业,2026-04-13,7.5,中回调,5.84,5.87,5.84,5.76,5.92,39.1,80.5,0.0247,67.2,74.1,53.3,0.73,2.5,-1.4,0.12,-0.4,小幅涨:近10日+2% | 回调至MA20(5.76):+1.4% | MACD红柱(已启动) | 乖离正常:BIAS20=1.4% | 量能健康(0.7xMA20)
000703,恒逸石化,2026-04-13,7.5,布林撑,15.29,15.16,13.86,12.84,12.31,83.9,79.3,0.3694,84.6,84.8,84.0,1.69,23.0,19.5,0.84,0.9,强势:近20日+19% | 布林下轨(9.77)获撑 | MACD红柱(已启动) | 量能健康(1.7xMA20) | 量开始放大
000798,中水渔业,2026-04-13,7.5,中回调,10.4,10.31,10.24,10.26,11.01,55.1,68.4,0.0701,81.4,71.6,101.1,0.48,2.8,-3.1,0.29,0.9,小幅涨:近10日+3% | 回调至MA20(10.26):+1.3% | MACD红柱(已启动) | 乖离正常:BIAS20=1.3% | 量能健康(0.5xMA20)
000957,中通客车,2026-04-13,7.5,深回调,11.88,11.41,11.31,11.19,11.46,74.2,77.3,0.0829,50.8,44.5,63.5,2.55,6.8,6.0,0.41,4.1,上涨:近10日+7% | 回调至MA60(11.46) | MACD红柱(已启动) | KDJ金叉(K=51) | 量开始放大
000973,佛塑科技,2026-04-13,7.5,布林撑,19.36,18.09,18.08,17.42,14.72,77.9,67.7,-0.0335,58.9,51.3,74.2,0.86,-1.2,13.1,1.19,7.0,"强势:近20日+13% | 布林下轨(14.91)获撑 | MACD绿柱(-0.0335) | RSI6金叉RSI14 | KDJ金叉(K=59) | 量能健康(0.9xMA20) | 偏离MA5过大,追高风险"
001230,劲旅环境,2026-04-13,7.5,中回调,24.83,25.21,25.22,24.41,24.79,38.9,71.2,0.1056,52.7,66.7,24.6,0.64,5.4,-0.1,0.92,-1.5,小幅涨:近10日+5% | 回调至MA20(24.41):+1.7% | MACD红柱(已启动) | 乖离正常:BIAS20=1.7% | 量能健康(0.6xMA20)
001296,长江材料,2026-04-13,7.5,中回调,24.91,24.64,24.4,24.52,26.87,64.9,67.5,0.1962,80.7,68.7,104.6,0.8,2.4,-3.6,0.64,1.1,小幅涨:近10日+2% | 回调至MA20(24.52):+1.6% | MACD红柱(已启动) | 乖离正常:BIAS20=1.6% | 量能健康(0.8xMA20)
001308,康冠科技,2026-04-13,7.5,中回调,20.25,20.29,20.12,20.0,20.98,53.5,70.7,0.1248,73.1,70.8,77.6,0.66,3.4,-2.2,0.49,-0.2,小幅涨:近10日+3% | 回调至MA20(20.00):+1.2% | MACD红柱(已启动) | 乖离正常:BIAS20=1.2% | 量能健康(0.7xMA20)
001359,平安电工,2026-04-13,7.5,深回调,77.0,74.85,73.41,72.5,75.04,92.6,71.9,0.7408,79.3,70.3,97.5,2.04,9.8,3.4,2.93,2.9,上涨:近10日+10% | 回调至MA60(75.04) | MACD红柱(已启动) | RSI6金叉RSI14 | 量开始放大
001378,德冠新材,2026-04-13,7.5,中回调,23.9,23.69,23.42,23.8,24.59,61.8,67.7,0.0846,80.6,66.8,108.4,0.47,2.9,-9.4,0.64,0.9,小幅涨:近10日+3% | 回调至MA20(23.80):+0.4% | MACD红柱(已启动) | 乖离正常:BIAS20=0.4% | 量能健康(0.5xMA20)
002032,苏 泊 尔,2026-04-13,7.5,中回调,45.38,45.63,45.18,44.68,44.38,59.1,74.0,0.1327,69.1,73.8,59.7,0.89,3.4,0.7,0.84,-0.5,小幅涨:近10日+3% | 回调至MA20(44.68):+1.6% | MACD红柱(已启动) | 乖离正常:BIAS20=1.6% | 量能健康(0.9xMA20)
002051,中工国际,2026-04-13,7.5,布林撑,9.84,10.82,10.03,9.32,8.96,49.1,63.8,0.1704,59.2,71.2,35.2,1.82,13.9,7.0,0.75,-9.0,上涨:近10日+14% | 布林下轨(7.29)获撑 | MACD红柱(已启动) | RSI14=64(正常区) | 量能健康(1.8xMA20)
002072,凯瑞德,2026-04-13,7.5,中回调,7.52,7.61,7.51,7.39,7.5,42.9,65.3,0.0369,55.8,58.8,49.7,0.62,4.6,1.5,0.37,-1.1,小幅涨:近10日+5% | 回调至MA20(7.39):+1.7% | MACD红柱(已启动) | 乖离正常:BIAS20=1.7% | 量能健康(0.6xMA20)
002131,利欧股份,2026-04-13,7.5,深回调,8.05,7.84,7.71,7.66,8.33,73.4,66.3,0.0826,74.6,61.1,101.6,1.17,4.0,4.1,0.37,2.6,小幅涨:近10日+4% | 回调至MA60(8.33) | MACD红柱(已启动) | RSI6金叉RSI14 | 量能健康(1.2xMA20) | 量开始放大
002164,宁波东力,2026-04-13,7.5,深回调,13.04,12.8,12.4,12.3,13.35,77.5,74.2,0.1938,68.8,64.3,77.7,1.47,8.6,2.2,0.48,1.9,上涨:近10日+9% | 回调至MA60(13.35) | MACD红柱(已启动) | KDJ金叉(K=69) | 量能健康(1.5xMA20)
002192,融捷股份,2026-04-13,7.5,布林撑,78.32,73.5,74.0,67.05,59.52,87.1,75.1,0.4412,49.9,49.6,50.5,1.47,0.4,37.2,5.76,6.6,"强势:近20日+37% | 布林下轨(47.90)获撑 | MACD红柱(已启动) | KDJ金叉(K=50) | 量能健康(1.5xMA20) | 量开始放大 | 偏离MA5过大,追高风险"
002204,大连重工,2026-04-13,7.5,中回调,6.74,6.78,6.71,6.68,7.18,61.5,68.7,0.0442,60.9,62.3,58.1,0.69,2.3,-7.3,0.19,-0.6,小幅涨:近10日+2% | 回调至MA20(6.68):+0.8% | MACD红柱(已启动) | 乖离正常:BIAS20=0.8% | 量能健康(0.7xMA20)
002206,海 利 得,2026-04-13,7.5,中回调,6.3,6.3,6.2,6.25,6.75,64.1,66.9,0.0462,73.7,66.7,87.8,0.74,3.8,-8.4,0.2,0.1,小幅涨:近10日+4% | 回调至MA20(6.25):+0.8% | MACD红柱(已启动) | 乖离正常:BIAS20=0.8% | 量能健康(0.7xMA20)
002216,三全食品,2026-04-13,7.5,中回调,12.71,12.79,12.76,12.38,12.1,36.7,79.7,0.0278,63.1,73.6,42.1,0.54,2.6,4.4,0.34,-0.7,小幅涨:近10日+3% | 回调至MA20(12.38):+2.6% | MACD红柱(已启动) | 乖离正常:BIAS20=2.6% | 量能健康(0.5xMA20)
002225,濮耐股份,2026-04-13,7.5,中回调,5.52,5.44,5.35,5.37,6.05,56.6,69.3,0.0637,71.6,61.3,92.1,0.68,5.1,-6.9,0.21,1.5,小幅涨:近10日+5% | 回调至MA20(5.37):+2.8% | MACD红柱(已启动) | 乖离正常:BIAS20=2.8% | 量能健康(0.7xMA20)
002286,保龄宝,2026-04-13,7.5,中回调,10.09,10.0,9.86,9.89,10.11,71.1,72.4,0.0518,71.5,65.8,82.8,0.63,2.1,-0.6,0.32,0.9,小幅涨:近10日+2% | 回调至MA20(9.89):+2.0% | MACD红柱(已启动) | 乖离正常:BIAS20=2.0% | 量能健康(0.6xMA20)
002351,漫步者,2026-04-13,7.5,中回调,11.46,11.35,11.27,11.19,11.94,73.1,75.9,0.0919,83.6,76.7,97.3,0.68,5.9,-1.9,0.25,1.0,小幅涨:近10日+6% | 回调至MA20(11.19):+2.4% | MACD红柱(已启动) | 乖离正常:BIAS20=2.4% | 量能健康(0.7xMA20)
002361,神剑股份,2026-04-13,7.5,布林撑,16.7,16.33,16.32,14.14,13.69,43.0,77.3,0.281,64.6,69.4,54.9,1.54,22.4,32.0,1.36,2.3,强势:近20日+32% | 布林下轨(9.39)获撑 | MACD红柱(已启动) | 量能健康(1.5xMA20) | 量开始放大
002376,新北洋,2026-04-13,7.5,中回调,7.11,7.05,6.97,7.06,7.59,67.8,67.4,0.0483,74.7,61.5,101.1,0.68,2.9,-5.8,0.19,0.9,小幅涨:近10日+3% | 回调至MA20(7.06):+0.7% | MACD红柱(已启动) | 乖离正常:BIAS20=0.7% | 量能健康(0.7xMA20)
002397,梦洁股份,2026-04-13,7.5,深回调,4.15,3.92,3.87,3.89,4.2,67.9,70.1,0.0397,63.2,53.9,81.9,2.31,6.4,1.0,0.17,5.9,上涨:近10日+6% | 回调至MA60(4.20) | MACD红柱(已启动) | KDJ金叉(K=63) | 量开始放大
002406,远东传动,2026-04-13,7.5,中回调,7.37,7.29,7.24,7.28,7.87,66.2,66.7,0.0493,75.6,64.9,96.8,0.72,4.4,-5.4,0.18,1.2,小幅涨:近10日+4% | 回调至MA20(7.28):+1.2% | MACD红柱(已启动) | 乖离正常:BIAS20=1.2% | 量能健康(0.7xMA20)
002432,九安医疗,2026-04-13,7.5,布林撑,85.93,87.43,82.94,72.13,53.94,62.9,77.9,1.2651,80.2,85.5,69.6,0.94,25.2,55.4,6.15,-1.7,强势:近20日+55% | 布林下轨(47.75)获撑 | MACD红柱(已启动) | 量能健康(0.9xMA20) | 量开始放大
002454,松芝股份,2026-04-13,7.5,布林撑,10.24,9.89,9.46,8.89,9.09,84.0,88.7,0.2053,86.0,83.0,92.1,1.65,22.5,15.1,0.45,3.6,强势:近20日+15% | 布林下轨(7.41)获撑 | MACD红柱(已启动) | 量能健康(1.6xMA20) | 量开始放大
002460,赣锋锂业,2026-04-13,7.5,布林撑,84.38,82.07,80.59,75.1,71.02,76.5,81.8,0.8697,78.0,80.4,73.3,1.38,5.9,20.5,4.2,2.8,强势:近20日+20% | 布林下轨(61.98)获撑 | MACD红柱(已启动) | 量能健康(1.4xMA20) | 量开始放大
002461,珠江啤酒,2026-04-13,7.5,中回调,9.86,9.87,9.64,9.61,9.56,85.1,75.6,0.0498,69.0,69.1,69.0,0.83,2.6,0.6,0.28,-0.1,小幅涨:近10日+3% | 回调至MA20(9.61):+2.6% | MACD红柱(已启动) | 乖离正常:BIAS20=2.6% | 量能健康(0.8xMA20)
002463,沪电股份,2026-04-13,7.5,布林撑,88.67,84.67,81.04,82.31,76.44,100.0,63.7,0.714,75.0,56.7,111.6,0.86,10.0,9.2,3.98,4.7,上涨:近10日+10% | 布林下轨(73.31)获撑 | MACD红柱(已启动) | RSI14=64(正常区) | 量能健康(0.9xMA20)
002491,通鼎互联,2026-04-13,7.5,布林撑,14.82,14.91,13.49,12.0,9.88,73.8,76.8,0.3381,78.2,82.1,70.4,1.47,32.1,31.7,1.33,-0.6,强势:近20日+32% | 布林下轨(8.12)获撑 | MACD红柱(已启动) | 量能健康(1.5xMA20) | 量开始放大
002550,千红制药,2026-04-13,7.5,中回调,7.74,7.77,7.8,7.56,7.78,33.7,69.8,0.0427,52.7,62.3,33.5,1.0,3.1,3.1,0.31,-0.3,小幅涨:近10日+3% | 回调至MA20(7.56):+2.4% | MACD红柱(已启动) | 乖离正常:BIAS20=2.4% | 量能健康(1.0xMA20)
000019,深粮控股,2026-04-13,7.0,布林撑,8.3,8.0,7.82,7.67,7.34,68.5,71.4,0.0464,76.3,70.1,88.6,1.87,6.7,9.4,0.39,3.8,上涨:近10日+7% | 布林下轨(7.04)获撑 | MACD红柱(已启动) | 量能健康(1.9xMA20) | 量开始放大
000062,深圳华强,2026-04-13,7.0,布林撑,28.69,28.32,26.77,26.83,25.58,92.2,58.7,0.2545,80.7,66.0,110.1,0.95,3.3,9.5,1.59,1.3,小幅涨:近10日+3% | 布林下轨(24.16)获撑 | MACD红柱(已启动) | RSI14=59(正常区) | 量能健康(0.9xMA20)
000155,川能动力,2026-04-13,7.0,布林撑,17.3,16.79,16.55,15.44,14.06,55.1,69.0,0.1198,63.5,63.5,63.5,1.18,7.1,14.1,1.13,3.0,强势:近20日+14% | 布林下轨(12.81)获撑 | MACD红柱(已启动) | 量能健康(1.2xMA20)
000586,汇源通信,2026-04-13,7.0,布林撑,21.6,22.59,19.57,17.23,15.55,69.4,74.7,0.779,81.3,86.2,71.6,5.0,43.8,36.5,1.4,-4.4,强势:近20日+37% | 布林下轨(10.39)获撑 | MACD红柱(已启动) | 量开始放大
000593,德龙汇能,2026-04-13,7.0,布林撑,17.07,17.53,16.84,15.69,15.34,51.2,70.9,0.1835,60.9,70.9,41.0,1.02,11.4,13.6,1.22,-2.6,强势:近20日+14% | 布林下轨(12.89)获撑 | MACD红柱(已启动) | 量能健康(1.0xMA20)
000719,中原传媒,2026-04-13,7.0,布林撑,13.96,13.58,13.35,13.09,12.97,75.0,77.4,0.1136,76.6,72.2,85.4,1.32,7.1,8.4,0.45,2.8,上涨:近10日+7% | 布林下轨(12.20)获撑 | MACD红柱(已启动) | 量能健康(1.3xMA20) | 量开始放大
000762,西藏矿业,2026-04-13,7.0,布林撑,33.66,31.9,30.94,29.26,28.7,75.1,76.3,0.5016,79.5,75.7,87.1,2.34,9.2,13.9,1.85,5.5,强势:近20日+14% | 布林下轨(24.48)获撑 | MACD红柱(已启动) | 量开始放大
000848,承德露露,2026-04-13,7.0,深回调,8.29,8.04,8.0,8.0,8.3,73.4,77.2,0.0411,65.7,65.6,65.9,4.03,4.9,0.4,0.16,3.1,小幅涨:近10日+5% | 回调至MA60(8.30) | MACD红柱(已启动) | KDJ金叉(K=66) | 量开始放大
000889,中嘉博创,2026-04-13,7.0,布林撑,3.92,3.81,3.58,3.46,3.6,68.5,66.3,0.0957,76.5,71.6,86.3,4.45,15.0,13.3,0.25,2.8,强势:近20日+13% | 布林下轨(2.86)获撑 | MACD红柱(已启动) | 量开始放大
000933,神火股份,2026-04-13,7.0,深回调,33.33,33.57,32.39,31.87,32.42,64.3,64.4,0.3341,72.1,72.2,71.8,0.86,9.2,-9.6,1.55,-0.7,上涨:近10日+9% | 回调至MA60(32.42) | MACD红柱(已启动) | RSI14=64(正常区) | 量能健康(0.9xMA20)
000990,诚志股份,2026-04-13,7.0,布林撑,10.77,10.59,10.19,10.04,9.13,71.0,60.4,0.0667,77.1,64.2,102.9,0.7,3.5,7.1,0.62,1.7,小幅涨:近10日+3% | 布林下轨(9.00)获撑 | MACD红柱(已启动) | RSI14=60(正常区) | 量能健康(0.7xMA20)
001266,宏英智能,2026-04-13,7.0,深回调,33.81,32.53,31.67,32.61,33.98,85.0,62.3,0.2484,76.1,56.1,116.2,0.61,8.9,-3.6,1.22,3.9,上涨:近10日+9% | 回调至MA60(33.98) | MACD红柱(已启动) | RSI14=62(正常区) | 量能健康(0.6xMA20)
001367,海森药业,2026-04-13,7.0,布林撑,26.13,25.61,25.72,24.19,23.87,59.2,82.7,0.1705,55.3,62.9,40.1,0.84,3.8,14.1,1.26,2.0,强势:近20日+14% | 布林下轨(20.47)获撑 | MACD红柱(已启动) | 量能健康(0.8xMA20)
002025,航天电器,2026-04-13,7.0,布林撑,77.36,73.93,68.56,65.21,57.82,90.4,66.1,1.2957,82.3,74.3,98.3,1.0,21.0,40.9,5.1,4.6,强势:近20日+41% | 布林下轨(52.73)获撑 | MACD红柱(已启动) | 量能健康(1.0xMA20)
002126,银轮股份,2026-04-13,7.0,布林撑,47.24,44.61,43.46,43.66,43.96,86.4,69.4,0.4299,77.0,61.6,107.8,1.64,12.1,2.8,2.13,5.9,上涨:近10日+12% | 布林下轨(39.59)获撑 | MACD红柱(已启动) | 量能健康(1.6xMA20) | 量开始放大
002135,东南网架,2026-04-13,7.0,布林撑,7.64,7.22,6.96,6.97,6.39,89.8,67.9,0.0596,79.8,66.7,106.1,0.99,12.7,4.2,0.45,5.9,上涨:近10日+13% | 布林下轨(6.17)获撑 | MACD红柱(已启动) | 量能健康(1.0xMA20) | 量开始放大
002176,江特电机,2026-04-13,7.0,布林撑,10.93,10.59,10.46,9.96,9.93,67.4,75.9,0.1074,73.1,66.9,85.5,1.49,6.2,9.2,0.51,3.2,上涨:近10日+6% | 布林下轨(8.72)获撑 | MACD红柱(已启动) | 量能健康(1.5xMA20) | 量开始放大
002181,粤 传 媒,2026-04-13,7.0,布林撑,12.82,12.61,12.2,11.64,11.31,61.9,67.0,0.1368,60.9,62.8,57.1,1.27,11.1,21.4,0.91,1.7,强势:近20日+21% | 布林下轨(10.08)获撑 | MACD红柱(已启动) | 量能健康(1.3xMA20)
002222,福晶科技,2026-04-13,7.0,布林撑,86.4,82.83,76.5,69.64,69.08,100.0,82.9,2.3089,92.0,87.7,100.6,0.99,32.1,37.7,5.38,4.3,强势:近20日+38% | 布林下轨(51.82)获撑 | MACD红柱(已启动) | 量能健康(1.0xMA20)
002263,大东南,2026-04-13,7.0,布林撑,4.99,4.79,4.63,4.07,3.71,59.8,77.8,0.0917,76.3,76.0,76.8,2.13,22.6,37.1,0.41,4.1,强势:近20日+37% | 布林下轨(2.81)获撑 | MACD红柱(已启动) | 量开始放大
002294,信立泰,2026-04-13,7.0,中回调,62.39,63.47,64.25,60.86,53.68,0.8,65.5,-0.1713,36.2,53.3,2.0,0.69,0.8,19.1,3.26,-1.7,强势:近20日+19% | 回调至MA20(60.86):+2.5% | KDJ超卖J=2 | 乖离正常:BIAS20=2.5% | 量能健康(0.7xMA20)
002353,杰瑞股份,2026-04-13,7.0,布林撑,111.73,111.03,106.15,102.51,99.22,56.7,66.3,1.4773,77.4,75.6,81.1,1.09,13.8,6.2,6.79,0.6,上涨:近10日+14% | 布林下轨(89.07)获撑 | MACD红柱(已启动) | 量能健康(1.1xMA20) | 量开始放大
002428,云南锗业,2026-04-13,7.0,布林撑,55.13,54.9,52.49,48.17,42.22,84.8,72.0,0.6185,77.3,78.3,75.3,1.04,7.3,27.1,4.11,0.4,强势:近20日+27% | 布林下轨(36.97)获撑 | MACD红柱(已启动) | 量能健康(1.0xMA20)
002440,闰土股份,2026-04-13,7.0,深回调,11.98,11.94,11.62,11.62,11.92,69.9,66.2,0.1017,65.2,62.0,71.6,1.05,5.6,-10.5,0.54,0.3,小幅涨:近10日+6% | 回调至MA60(11.92) | MACD红柱(已启动) | KDJ金叉(K=65) | 量能健康(1.0xMA20)
002467,二六三,2026-04-13,7.0,布林撑,7.87,7.39,7.35,7.25,7.04,70.6,72.6,0.0313,66.4,60.4,78.5,2.05,7.4,15.1,0.43,6.5,"强势:近20日+15% | 布林下轨(6.62)获撑 | MACD红柱(已启动) | KDJ金叉(K=66) | 量开始放大 | 偏离MA5过大,追高风险"
002560,通达股份,2026-04-13,7.0,布林撑,14.28,13.58,12.61,11.2,10.86,72.9,86.5,0.3906,86.3,80.0,98.7,1.95,47.4,33.5,0.86,5.1,强势:近20日+33% | 布林下轨(7.71)获撑 | MACD红柱(已启动) | 量能健康(1.9xMA20)
000338,潍柴动力,2026-04-13,6.5,布林撑,26.88,25.83,25.36,24.67,24.62,66.2,71.8,0.2922,87.6,81.2,100.2,0.8,14.4,8.0,1.41,4.1,上涨:近10日+14% | 布林下轨(22.37)获撑 | MACD红柱(已启动) | 量能健康(0.8xMA20)
000550,江铃汽车,2026-04-13,6.5,深回调,19.06,18.53,18.46,17.97,18.06,52.9,79.3,0.1327,77.1,71.5,88.2,1.19,9.2,6.5,0.57,2.8,上涨:近10日+9% | 回调至MA60(18.06) | MACD红柱(已启动) | 量能健康(1.2xMA20) | 量开始放大
000551,创元科技,2026-04-13,6.5,深回调,14.2,13.76,13.46,13.44,14.48,79.3,71.1,0.1597,77.0,62.4,106.4,1.59,7.2,0.4,0.48,3.2,上涨:近10日+7% | 回调至MA60(14.48) | MACD红柱(已启动) | 量能健康(1.6xMA20) | 量开始放大
000628,高新发展,2026-04-13,6.5,布林撑,55.92,54.42,52.55,51.81,51.99,84.3,70.1,0.6793,79.7,69.3,100.3,1.31,14.1,4.2,2.38,2.8,上涨:近10日+14% | 布林下轨(46.60)获撑 | MACD红柱(已启动) | 量能健康(1.3xMA20)
000630,铜陵有色,2026-04-13,6.5,深回调,6.23,6.09,5.97,6.02,6.79,76.3,68.0,0.0718,78.8,65.0,106.5,0.89,6.3,-10.4,0.2,2.4,上涨:近10日+6% | 回调至MA60(6.79) | MACD红柱(已启动) | 量能健康(0.9xMA20) | 量开始放大
000659,珠海中富,2026-04-13,6.5,深回调,4.3,4.16,4.36,4.09,4.35,39.4,64.0,0.0184,47.0,52.9,35.3,1.26,3.1,7.5,0.33,3.5,小幅涨:近10日+3% | 回调至MA60(4.35) | MACD红柱(已启动) | RSI14=64(正常区) | 量能健康(1.3xMA20)
000688,国城矿业,2026-04-13,6.5,布林撑,45.13,41.2,40.6,37.91,33.15,86.9,79.0,0.3161,71.9,64.7,86.2,0.84,6.3,24.0,3.1,9.5,"强势:近20日+24% | 布林下轨(29.73)获撑 | MACD红柱(已启动) | RSI6金叉RSI14 | 量能健康(0.8xMA20) | 量开始放大 | 偏离MA5过大,追高风险 | 突破MA5较多,追涨风险"
000729,燕京啤酒,2026-04-13,6.5,布林撑,13.96,14.09,13.65,13.2,12.74,77.5,75.7,0.1139,74.2,73.8,75.0,1.4,7.2,6.7,0.52,-1.0,上涨:近10日+7% | 布林下轨(11.96)获撑 | MACD红柱(已启动) | 量能健康(1.4xMA20)
000800,一汽解放,2026-04-13,6.5,深回调,7.17,6.85,6.75,6.66,6.81,79.0,86.9,0.0693,88.1,79.4,105.4,1.81,9.5,3.8,0.18,4.6,上涨:近10日+9% | 回调至MA60(6.81) | MACD红柱(已启动) | 量能健康(1.8xMA20) | 量开始放大
000830,鲁西化工,2026-04-13,6.5,深回调,16.8,16.82,16.4,16.27,17.85,68.9,62.0,0.1698,78.1,67.3,99.7,0.78,3.8,-14.9,0.84,-0.1,小幅涨:近10日+4% | 回调至MA60(17.85) | MACD红柱(已启动) | RSI14=62(正常区) | 量能健康(0.8xMA20)
000949,新乡化纤,2026-04-13,6.5,布林撑,7.74,7.44,6.99,6.96,7.0,95.9,72.6,0.1242,82.9,66.9,114.8,0.87,15.7,3.1,0.36,4.0,上涨:近10日+16% | 布林下轨(6.07)获撑 | MACD红柱(已启动) | 量能健康(0.9xMA20)
001313,粤海饲料,2026-04-13,6.5,深回调,8.02,7.83,7.83,7.48,7.59,55.4,85.1,0.0696,62.7,65.9,56.1,1.22,6.1,5.5,0.33,2.5,上涨:近10日+6% | 回调至MA60(7.59) | MACD红柱(已启动) | 量能健康(1.2xMA20) | 量开始放大
001368,通达创智,2026-04-13,6.5,深回调,26.21,25.08,24.78,25.06,26.99,71.8,66.4,0.2232,75.3,56.9,112.1,1.79,8.0,0.0,0.92,4.5,上涨:近10日+8% | 回调至MA60(26.99) | MACD红柱(已启动) | 量能健康(1.8xMA20) | 量开始放大
002008,大族激光,2026-04-13,6.5,布林撑,75.78,72.77,67.86,65.64,59.24,95.1,75.4,1.2059,84.5,75.0,103.6,0.99,20.6,10.3,3.62,4.1,上涨:近10日+21% | 布林下轨(55.42)获撑 | MACD红柱(已启动) | 量能健康(1.0xMA20)
002196,方正电机,2026-04-13,6.5,深回调,14.68,14.15,13.93,13.82,15.52,69.7,70.2,0.19,77.0,67.6,95.9,1.9,7.1,2.2,0.45,3.7,上涨:近10日+7% | 回调至MA60(15.52) | MACD红柱(已启动) | 量能健康(1.9xMA20) | 量开始放大
002203,海亮股份,2026-04-13,6.5,布林撑,15.25,15.03,14.79,14.16,14.33,67.5,73.5,0.1316,75.6,76.2,74.3,1.4,2.9,6.7,0.81,1.5,小幅涨:近10日+3% | 布林下轨(12.45)获撑 | MACD红柱(已启动) | 量能健康(1.4xMA20) | 量开始放大
002272,川润股份,2026-04-13,6.5,布林撑,19.03,18.97,18.29,17.87,17.44,91.7,66.5,0.1756,71.9,69.0,77.6,1.11,7.8,1.8,1.2,0.3,上涨:近10日+8% | 布林下轨(15.89)获撑 | MACD红柱(已启动) | 量能健康(1.1xMA20)
002348,高乐股份,2026-04-13,6.5,布林撑,9.24,8.86,8.15,7.96,7.25,83.0,78.1,0.1577,80.4,72.0,97.2,1.22,24.5,6.1,0.41,4.3,上涨:近10日+25% | 布林下轨(6.51)获撑 | MACD红柱(已启动) | 量能健康(1.2xMA20)
002371,北方华创,2026-04-13,6.5,深回调,472.5,462.06,454.11,454.51,473.06,74.3,58.2,3.8756,72.0,57.7,100.8,0.91,4.3,3.2,19.56,2.3,小幅涨:近10日+4% | 回调至MA60(473.06) | MACD红柱(已启动) | RSI14=58(正常区) | 量能健康(0.9xMA20)
002409,雅克科技,2026-04-13,6.5,深回调,85.56,83.52,81.74,82.9,89.06,100.0,61.6,0.7572,70.9,53.4,105.8,0.69,2.8,-4.0,3.85,2.4,小幅涨:近10日+3% | 回调至MA60(89.06) | MACD红柱(已启动) | RSI14=62(正常区) | 量能健康(0.7xMA20)
002415,海康威视,2026-04-13,6.5,深回调,32.65,31.24,30.85,30.92,31.43,88.9,76.4,0.2048,82.5,68.9,109.8,1.84,7.6,2.2,0.73,4.5,上涨:近10日+8% | 回调至MA60(31.43) | MACD红柱(已启动) | 量能健康(1.8xMA20) | 量开始放大
002437,誉衡药业,2026-04-13,6.5,布林撑,3.63,3.66,3.64,3.44,3.4,17.2,77.0,0.0267,58.3,68.2,38.5,0.82,7.7,7.4,0.2,-0.9,上涨:近10日+8% | 布林下轨(2.96)获撑 | MACD红柱(已启动) | 量能健康(0.8xMA20)
002534,西子洁能,2026-04-13,6.5,深回调,18.42,17.48,16.84,16.94,18.09,79.5,67.8,0.2423,76.0,59.0,110.0,1.67,11.2,-2.6,0.73,5.4,上涨:近10日+11% | 回调至MA60(18.09) | MACD红柱(已启动) | 量能健康(1.7xMA20) | 量开始放大
000070,特发信息,2026-04-13,6.0,布林撑,21.1,19.77,18.93,17.12,15.58,63.4,79.3,0.4222,84.2,79.9,92.7,1.63,34.6,23.5,1.58,6.7,"强势:近20日+23% | 布林下轨(12.72)获撑 | MACD红柱(已启动) | 量能健康(1.6xMA20) | 量开始放大 | 偏离MA5过大,追高风险"
000078,海王生物,2026-04-13,6.0,深回调,3.62,3.68,3.54,3.33,3.54,50.5,69.5,0.0706,78.6,78.9,78.1,1.42,14.9,11.4,0.24,-1.7,上涨:近10日+15% | 回调至MA60(3.54) | MACD红柱(已启动) | 量能健康(1.4xMA20)
000408,藏格矿业,2026-04-13,6.0,深回调,82.34,83.0,82.11,79.42,83.87,50.7,75.9,0.7083,70.5,76.4,58.5,0.68,2.3,3.3,2.9,-0.8,小幅涨:近10日+2% | 回调至MA60(83.87) | MACD红柱(已启动) | 量能健康(0.7xMA20) | 量开始放大
000426,兴业银锡,2026-04-13,6.0,深回调,42.72,42.55,41.41,41.09,48.88,75.0,72.5,0.7303,72.7,69.3,79.3,0.63,6.6,-8.9,1.88,0.4,上涨:近10日+7% | 回调至MA60(48.88) | MACD红柱(已启动) | 量能健康(0.6xMA20)
000626,远大控股,2026-04-13,6.0,布林撑,8.67,8.19,8.12,8.14,7.93,65.3,67.1,0.0393,74.0,59.9,102.3,2.36,3.8,2.6,0.38,5.8,小幅涨:近10日+4% | 布林下轨(7.48)获撑 | MACD红柱(已启动) | 量开始放大
000795,英洛华,2026-04-13,6.0,深回调,9.33,9.22,8.98,8.95,9.87,70.3,72.1,0.128,66.0,66.0,66.0,1.31,6.5,-5.5,0.28,1.1,上涨:近10日+7% | 回调至MA60(9.87) | MACD红柱(已启动) | 量能健康(1.3xMA20)
000810,创维数字,2026-04-13,6.0,深回调,11.86,11.65,11.23,11.05,11.56,91.0,76.8,0.1682,78.1,73.0,88.4,0.89,7.0,7.1,0.42,1.8,上涨:近10日+7% | 回调至MA60(11.56) | MACD红柱(已启动) | 量能健康(0.9xMA20)
000831,中国稀土,2026-04-13,6.0,深回调,52.2,51.11,49.4,48.8,53.52,95.4,74.8,0.7732,83.0,76.9,95.1,1.11,8.1,-1.5,1.72,2.1,上涨:近10日+8% | 回调至MA60(53.52) | MACD红柱(已启动) | 量能健康(1.1xMA20)
000935,四川双马,2026-04-13,6.0,深回调,26.84,25.92,25.61,25.33,27.03,68.2,74.4,0.2683,80.7,71.5,99.1,0.9,7.7,-3.0,0.96,3.6,上涨:近10日+8% | 回调至MA60(27.03) | MACD红柱(已启动) | 量能健康(0.9xMA20)
000975,山金国际,2026-04-13,6.0,深回调,30.7,30.76,30.37,29.48,30.94,59.6,69.8,0.2744,64.3,69.2,54.5,0.55,8.7,-6.3,1.46,-0.2,上涨:近10日+9% | 回调至MA60(30.94) | MACD红柱(已启动) | 量能健康(0.6xMA20)
000978,桂林旅游,2026-04-13,6.0,布林撑,7.82,7.8,7.63,7.41,7.26,58.5,70.3,0.058,61.2,65.3,53.1,1.42,3.9,8.2,0.49,0.2,小幅涨:近10日+4% | 布林下轨(6.60)获撑 | MACD红柱(已启动) | 量能健康(1.4xMA20)
001316,润贝航科,2026-04-13,6.0,深回调,50.2,48.87,48.05,47.26,48.99,71.4,76.1,0.4587,78.0,72.4,89.3,1.07,4.9,4.3,2.18,2.7,小幅涨:近10日+5% | 回调至MA60(48.99) | MACD红柱(已启动) | 量能健康(1.1xMA20) | 量开始放大
001338,永顺泰,2026-04-13,6.0,布林撑,13.64,13.58,13.43,13.19,12.85,60.0,79.2,0.0509,84.2,83.5,85.5,0.62,3.5,-0.9,0.4,0.4,小幅涨:近10日+3% | 布林下轨(12.30)获撑 | MACD红柱(已启动) | 量能健康(0.6xMA20)
001400,江顺科技,2026-04-13,6.0,轻回调,160.08,167.41,167.85,154.05,128.75,35.9,65.2,-0.499,49.4,63.2,21.8,0.93,7.3,19.1,12.98,-4.4,强势:近20日+19% | 回调至MA10下:-4.6% | 量能健康(0.9xMA20) | 量开始放大
002012,凯恩股份,2026-04-13,6.0,深回调,7.01,6.7,6.57,6.69,6.73,77.6,66.3,0.0389,70.1,50.5,109.2,1.45,3.7,-2.0,0.28,4.6,小幅涨:近10日+4% | 回调至MA60(6.73) | MACD红柱(已启动) | 量能健康(1.5xMA20) | 量开始放大
002064,华峰化学,2026-04-13,6.0,深回调,11.19,11.05,10.73,10.39,11.61,81.8,78.6,0.1843,82.6,79.1,89.7,1.05,9.7,4.6,0.45,1.3,上涨:近10日+10% | 回调至MA60(11.61) | MACD红柱(已启动) | 量能健康(1.1xMA20)
002083,孚日股份,2026-04-13,6.0,布林撑,13.21,12.44,12.33,11.65,11.78,67.3,75.3,0.1599,76.1,68.4,91.4,1.36,10.5,15.8,0.69,6.2,"强势:近20日+16% | 布林下轨(9.86)获撑 | MACD红柱(已启动) | 量能健康(1.4xMA20) | 量开始放大 | 偏离MA5过大,追高风险"
002107,沃华医药,2026-04-13,6.0,深回调,7.12,7.29,6.99,6.7,6.96,58.3,69.0,0.1158,70.6,77.5,56.9,1.92,12.1,6.9,0.37,-2.3,上涨:近10日+12% | 回调至MA60(6.96) | MACD红柱(已启动) | 量能健康(1.9xMA20)
002124,天邦食品,2026-04-13,6.0,深回调,2.59,2.41,2.39,2.42,2.54,71.4,70.1,0.0173,68.3,56.8,91.4,2.23,7.9,0.0,0.09,7.5,"上涨:近10日+8% | 回调至MA60(2.54) | MACD红柱(已启动) | KDJ金叉(K=68) | 量开始放大 | 偏离MA5过大,追高风险"
002134,天津普林,2026-04-13,6.0,深回调,21.4,20.92,20.55,20.6,22.98,75.6,66.2,0.2452,78.8,62.2,112.1,0.94,6.0,0.6,0.77,2.3,小幅涨:近10日+6% | 回调至MA60(22.98) | MACD红柱(已启动) | 量能健康(0.9xMA20) | 量开始放大
002156,通富微电,2026-04-13,6.0,深回调,45.65,44.29,42.89,43.55,47.06,93.7,66.2,0.5249,70.7,54.3,103.4,1.01,7.5,-0.5,1.73,3.1,上涨:近10日+8% | 回调至MA60(47.06) | MACD红柱(已启动) | 量能健康(1.0xMA20)
002158,汉钟精机,2026-04-13,6.0,深回调,24.26,23.5,22.81,23.01,24.89,87.5,65.5,0.3061,71.4,56.2,101.7,0.9,6.4,-0.3,0.75,3.3,上涨:近10日+6% | 回调至MA60(24.89) | MACD红柱(已启动) | 量能健康(0.9xMA20)
002179,中航光电,2026-04-13,6.0,深回调,36.74,36.25,34.94,34.45,35.4,92.4,76.8,0.4211,81.3,72.7,98.4,1.07,10.6,3.3,1.05,1.4,上涨:近10日+11% | 回调至MA60(35.40) | MACD红柱(已启动) | 量能健康(1.1xMA20)
002201,九鼎新材,2026-04-13,6.0,深回调,12.2,11.49,11.49,11.3,12.57,63.5,73.6,0.1343,64.6,54.5,84.8,2.9,9.2,3.9,0.53,6.2,"上涨:近10日+9% | 回调至MA60(12.57) | MACD红柱(已启动) | KDJ金叉(K=65) | 量开始放大 | 偏离MA5过大,追高风险"
002236,大华股份,2026-04-13,6.0,深回调,17.7,17.33,17.08,17.14,18.53,84.6,74.5,0.1516,83.6,69.6,111.5,1.26,5.5,-2.0,0.37,2.1,小幅涨:近10日+6% | 回调至MA60(18.53) | MACD红柱(已启动) | 量能健康(1.3xMA20) | 量开始放大
002250,联化科技,2026-04-13,6.0,深回调,16.66,16.32,16.25,15.79,16.91,70.4,78.7,0.1435,70.5,66.2,79.1,0.88,4.7,1.0,0.63,2.1,小幅涨:近10日+5% | 回调至MA60(16.91) | MACD红柱(已启动) | 量能健康(0.9xMA20) | 量开始放大
002271,东方雨虹,2026-04-13,6.0,深回调,16.1,15.76,15.57,15.38,16.32,62.1,74.6,0.1302,76.2,73.3,81.9,1.25,5.0,-1.1,0.67,2.2,小幅涨:近10日+5% | 回调至MA60(16.32) | MACD红柱(已启动) | 量能健康(1.3xMA20) | 量开始放大
002299,圣农发展,2026-04-13,6.0,深回调,18.75,18.3,18.13,17.85,17.82,62.5,77.8,0.0969,74.8,72.1,80.3,1.84,5.2,1.3,0.52,2.5,小幅涨:近10日+5% | 回调至MA60(17.82) | MACD红柱(已启动) | 量能健康(1.8xMA20) | 量开始放大
002338,奥普光电,2026-04-13,6.0,深回调,51.47,50.6,49.01,49.07,53.71,89.0,68.3,0.7017,74.8,60.6,103.2,0.93,7.3,0.9,1.65,1.7,上涨:近10日+7% | 回调至MA60(53.71) | MACD红柱(已启动) | 量能健康(0.9xMA20)
002414,高德红外,2026-04-13,6.0,深回调,13.74,13.36,13.07,13.22,15.33,77.9,69.8,0.1908,74.5,57.9,107.9,1.14,5.9,-2.7,0.39,2.8,小幅涨:近10日+6% | 回调至MA60(15.33) | MACD红柱(已启动) | 量能健康(1.1xMA20) | 量开始放大
002416,爱施德,2026-04-13,6.0,深回调,13.58,13.25,13.08,12.93,13.26,96.8,82.6,0.0977,73.2,68.7,82.3,1.4,5.3,0.7,0.49,2.5,小幅涨:近10日+5% | 回调至MA60(13.26) | MACD红柱(已启动) | 量能健康(1.4xMA20) | 量开始放大
002429,兆驰股份,2026-04-13,6.0,深回调,10.36,10.11,9.86,9.93,9.96,92.9,72.0,0.0651,76.3,62.8,103.4,0.72,6.7,-13.2,0.44,2.5,上涨:近10日+7% | 回调至MA60(9.96) | MACD红柱(已启动) | 量能健康(0.7xMA20)
002439,启明星辰,2026-04-13,6.0,深回调,14.26,13.17,12.99,13.36,14.19,80.6,62.5,0.097,61.8,39.7,106.0,2.15,9.4,-3.6,0.4,8.3,"上涨:近10日+9% | 回调至MA60(14.19) | MACD红柱(已启动) | RSI14=63(正常区) | KDJ金叉(K=62) | 量开始放大 | 偏离MA5过大,追高风险 | 突破MA5较多,追涨风险"
002448,中原内配,2026-04-13,6.0,深回调,15.12,14.81,14.49,14.52,14.72,67.8,69.8,0.0971,76.7,66.3,97.4,0.95,4.6,-6.6,0.66,2.1,小幅涨:近10日+5% | 回调至MA60(14.72) | MACD红柱(已启动) | 量能健康(1.0xMA20) | 量开始放大
002458,益生股份,2026-04-13,6.0,深回调,9.88,9.56,9.39,9.42,9.51,83.1,71.4,0.0523,81.8,69.7,106.2,1.23,5.1,-0.1,0.29,3.4,小幅涨:近10日+5% | 回调至MA60(9.51) | MACD红柱(已启动) | 量能健康(1.2xMA20) | 量开始放大
002515,金字火腿,2026-04-13,6.0,深回调,6.24,5.77,5.66,5.75,5.96,78.0,63.9,0.0434,67.3,47.6,106.7,4.15,7.8,0.5,0.24,8.1,"上涨:近10日+8% | 回调至MA60(5.96) | MACD红柱(已启动) | RSI14=64(正常区) | KDJ金叉(K=67) | 量开始放大 | 偏离MA5过大,追高风险 | 突破MA5较多,追涨风险"
002532,天山铝业,2026-04-13,6.0,深回调,18.03,18.44,18.09,17.18,17.98,51.0,74.4,0.199,67.6,73.8,55.2,0.62,11.8,-3.4,0.88,-2.2,上涨:近10日+12% | 回调至MA60(17.98) | MACD红柱(已启动) | 量能健康(0.6xMA20)
002540,亚太科技,2026-04-13,6.0,深回调,6.83,6.76,6.66,6.57,7.16,76.6,79.0,0.0751,83.5,79.3,91.8,0.61,6.1,-4.1,0.17,1.0,上涨:近10日+6% | 回调至MA60(7.16) | MACD红柱(已启动) | 量能健康(0.6xMA20)
002559,亚威股份,2026-04-13,6.0,深回调,10.24,9.89,9.56,9.7,10.2,95.2,66.8,0.11,79.2,60.9,115.7,0.84,8.1,-0.1,0.38,3.6,上涨:近10日+8% | 回调至MA60(10.20) | MACD红柱(已启动) | 量能健康(0.8xMA20)
000039,中集集团,2026-04-13,5.5,深回调,11.82,11.62,11.24,11.27,11.2,88.6,68.7,0.0792,75.2,65.6,94.4,0.81,5.3,-3.7,0.53,1.7,小幅涨:近10日+5% | 回调至MA60(11.20) | MACD红柱(已启动) | 量能健康(0.8xMA20)
000652,泰达股份,2026-04-13,5.5,深回调,4.11,4.15,4.05,3.99,4.17,63.5,71.3,0.0331,69.0,69.6,67.8,0.77,4.6,0.0,0.14,-1.0,小幅涨:近10日+5% | 回调至MA60(4.17) | MACD红柱(已启动) | 量能健康(0.8xMA20)
000683,博源化工,2026-04-13,5.5,深回调,8.86,8.82,8.62,8.57,8.62,83.0,71.9,0.0427,74.5,68.9,85.6,0.71,3.1,-4.8,0.32,0.4,小幅涨:近10日+3% | 回调至MA60(8.62) | MACD红柱(已启动) | 量能健康(0.7xMA20)
000708,中信特钢,2026-04-13,5.5,深回调,17.0,16.73,16.61,16.41,16.34,69.0,70.5,0.0663,78.2,69.9,94.8,0.66,3.5,-2.2,0.47,1.6,小幅涨:近10日+4% | 回调至MA60(16.34) | MACD红柱(已启动) | 量能健康(0.7xMA20)
000931,中 关 村,2026-04-13,5.5,深回调,5.29,5.3,5.26,5.13,5.15,45.7,79.0,0.0255,63.6,71.3,48.1,0.92,3.5,1.9,0.17,-0.2,小幅涨:近10日+4% | 回调至MA60(5.15) | MACD红柱(已启动) | 量能健康(0.9xMA20)
000970,中科三环,2026-04-13,5.5,深回调,12.33,12.03,11.79,11.91,13.42,91.1,73.2,0.1483,81.6,70.2,104.2,0.91,5.1,-8.5,0.33,2.5,小幅涨:近10日+5% | 回调至MA60(13.42) | MACD红柱(已启动) | 量能健康(0.9xMA20)
001231,农心科技,2026-04-13,5.5,深回调,24.68,23.85,23.65,23.58,24.52,66.7,67.8,0.1486,71.8,66.6,82.2,2.71,5.5,-2.8,0.95,3.5,小幅涨:近10日+6% | 回调至MA60(24.52) | MACD红柱(已启动) | 量开始放大
002074,国轩高科,2026-04-13,5.5,深回调,39.5,36.51,35.94,36.68,37.88,81.8,60.5,0.3197,67.7,44.9,113.3,2.95,5.1,2.0,1.57,8.2,"小幅涨:近10日+5% | 回调至MA60(37.88) | MACD红柱(已启动) | RSI14=60(正常区) | KDJ金叉(K=68) | 量开始放大 | 偏离MA5过大,追高风险 | 突破MA5较多,追涨风险"
002099,海翔药业,2026-04-13,5.5,深回调,7.34,7.18,7.16,7.06,7.18,52.5,72.4,0.0371,76.4,68.7,91.9,0.9,2.4,-0.5,0.29,2.2,小幅涨:近10日+2% | 回调至MA60(7.18) | MACD红柱(已启动) | 量能健康(0.9xMA20)
002193,如意集团,2026-04-13,5.5,布林撑,6.65,6.27,6.08,6.14,6.26,82.4,66.1,0.0646,81.8,64.9,115.4,1.18,6.9,5.4,0.33,6.1,"上涨:近10日+7% | 布林下轨(5.56)获撑 | MACD红柱(已启动) | 量能健康(1.2xMA20) | 量开始放大 | 偏离MA5过大,追高风险"
002363,隆基机械,2026-04-13,5.5,深回调,8.43,8.16,8.05,8.07,8.91,65.0,66.1,0.098,70.4,59.3,92.7,3.32,5.8,-5.2,0.29,3.3,小幅涨:近10日+6% | 回调至MA60(8.91) | MACD红柱(已启动) | 量开始放大
002396,星网锐捷,2026-04-13,5.5,深回调,28.44,27.62,26.72,27.23,28.81,96.9,66.3,0.2621,79.0,64.4,108.2,0.8,5.3,-6.9,1.14,3.0,小幅涨:近10日+5% | 回调至MA60(28.81) | MACD红柱(已启动) | 量能健康(0.8xMA20)
002420,毅昌科技,2026-04-13,5.5,深回调,7.68,7.58,7.41,7.45,7.9,72.5,71.0,0.0685,78.0,71.6,90.9,0.93,5.3,-3.5,0.26,1.3,小幅涨:近10日+5% | 回调至MA60(7.90) | MACD红柱(已启动) | 量能健康(0.9xMA20)
002476,宝莫股份,2026-04-13,5.5,深回调,6.15,6.04,5.91,5.87,6.41,72.9,71.2,0.0673,82.3,74.4,98.1,1.01,5.9,-0.2,0.19,1.8,小幅涨:近10日+6% | 回调至MA60(6.41) | MACD红柱(已启动) | 量能健康(1.0xMA20)
002522,浙江众成,2026-04-13,5.5,深回调,5.98,5.97,5.84,5.77,5.95,62.4,74.7,0.0469,76.7,73.2,83.9,0.72,4.7,-3.1,0.26,0.1,小幅涨:近10日+5% | 回调至MA60(5.95) | MACD红柱(已启动) | 量能健康(0.7xMA20)
000823,超声电子,2026-04-13,5.0,深回调,15.21,14.13,13.5,14.04,14.6,97.0,66.9,0.2026,74.0,53.3,115.5,1.26,15.1,-4.0,0.69,7.6,"上涨:近10日+15% | 回调至MA60(14.60) | MACD红柱(已启动) | 量能健康(1.3xMA20) | 量开始放大 | 偏离MA5过大,追高风险"
002552,宝鼎科技,2026-04-13,5.0,深回调,19.28,17.89,17.01,16.92,18.73,93.0,79.1,0.4055,85.1,72.4,110.5,1.76,21.3,2.0,0.81,7.8,"上涨:近10日+21% | 回调至MA60(18.73) | MACD红柱(已启动) | 量能健康(1.8xMA20) | 量开始放大 | 偏离MA5过大,追高风险"
