板块,代码,名称,现价,涨跌%,成交额(亿),换手%,板块总成交额(亿)
电子,002384,东山精密,4.23,+2.28%,159.576,7.83,4231.3
电子,002475,立讯精密,3.47,+0.72%,139.585,3.29,4231.3
电子,300476,胜宏科技,5.86,+2.89%,134.213,5.26,4231.3
电子,603986,兆易创新,3.37,-1.11%,108.962,6.18,4231.3
电子,688041,海光信息,7.21,+5.79%,105.753,1.84,4231.3
电力设备,300750,宁德时代,4.17,+2.68%,176.255,0.97,2758.1
电力设备,300274,阳光电源,5.57,+2.64%,113.826,5.35,2758.1
电力设备,300390,天华新能,18.18,+17.42%,83.558,16.55,2758.1
电力设备,605117,德业股份,11.71,+5.26%,62.320,4.63,2758.1
电力设备,300014,亿纬锂能,4.5,+1.36%,60.176,4.14,2758.1
通信,300502,新易盛,4.21,-1.87%,191.160,4.24,1895.0
通信,300308,中际旭创,4.05,+0.46%,167.305,2.07,1895.0
通信,300394,天孚通信,4.54,-2.20%,130.739,4.83,1895.0
通信,600487,亨通光电,5.09,-4.45%,109.912,8.32,1895.0
通信,601869,长飞光纤,4.13,-3.95%,84.250,5.67,1895.0
半导体,603986,兆易创新,3.37,-1.11%,108.962,6.18,1841.3
半导体,688041,海光信息,7.21,+5.79%,105.753,1.84,1841.3
半导体,001309,德明利,8.57,+7.66%,101.201,13.43,1841.3
半导体,688525,佰维存储,7.85,+5.94%,100.326,8.44,1841.3
半导体,688256,寒武纪,4.19,+0.74%,96.846,1.88,1841.3
通信设备,300502,新易盛,4.21,-1.87%,191.160,4.24,1663.0
通信设备,300308,中际旭创,4.05,+0.46%,167.305,2.07,1663.0
通信设备,300394,天孚通信,4.54,-2.20%,130.739,4.83,1663.0
通信设备,600487,亨通光电,5.09,-4.45%,109.912,8.32,1663.0
通信设备,601869,长飞光纤,4.13,-3.95%,84.250,5.67,1663.0
机械设备,000988,华工科技,8.92,+7.97%,134.517,11.12,1577.4
机械设备,002837,英维克,4.29,+3.85%,62.269,7.18,1577.4
机械设备,002342,巨力索具,7.1,+5.42%,43.377,28.03,1577.4
机械设备,002131,利欧股份,3.88,+0.75%,42.126,8.96,1577.4
机械设备,002353,杰瑞股份,5.24,-4.88%,30.333,3.9,1577.4
有色金属,002460,赣锋锂业,3.92,+0.48%,85.464,8.34,1313.9
有色金属,601899,紫金矿业,1.45,-0.27%,59.217,0.86,1313.9
有色金属,600111,北方稀土,2.82,+1.14%,55.066,2.9,1313.9
有色金属,603799,华友钴业,3.53,+1.63%,47.754,4.08,1313.9
有色金属,002466,天齐锂业,5.1,+4.12%,47.182,5.21,1313.9
计算机,000977,浪潮信息,6.49,+1.24%,72.277,7.2,1279.1
计算机,603019,中科曙光,6.91,+4.33%,62.232,4.79,1279.1
计算机,000938,紫光股份,6.72,+4.25%,60.714,7.6,1279.1
计算机,300017,网宿科技,6.7,+2.19%,44.381,10.6,1279.1
计算机,300033,同花顺,6.86,+2.78%,42.152,4.1,1279.1
基础化工,002361,神剑股份,7.28,+1.27%,48.141,35.44,1187.6
基础化工,000792,盐湖股份,5.0,+3.07%,40.733,2.03,1187.6
基础化工,600989,宝丰能源,5.42,+0.94%,39.524,1.79,1187.6
基础化工,600309,万华化学,5.39,+3.51%,38.040,1.34,1187.6
基础化工,002263,大东南,8.37,+1.84%,31.046,33.21,1187.6
电池,300750,宁德时代,4.17,+2.68%,176.255,0.97,1171.9
电池,300390,天华新能,18.18,+17.42%,83.558,16.55,1171.9
电池,300014,亿纬锂能,4.5,+1.36%,60.176,4.14,1171.9
电池,300207,欣旺达,4.54,+1.08%,58.568,11.82,1171.9
电池,002074,国轩高科,2.58,+1.78%,53.588,7.89,1171.9
医药生物,600276,恒瑞医药,2.86,-3.26%,44.316,1.25,1128.1
医药生物,002432,九安医疗,6.33,-7.35%,33.975,8.85,1128.1
医药生物,603538,美诺华,6.92,-3.07%,33.451,32.13,1128.1
医药生物,603259,药明康德,1.76,-0.58%,26.367,1.01,1128.1
医药生物,300255,常山药业,10.28,+8.06%,21.287,5.27,1128.1
通信网络设备及器件,300502,新易盛,4.21,-1.87%,191.160,4.24,1043.2
通信网络设备及器件,300308,中际旭创,4.05,+0.46%,167.305,2.07,1043.2
通信网络设备及器件,300394,天孚通信,4.54,-2.20%,130.739,4.83,1043.2
通信网络设备及器件,002281,光迅科技,7.97,+5.48%,80.244,9.08,1043.2
通信网络设备及器件,688313,仕佳光子,14.14,+10.19%,66.509,12.83,1043.2
数字芯片设计,603986,兆易创新,3.37,-1.11%,108.962,6.18,1023.8
数字芯片设计,688041,海光信息,7.21,+5.79%,105.753,1.84,1023.8
数字芯片设计,001309,德明利,8.57,+7.66%,101.201,13.43,1023.8
数字芯片设计,688525,佰维存储,7.85,+5.94%,100.326,8.44,1023.8
数字芯片设计,688256,寒武纪,4.19,+0.74%,96.846,1.88,1023.8
元件,002384,东山精密,4.23,+2.28%,159.576,7.83,889.4
元件,300476,胜宏科技,5.86,+2.89%,134.213,5.26,889.4
元件,002463,沪电股份,4.77,+0.40%,67.081,3.93,889.4
元件,002436,兴森科技,11.68,+9.98%,49.473,13.52,889.4
元件,600183,生益科技,6.89,+3.69%,42.026,2.79,889.4
印制电路板,002384,东山精密,4.23,+2.28%,159.576,7.83,794.5
印制电路板,300476,胜宏科技,5.86,+2.89%,134.213,5.26,794.5
印制电路板,002463,沪电股份,4.77,+0.40%,67.081,3.93,794.5
印制电路板,002436,兴森科技,11.68,+9.98%,49.473,13.52,794.5
印制电路板,600183,生益科技,6.89,+3.69%,42.026,2.79,794.5
汽车,002594,比亚迪,4.11,+2.54%,68.871,1.9,783.6
汽车,000338,潍柴动力,4.67,-0.44%,26.502,1.99,783.6
汽车,600166,福田汽车,12.57,+9.88%,25.482,9.17,783.6
汽车,002328,新朋股份,9.1,+6.43%,24.735,40.46,783.6
汽车,000559,万向钱潮,1.96,-1.04%,18.000,3.39,783.6
国防军工,300395,菲利华,9.14,+7.67%,46.816,8.49,677.3
国防军工,600118,中国卫星,4.43,+2.00%,28.896,3.03,677.3
国防军工,002025,航天电器,6.18,+1.48%,27.134,7.66,677.3
国防军工,301696,C三瑞,20.65,+28.80%,23.744,70.95,677.3
国防军工,000547,航天发展,2.49,-0.26%,22.968,5.45,677.3
光伏设备,300274,阳光电源,5.57,+2.64%,113.826,5.35,676.2
光伏设备,605117,德业股份,11.71,+5.26%,62.320,4.63,676.2
光伏设备,603778,国晟科技,8.64,+5.95%,41.564,19.56,676.2
光伏设备,601012,隆基绿能,6.25,+3.27%,37.907,2.86,676.2
光伏设备,002506,协鑫集成,6.76,+2.70%,28.902,10.93,676.2
消费电子,002475,立讯精密,3.47,+0.72%,139.585,3.29,673.3
消费电子,601138,工业富联,2.03,-1.45%,75.850,0.68,673.3
消费电子,300857,协创数据,7.76,-0.12%,45.789,6.28,673.3
消费电子,603629,利通电子,12.71,+0.00%,39.389,20.51,673.3
消费电子,300136,信维通信,2.55,-0.70%,27.193,5.17,673.3
消费电子零部件及组装,002475,立讯精密,3.47,+0.72%,139.585,3.29,645.2
消费电子零部件及组装,601138,工业富联,2.03,-1.45%,75.850,0.68,645.2
消费电子零部件及组装,300857,协创数据,7.76,-0.12%,45.789,6.28,645.2
消费电子零部件及组装,603629,利通电子,12.71,+0.00%,39.389,20.51,645.2
消费电子零部件及组装,300136,信维通信,2.55,-0.70%,27.193,5.17,645.2
通用设备,002342,巨力索具,7.1,+5.42%,43.377,28.03,628.2
通用设备,002131,利欧股份,3.88,+0.75%,42.126,8.96,628.2
通用设备,301018,申菱环境,6.55,+7.07%,21.436,9.32,628.2
通用设备,002272,川润股份,5.07,-0.47%,14.492,19.54,628.2
通用设备,300567,精测电子,5.36,-2.30%,13.175,4.58,628.2
汽车零部件,000338,潍柴动力,4.67,-0.44%,26.502,1.99,582.6
汽车零部件,002328,新朋股份,9.1,+6.43%,24.735,40.46,582.6
汽车零部件,000559,万向钱潮,1.96,-1.04%,18.000,3.39,582.6
汽车零部件,002536,飞龙股份,3.82,+1.46%,17.796,9.45,582.6
汽车零部件,603306,华懋科技,3.16,-0.11%,16.949,5.05,582.6
锂电池,300750,宁德时代,4.17,+2.68%,176.255,0.97,564.8
锂电池,300014,亿纬锂能,4.5,+1.36%,60.176,4.14,564.8
锂电池,300207,欣旺达,4.54,+1.08%,58.568,11.82,564.8
锂电池,002074,国轩高科,2.58,+1.78%,53.588,7.89,564.8
锂电池,301217,铜冠铜箔,12.06,+7.54%,26.079,7.1,564.8
公用事业,001896,豫能控股,9.16,+9.08%,22.099,10.4,533.1
公用事业,002015,协鑫能科,2.88,+0.86%,18.420,6.51,533.1
公用事业,000155,川能动力,5.78,+4.22%,18.316,5.84,533.1
公用事业,601778,晶科科技,10.89,+8.51%,18.045,9.57,533.1
公用事业,600821,金开新能,4.88,+3.38%,17.136,10.7,533.1
IT服务Ⅲ,000938,紫光股份,6.72,+4.25%,60.714,7.6,522.7
IT服务Ⅲ,300017,网宿科技,6.7,+2.19%,44.381,10.6,522.7
IT服务Ⅲ,300166,东方国信,13.47,+6.99%,36.815,24.04,522.7
IT服务Ⅲ,600410,华胜天成,2.55,-1.11%,30.437,10.31,522.7
IT服务Ⅲ,000815,美利云,12.04,+5.74%,28.762,20.9,522.7
IT服务Ⅱ,000938,紫光股份,6.72,+4.25%,60.714,7.6,522.7
IT服务Ⅱ,300017,网宿科技,6.7,+2.19%,44.381,10.6,522.7
IT服务Ⅱ,300166,东方国信,13.47,+6.99%,36.815,24.04,522.7
IT服务Ⅱ,600410,华胜天成,2.55,-1.11%,30.437,10.31,522.7
IT服务Ⅱ,000815,美利云,12.04,+5.74%,28.762,20.9,522.7
电网设备,600089,特变电工,2.07,-0.63%,34.883,2.59,508.9
电网设备,002028,思源电气,4.92,-4.65%,31.810,2.6,508.9
电网设备,601179,中国西电,2.86,-1.62%,24.788,3.07,508.9
电网设备,000400,许继电气,2.35,-9.90%,23.427,8.99,508.9
电网设备,002560,通达股份,7.66,+5.23%,22.475,35.97,508.9
传媒,300058,蓝色光标,5.88,+0.30%,72.280,12.59,494.8
传媒,002558,巨人网络,12.7,-8.80%,48.321,7.92,494.8
传媒,002517,恺英网络,6.54,-10.00%,31.639,9.06,494.8
传媒,002602,世纪华通,6.27,-3.85%,25.623,2.31,494.8
传媒,002624,完美世界,7.78,-2.69%,19.809,5.58,494.8
电池化学品,300390,天华新能,18.18,+17.42%,83.558,16.55,486.3
电池化学品,002709,天赐材料,3.34,-0.02%,52.597,7.47,486.3
电池化学品,301292,海科新源,11.87,+4.16%,28.513,38.69,486.3
电池化学品,603659,璞泰来,5.68,+2.91%,28.174,3.81,486.3
电池化学品,603026,石大胜华,7.49,+5.17%,24.133,11.77,486.3
非银金融,300059,东方财富,3.8,+1.27%,69.050,2.59,482.1
非银金融,600030,中信证券,3.05,+0.73%,55.912,1.77,482.1
非银金融,601318,中国平安,1.02,-1.82%,39.595,0.64,482.1
非银金融,000617,中油资本,3.22,-1.75%,26.124,2.04,482.1
非银金融,600864,哈投股份,12.8,+5.26%,20.101,13.34,482.1
电力,001896,豫能控股,9.16,+9.08%,22.099,10.4,468.7
电力,002015,协鑫能科,2.88,+0.86%,18.420,6.51,468.7
电力,000155,川能动力,5.78,+4.22%,18.316,5.84,468.7
电力,601778,晶科科技,10.89,+8.51%,18.045,9.57,468.7
电力,600821,金开新能,4.88,+3.38%,17.136,10.7,468.7
化学制药,600276,恒瑞医药,2.86,-3.26%,44.316,1.25,454.6
化学制药,603538,美诺华,6.92,-3.07%,33.451,32.13,454.6
化学制药,300255,常山药业,10.28,+8.06%,21.287,5.27,454.6
化学制药,002082,万邦德,6.01,-3.69%,13.974,8.84,454.6
化学制药,300497,富祥药业,4.72,+2.98%,12.619,15.28,454.6
通信线缆及配套,600487,亨通光电,5.09,-4.45%,109.912,8.32,447.4
通信线缆及配套,601869,长飞光纤,4.13,-3.95%,84.250,5.67,447.4
通信线缆及配套,600105,永鼎股份,7.64,+1.57%,82.697,14.88,447.4
通信线缆及配套,600522,中天科技,4.36,-4.30%,62.144,6.35,447.4
通信线缆及配套,002491,通鼎互联,11.45,+1.58%,38.554,22.37,447.4
工业金属,601899,紫金矿业,1.45,-0.27%,59.217,0.86,435.2
工业金属,603993,洛阳钼业,2.0,-0.53%,31.645,0.96,435.2
工业金属,601600,中国铝业,2.59,-1.54%,29.622,1.86,435.2
工业金属,601020,华钰矿业,6.57,+6.64%,19.608,8.07,435.2
工业金属,600362,江西铜业,1.78,+1.43%,16.968,1.8,435.2
专用设备,002837,英维克,4.29,+3.85%,62.269,7.18,431.3
专用设备,002353,杰瑞股份,5.24,-4.88%,30.333,3.9,431.3
专用设备,300499,高澜股份,5.67,+4.77%,17.223,15.82,431.3
专用设备,688630,芯碁微装,4.0,-2.63%,15.583,4.91,431.3
专用设备,301128,强瑞技术,9.54,-1.84%,12.465,8.37,431.3
光学光电子,600703,三安光电,6.2,+4.27%,37.164,6.02,412.4
光学光电子,600666,奥瑞德,7.78,+1.90%,31.524,20.63,412.4
光学光电子,002222,福晶科技,5.03,+1.08%,28.116,7.01,412.4
光学光电子,002273,水晶光电,5.92,+1.31%,26.739,6.41,412.4
光学光电子,688195,腾景科技,6.91,+0.83%,24.680,5.92,412.4
软件开发,300033,同花顺,6.86,+2.78%,42.152,4.1,410.7
软件开发,002261,拓维信息,3.05,+0.56%,23.939,5.81,410.7
软件开发,300803,指南针,4.61,+0.96%,23.030,3.71,410.7
软件开发,600602,云赛智联,4.4,+1.33%,21.096,8.11,410.7
软件开发,300209,行云科技,10.31,+8.32%,17.962,19.69,410.7
自动化设备,000988,华工科技,8.92,+7.97%,134.517,11.12,395.5
自动化设备,300757,罗博特科,4.71,+0.24%,29.587,4.01,395.5
自动化设备,002008,大族激光,2.36,-1.01%,24.751,3.41,395.5
自动化设备,300124,汇川技术,1.91,-0.75%,14.322,0.89,395.5
自动化设备,301312,智立方,12.02,+7.65%,14.175,18.84,395.5
化学制品,600309,万华化学,5.39,+3.51%,38.040,1.34,390.6
化学制品,002497,雅化集团,6.95,+8.02%,23.063,8.42,390.6
化学制品,002407,多氟多,4.07,+1.45%,22.798,7.38,390.6
化学制品,002001,新 和 成,6.83,+4.59%,18.871,1.65,390.6
化学制品,300821,东岳硅材,7.94,+4.31%,15.032,9.04,390.6
能源金属,002460,赣锋锂业,3.92,+0.48%,85.464,8.34,354.8
能源金属,603799,华友钴业,3.53,+1.63%,47.754,4.08,354.8
能源金属,002466,天齐锂业,5.1,+4.12%,47.182,5.21,354.8
能源金属,002738,中矿资源,6.21,+6.64%,40.937,7.08,354.8
能源金属,002192,融捷股份,9.64,+7.04%,36.392,18.39,354.8
计算机设备,000977,浪潮信息,6.49,+1.24%,72.277,7.2,345.7
计算机设备,603019,中科曙光,6.91,+4.33%,62.232,4.79,345.7
计算机设备,002415,海康威视,3.94,+2.96%,20.684,0.71,345.7
计算机设备,300042,朗科科技,6.84,+5.32%,19.235,19.94,345.7
计算机设备,000066,中国长城,3.59,+2.19%,14.990,3.0,345.7
建筑装饰,603601,再升科技,6.61,+3.08%,22.622,14.5,333.0
建筑装饰,001267,汇绿生态,4.05,-2.51%,18.454,7.06,333.0
建筑装饰,601868,中国能建,2.46,+0.70%,14.857,1.61,333.0
建筑装饰,603929,亚翔集成,5.23,+0.48%,12.563,2.8,333.0
建筑装饰,002051,中工国际,5.68,-8.29%,12.021,9.83,333.0
化学制剂,600276,恒瑞医药,2.86,-3.26%,44.316,1.25,323.7
化学制剂,300255,常山药业,10.28,+8.06%,21.287,5.27,323.7
化学制剂,002082,万邦德,6.01,-3.69%,13.974,8.84,323.7
化学制剂,300204,舒泰神,4.81,+1.59%,12.068,9.13,323.7
化学制剂,300199,翰宇药业,2.97,-2.55%,11.492,7.29,323.7
石油石化,600759,洲际油气,10.02,+6.68%,39.216,17.01,322.1
石油石化,300164,通源石油,9.13,+3.57%,28.717,33.49,322.1
石油石化,600938,中国海油,3.31,+0.03%,23.551,2.06,322.1
石油石化,601857,中国石油,2.34,+0.83%,21.808,0.11,322.1
石油石化,600256,广汇能源,5.81,+3.67%,17.092,4.01,322.1
证券Ⅲ,300059,东方财富,3.8,+1.27%,69.050,2.59,322.1
证券Ⅲ,600030,中信证券,3.05,+0.73%,55.912,1.77,322.1
证券Ⅲ,600864,哈投股份,12.8,+5.26%,20.101,13.34,322.1
证券Ⅲ,002797,第一创业,3.59,+1.02%,18.021,5.44,322.1
证券Ⅲ,601688,华泰证券,3.31,+1.18%,16.430,1.19,322.1
证券Ⅱ,300059,东方财富,3.8,+1.27%,69.050,2.59,322.1
证券Ⅱ,600030,中信证券,3.05,+0.73%,55.912,1.77,322.1
证券Ⅱ,600864,哈投股份,12.8,+5.26%,20.101,13.34,322.1
证券Ⅱ,002797,第一创业,3.59,+1.02%,18.021,5.44,322.1
证券Ⅱ,601688,华泰证券,3.31,+1.18%,16.430,1.19,322.1
垂直应用软件,300033,同花顺,6.86,+2.78%,42.152,4.1,313.4
垂直应用软件,002261,拓维信息,3.05,+0.56%,23.939,5.81,313.4
垂直应用软件,300803,指南针,4.61,+0.96%,23.030,3.71,313.4
垂直应用软件,600602,云赛智联,4.4,+1.33%,21.096,8.11,313.4
垂直应用软件,300209,行云科技,10.31,+8.32%,17.962,19.69,313.4
锂,002460,赣锋锂业,3.92,+0.48%,85.464,8.34,295.0
锂,002466,天齐锂业,5.1,+4.12%,47.182,5.21,295.0
锂,002738,中矿资源,6.21,+6.64%,40.937,7.08,295.0
锂,002192,融捷股份,9.64,+7.04%,36.392,18.39,295.0
锂,000762,西藏矿业,5.67,-0.65%,31.306,17.57,295.0
小金属,600111,北方稀土,2.82,+1.14%,55.066,2.9,292.5
小金属,002428,云南锗业,5.69,-2.92%,44.794,12.42,292.5
小金属,000657,中钨高新,4.8,-1.29%,30.657,4.39,292.5
小金属,600549,厦门钨业,3.61,-0.89%,24.044,2.68,292.5
小金属,600392,盛和资源,3.1,+1.27%,17.715,3.96,292.5
其他计算机设备,000977,浪潮信息,6.49,+1.24%,72.277,7.2,287.4
其他计算机设备,603019,中科曙光,6.91,+4.33%,62.232,4.79,287.4
其他计算机设备,300042,朗科科技,6.84,+5.32%,19.235,19.94,287.4
其他计算机设备,000066,中国长城,3.59,+2.19%,14.990,3.0,287.4
其他计算机设备,002177,御银股份,4.17,-1.72%,12.488,22.92,287.4
底盘与发动机系统,000338,潍柴动力,4.67,-0.44%,26.502,1.99,273.3
底盘与发动机系统,000559,万向钱潮,1.96,-1.04%,18.000,3.39,273.3
底盘与发动机系统,002536,飞龙股份,3.82,+1.46%,17.796,9.45,273.3
底盘与发动机系统,002126,银轮股份,6.87,+3.03%,16.392,4.41,273.3
底盘与发动机系统,603950,长源东谷,8.06,+10.01%,14.830,8.7,273.3
军工电子Ⅲ,002025,航天电器,6.18,+1.48%,27.134,7.66,271.6
军工电子Ⅲ,000547,航天发展,2.49,-0.26%,22.968,5.45,271.6
军工电子Ⅲ,688629,华丰科技,3.53,-0.83%,18.699,8.22,271.6
军工电子Ⅲ,301306,西测测试,13.93,+7.00%,14.171,15.3,271.6
军工电子Ⅲ,002179,中航光电,2.69,-0.27%,12.188,1.57,271.6
军工电子Ⅱ,002025,航天电器,6.18,+1.48%,27.134,7.66,271.6
军工电子Ⅱ,000547,航天发展,2.49,-0.26%,22.968,5.45,271.6
军工电子Ⅱ,688629,华丰科技,3.53,-0.83%,18.699,8.22,271.6
军工电子Ⅱ,301306,西测测试,13.93,+7.00%,14.171,15.3,271.6
军工电子Ⅱ,002179,中航光电,2.69,-0.27%,12.188,1.57,271.6
轻工制造,600103,青山纸业,8.44,+2.30%,18.964,20.8,252.2
轻工制造,002565,顺灏股份,2.64,-1.44%,18.817,10.76,252.2
轻工制造,002969,嘉美包装,5.66,+5.66%,18.644,6.85,252.2
轻工制造,002229,鸿博股份,6.68,+1.42%,10.426,11.74,252.2
轻工制造,603687,大胜达,8.59,+1.31%,9.915,10.84,252.2
金属制品,002342,巨力索具,7.1,+5.42%,43.377,28.03,251.8
金属制品,002131,利欧股份,3.88,+0.75%,42.126,8.96,251.8
金属制品,002150,正泰电源,6.01,+3.44%,12.802,10.5,251.8
金属制品,603308,应流股份,3.71,-4.38%,12.754,2.72,251.8
金属制品,603667,五洲新春,2.0,-1.59%,11.120,4.36,251.8
交通运输,601872,招商轮船,4.56,-4.51%,32.689,2.2,249.9
交通运输,600026,中远海能,5.72,-4.89%,19.361,2.41,249.9
交通运输,601975,招商南油,9.0,-3.14%,15.205,7.08,249.9
交通运输,601919,中远海控,2.3,-0.72%,13.825,0.74,249.9
交通运输,002352,顺丰控股,1.53,-1.02%,7.208,0.41,249.9
其他专用设备,002837,英维克,4.29,+3.85%,62.269,7.18,243.9
其他专用设备,300499,高澜股份,5.67,+4.77%,17.223,15.82,243.9
其他专用设备,688630,芯碁微装,4.0,-2.63%,15.583,4.91,243.9
其他专用设备,301128,强瑞技术,9.54,-1.84%,12.465,8.37,243.9
其他专用设备,688700,东威科技,7.22,+0.58%,9.389,5.21,243.9
逆变器,300274,阳光电源,5.57,+2.64%,113.826,5.35,242.0
逆变器,605117,德业股份,11.71,+5.26%,62.320,4.63,242.0
逆变器,300763,锦浪科技,4.62,+1.40%,20.104,6.56,242.0
逆变器,300827,上能电气,3.57,+0.71%,11.355,7.75,242.0
逆变器,688717,艾罗能源,10.89,+2.97%,11.099,9.2,242.0
建筑材料,301526,国际复材,19.41,+16.04%,45.775,22.92,240.8
建筑材料,600176,中国巨石,10.69,+10.00%,37.685,3.02,240.8
建筑材料,002080,中材科技,11.28,+10.00%,31.128,3.81,240.8
建筑材料,603256,宏和科技,10.3,+10.00%,15.829,2.07,240.8
建筑材料,605006,山东玻纤,10.77,+4.55%,9.884,15.77,240.8
通信服务,300442,润泽科技,6.92,+2.50%,48.715,3.37,232.0
通信服务,002467,二六三,12.31,+10.07%,27.313,26.06,232.0
通信服务,603881,数据港,4.72,+0.88%,25.844,8.96,232.0
通信服务,300383,光环新网,6.34,+2.33%,25.827,8.21,232.0
通信服务,300738,奥飞数据,4.84,+2.40%,14.764,6.55,232.0
塑料,002361,神剑股份,7.28,+1.27%,48.141,35.44,231.8
塑料,002263,大东南,8.37,+1.84%,31.046,33.21,231.8
塑料,601208,东材科技,5.93,+3.70%,20.853,5.95,231.8
塑料,605589,圣泉集团,4.9,+2.74%,15.221,4.83,231.8
塑料,000973,佛塑科技,9.27,+6.84%,11.880,6.54,231.8
农林牧渔,000592,平潭发展,7.61,+2.27%,46.152,20.07,230.2
农林牧渔,002714,牧原股份,4.3,+2.70%,22.439,1.34,230.2
农林牧渔,300498,温氏股份,3.88,+1.88%,8.590,0.86,230.2
农林牧渔,002157,正邦科技,4.23,+3.26%,7.125,3.12,230.2
农林牧渔,600127,金健米业,6.31,+2.74%,6.707,13.85,230.2
航空装备Ⅲ,300395,菲利华,9.14,+7.67%,46.816,8.49,229.1
航空装备Ⅲ,301696,C三瑞,20.65,+28.80%,23.744,70.95,229.1
航空装备Ⅲ,600760,中航沈飞,6.77,+6.08%,22.608,1.58,229.1
航空装备Ⅲ,600893,航发动力,2.91,-0.08%,13.655,1.0,229.1
航空装备Ⅲ,002625,光启技术,2.75,-0.39%,8.887,1.07,229.1
航空装备Ⅱ,300395,菲利华,9.14,+7.67%,46.816,8.49,229.1
航空装备Ⅱ,301696,C三瑞,20.65,+28.80%,23.744,70.95,229.1
航空装备Ⅱ,600760,中航沈飞,6.77,+6.08%,22.608,1.58,229.1
航空装备Ⅱ,600893,航发动力,2.91,-0.08%,13.655,1.0,229.1
航空装备Ⅱ,002625,光启技术,2.75,-0.39%,8.887,1.07,229.1
食品饮料,600519,贵州茅台,0.93,-0.73%,36.297,0.2,227.8
食品饮料,000858,五 粮 液,1.34,+0.34%,12.471,0.32,227.8
食品饮料,603777,来伊份,8.84,-0.41%,11.724,20.72,227.8
食品饮料,600186,莲花控股,2.96,-0.27%,11.016,8.38,227.8
食品饮料,600809,山西汾酒,2.3,-2.25%,10.503,0.63,227.8
农化制品,000792,盐湖股份,5.0,+3.07%,40.733,2.03,217.9
农化制品,600096,云天化,2.87,-0.54%,14.817,2.45,217.9
农化制品,600331,宏达股份,6.22,-5.53%,14.057,4.52,217.9
农化制品,000408,藏格矿业,2.07,-0.91%,10.422,0.8,217.9
农化制品,600426,华鲁恒升,4.98,+1.05%,8.534,1.05,217.9
家用电器,300342,天银机电,5.4,-2.74%,27.915,12.27,216.1
家用电器,002050,三花智控,1.63,-0.94%,26.861,1.64,216.1
家用电器,000333,美的集团,1.16,-0.82%,13.848,0.27,216.1
家用电器,002418,康盛股份,6.68,+10.02%,11.468,16.28,216.1
家用电器,002429,兆驰股份,3.42,+1.37%,9.592,2.05,216.1
环保,603588,高能环境,5.72,-3.55%,20.197,8.18,215.1
环保,000967,盈峰环境,6.35,+3.81%,19.012,5.66,215.1
环保,002645,华宏科技,6.63,-2.95%,12.692,10.65,215.1
环保,603200,上海洗霸,2.95,+0.96%,9.400,8.64,215.1
环保,000890,法尔胜,4.64,-7.46%,8.451,15.55,215.1
医疗器械,002432,九安医疗,6.33,-7.35%,33.975,8.85,211.2
医疗器械,300677,英科医疗,6.17,-1.88%,10.281,3.88,211.2
医疗器械,301093,华兰股份,15.59,-14.25%,10.040,8.26,211.2
医疗器械,300760,迈瑞医疗,1.97,-0.15%,9.464,0.49,211.2
医疗器械,002950,奥美医疗,10.1,+7.60%,9.011,14.06,211.2
电子化学品Ⅲ,600330,天通股份,6.63,+3.26%,36.146,15.14,210.2
电子化学品Ⅲ,300285,国瓷材料,7.49,+4.17%,15.593,5.45,210.2
电子化学品Ⅲ,300054,鼎龙股份,3.44,-0.63%,14.014,3.66,210.2
电子化学品Ⅲ,688268,华特气体,12.8,-2.52%,12.513,10.49,210.2
电子化学品Ⅲ,301489,思泉新材,10.48,+6.08%,11.147,11.82,210.2
电子化学品Ⅱ,600330,天通股份,6.63,+3.26%,36.146,15.14,210.2
电子化学品Ⅱ,300285,国瓷材料,7.49,+4.17%,15.593,5.45,210.2
电子化学品Ⅱ,300054,鼎龙股份,3.44,-0.63%,14.014,3.66,210.2
电子化学品Ⅱ,688268,华特气体,12.8,-2.52%,12.513,10.49,210.2
电子化学品Ⅱ,301489,思泉新材,10.48,+6.08%,11.147,11.82,210.2
化学原料,600989,宝丰能源,5.42,+0.94%,39.524,1.79,208.6
化学原料,002648,卫星化学,6.17,+5.06%,19.320,1.94,208.6
化学原料,600722,金牛化工,7.33,+1.19%,12.606,12.89,208.6
化学原料,603067,振华股份,4.46,-4.46%,10.260,3.91,208.6
化学原料,600367,红星发展,7.75,+5.64%,9.909,14.56,208.6
其他电子Ⅲ,300475,香农芯创,3.31,+0.50%,55.316,8.21,204.7
其他电子Ⅲ,300131,英唐智控,4.93,+0.45%,30.541,18.89,204.7
其他电子Ⅲ,000062,深圳华强,2.76,+0.38%,12.657,4.22,204.7
其他电子Ⅲ,001287,中电港,5.64,+2.01%,11.573,5.65,204.7
其他电子Ⅲ,002130,沃尔核材,3.94,+2.03%,11.488,4.01,204.7
其他电子Ⅱ,300475,香农芯创,3.31,+0.50%,55.316,8.21,204.7
其他电子Ⅱ,300131,英唐智控,4.93,+0.45%,30.541,18.89,204.7
其他电子Ⅱ,000062,深圳华强,2.76,+0.38%,12.657,4.22,204.7
其他电子Ⅱ,001287,中电港,5.64,+2.01%,11.573,5.65,204.7
其他电子Ⅱ,002130,沃尔核材,3.94,+2.03%,11.488,4.01,204.7
光伏电池组件,603778,国晟科技,8.64,+5.95%,41.564,19.56,203.1
光伏电池组件,002506,协鑫集成,6.76,+2.70%,28.902,10.93,203.1
光伏电池组件,002309,中利集团,9.09,+1.14%,18.971,17.96,203.1
光伏电池组件,600537,亿晶光电,7.37,+3.44%,14.327,28.69,203.1
光伏电池组件,002865,钧达股份,2.6,-1.36%,12.515,7.63,203.1
激光设备,000988,华工科技,8.92,+7.97%,134.517,11.12,193.0
激光设备,002008,大族激光,2.36,-1.01%,24.751,3.41,193.0
激光设备,688025,杰普特,3.21,-3.12%,9.980,3.88,193.0
激光设备,300747,锐科激光,3.97,+3.44%,8.412,5.04,193.0
激光设备,688170,德龙激光,5.75,+3.63%,4.057,7.26,193.0
游戏Ⅲ,002558,巨人网络,12.7,-8.80%,48.321,7.92,188.2
游戏Ⅲ,002517,恺英网络,6.54,-10.00%,31.639,9.06,188.2
游戏Ⅲ,002602,世纪华通,6.27,-3.85%,25.623,2.31,188.2
游戏Ⅲ,002624,完美世界,7.78,-2.69%,19.809,5.58,188.2
游戏Ⅲ,300113,顺网科技,5.42,+0.77%,15.326,10.34,188.2
游戏Ⅱ,002558,巨人网络,12.7,-8.80%,48.321,7.92,188.2
游戏Ⅱ,002517,恺英网络,6.54,-10.00%,31.639,9.06,188.2
游戏Ⅱ,002602,世纪华通,6.27,-3.85%,25.623,2.31,188.2
游戏Ⅱ,002624,完美世界,7.78,-2.69%,19.809,5.58,188.2
游戏Ⅱ,300113,顺网科技,5.42,+0.77%,15.326,10.34,188.2
铜,601899,紫金矿业,1.45,-0.27%,59.217,0.86,186.6
铜,603993,洛阳钼业,2.0,-0.53%,31.645,0.96,186.6
铜,600362,江西铜业,1.78,+1.43%,16.968,1.8,186.6
铜,000630,铜陵有色,3.28,+2.30%,15.971,2.32,186.6
铜,600711,盛屯矿业,1.97,+0.00%,12.137,2.78,186.6
输变电设备,600089,特变电工,2.07,-0.63%,34.883,2.59,185.1
输变电设备,002028,思源电气,4.92,-4.65%,31.810,2.6,185.1
输变电设备,601179,中国西电,2.86,-1.62%,24.788,3.07,185.1
输变电设备,688676,金盘科技,3.56,-1.28%,13.234,3.46,185.1
输变电设备,600312,平高电气,3.85,-6.20%,11.119,4.23,185.1
其他电源设备Ⅱ,600482,中国动力,7.42,+1.88%,36.093,3.96,184.4
其他电源设备Ⅱ,600875,东方电气,4.05,+0.53%,33.573,3.75,184.4
其他电源设备Ⅱ,300870,欧陆通,5.61,-1.24%,18.255,5.35,184.4
其他电源设备Ⅱ,002851,麦格米特,3.31,-0.63%,15.550,3.26,184.4
其他电源设备Ⅱ,002335,科华数据,2.39,-0.45%,10.711,3.98,184.4
铝,601600,中国铝业,2.59,-1.54%,29.622,1.86,180.7
铝,000807,云铝股份,3.01,-0.69%,16.644,1.4,180.7
铝,002824,和胜股份,11.12,+7.24%,16.262,27.72,180.7
铝,000933,神火股份,3.06,-1.07%,16.198,2.17,180.7
铝,000612,焦作万方,2.12,+10.02%,11.593,7.23,180.7
玻璃玻纤,301526,国际复材,19.41,+16.04%,45.775,22.92,172.6
玻璃玻纤,600176,中国巨石,10.69,+10.00%,37.685,3.02,172.6
玻璃玻纤,002080,中材科技,11.28,+10.00%,31.128,3.81,172.6
玻璃玻纤,603256,宏和科技,10.3,+10.00%,15.829,2.07,172.6
玻璃玻纤,605006,山东玻纤,10.77,+4.55%,9.884,15.77,172.6
半导体设备,002371,北方华创,2.79,-0.92%,30.842,0.9,172.1
半导体设备,688012,中微公司,2.41,-2.29%,29.831,1.49,172.1
半导体设备,300604,长川科技,2.89,-2.00%,20.448,3.06,172.1
半导体设备,688072,拓荆科技,3.27,-0.64%,19.788,1.78,172.1
半导体设备,688361,中科飞测,3.16,-3.00%,9.230,2.23,172.1
钢铁,600010,包钢股份,6.36,+5.30%,66.273,7.11,171.0
钢铁,600126,杭钢股份,6.23,+1.93%,16.788,5.57,171.0
钢铁,001203,大中矿业,12.06,+10.00%,16.637,3.12,171.0
钢铁,000959,首钢股份,7.92,+2.57%,6.439,1.79,171.0
钢铁,002478,常宝股份,5.75,-4.07%,5.293,6.75,171.0
银行,600036,招商银行,0.61,-0.59%,20.477,0.25,166.1
银行,601288,农业银行,1.82,+0.76%,18.706,0.09,166.1
银行,601398,工商银行,1.64,+0.82%,16.829,0.09,166.1
银行,601988,中国银行,1.95,+0.71%,11.286,0.1,166.1
银行,601166,兴业银行,0.81,-0.59%,9.254,0.24,166.1
银行Ⅱ,600036,招商银行,0.61,-0.59%,20.477,0.25,166.1
银行Ⅱ,601288,农业银行,1.82,+0.76%,18.706,0.09,166.1
银行Ⅱ,601398,工商银行,1.64,+0.82%,16.829,0.09,166.1
银行Ⅱ,601988,中国银行,1.95,+0.71%,11.286,0.1,166.1
银行Ⅱ,601166,兴业银行,0.81,-0.59%,9.254,0.24,166.1
光学元件,002222,福晶科技,5.03,+1.08%,28.116,7.01,165.8
光学元件,002273,水晶光电,5.92,+1.31%,26.739,6.41,165.8
光学元件,688195,腾景科技,6.91,+0.83%,24.680,5.92,165.8
光学元件,301183,东田微,6.11,+2.63%,14.502,13.09,165.8
光学元件,300489,光智科技,8.66,+0.74%,11.952,12.98,165.8
医疗服务,603259,药明康德,1.76,-0.58%,26.367,1.01,163.2
医疗服务,603127,昭衍新药,5.59,-5.07%,13.659,5.97,163.2
医疗服务,002821,凯莱英,3.6,-0.26%,10.263,2.66,163.2
医疗服务,300759,康龙化成,2.86,-1.41%,8.907,2.04,163.2
医疗服务,603122,合富中国,5.35,-1.32%,7.561,10.95,163.2
通信应用增值服务,300442,润泽科技,6.92,+2.50%,48.715,3.37,163.1
通信应用增值服务,002467,二六三,12.31,+10.07%,27.313,26.06,163.1
通信应用增值服务,603881,数据港,4.72,+0.88%,25.844,8.96,163.1
通信应用增值服务,300383,光环新网,6.34,+2.33%,25.827,8.21,163.1
通信应用增值服务,300738,奥飞数据,4.84,+2.40%,14.764,6.55,163.1
玻纤制造,301526,国际复材,19.41,+16.04%,45.775,22.92,162.5
玻纤制造,600176,中国巨石,10.69,+10.00%,37.685,3.02,162.5
玻纤制造,002080,中材科技,11.28,+10.00%,31.128,3.81,162.5
玻纤制造,603256,宏和科技,10.3,+10.00%,15.829,2.07,162.5
玻纤制造,605006,山东玻纤,10.77,+4.55%,9.884,15.77,162.5
模拟芯片设计,300782,卓胜微,6.87,+2.16%,34.389,7.44,157.3
模拟芯片设计,688270,臻镭科技,6.48,+1.44%,21.351,6.55,157.3
模拟芯片设计,300661,圣邦股份,2.94,-1.95%,17.039,3.8,157.3
模拟芯片设计,300671,富满微,12.64,+10.26%,14.367,13.9,157.3
模拟芯片设计,688141,杰华特,7.64,-2.03%,12.836,4.38,157.3
风电设备,002202,金风科技,2.49,+0.29%,29.515,3.64,153.8
风电设备,002487,大金重工,6.96,+5.66%,15.889,3.16,153.8
风电设备,603063,禾望电气,6.95,-1.89%,15.195,10.35,153.8
风电设备,301232,飞沃科技,8.53,+5.09%,12.544,15.47,153.8
风电设备,601615,明阳智能,2.66,-1.15%,10.424,2.8,153.8
线缆部件及其他,002560,通达股份,7.66,+5.23%,22.475,35.97,152.2
线缆部件及其他,603618,杭电股份,3.73,-1.99%,14.452,8.85,152.2
线缆部件及其他,600869,远东股份,3.59,-2.44%,12.863,3.81,152.2
线缆部件及其他,002471,中超控股,3.41,-1.25%,11.812,10.19,152.2
线缆部件及其他,000720,新能泰山,9.02,-1.10%,10.874,16.53,152.2
分立器件,688048,长光华芯,12.39,+6.90%,44.025,10.09,149.7
分立器件,688498,源杰科技,9.97,+3.34%,40.770,3.78,149.7
分立器件,688167,炬光科技,9.01,+3.17%,19.727,5.64,149.7
分立器件,300373,扬杰科技,3.1,-0.60%,6.846,1.62,149.7
分立器件,688693,锴威特,9.26,+4.34%,6.846,21.06,149.7
环境治理,603588,高能环境,5.72,-3.55%,20.197,8.18,149.6
环境治理,603200,上海洗霸,2.95,+0.96%,9.400,8.64,149.6
环境治理,301500,飞南资源,8.82,-8.17%,7.297,21.67,149.6
环境治理,002266,浙富控股,6.82,+3.76%,5.878,2.75,149.6
环境治理,000711,ST京蓝,6.29,-2.29%,5.034,6.25,149.6
商贸零售,600415,小商品城,4.05,-5.50%,18.260,2.67,148.3
商贸零售,002183,怡 亚 通,7.65,-0.35%,11.796,8.0,148.3
商贸零售,601888,中国中免,1.42,-0.20%,10.815,0.81,148.3
商贸零售,601933,永辉超市,4.03,+2.69%,5.227,1.52,148.3
商贸零售,003010,若羽臣,6.39,+0.38%,4.893,7.1,148.3
广告营销,300058,蓝色光标,5.88,+0.30%,72.280,12.59,147.3
广告营销,600986,浙文互联,4.64,+1.45%,15.651,10.06,147.3
广告营销,301171,易点天下,3.81,-0.83%,12.083,6.96,147.3
广告营销,002027,分众传媒,3.71,-3.86%,11.889,1.31,147.3
广告营销,002400,省广集团,1.51,-0.23%,5.372,3.63,147.3
火力发电,001896,豫能控股,9.16,+9.08%,22.099,10.4,146.7
火力发电,600396,华电辽能,11.75,+9.94%,17.107,16.5,146.7
火力发电,600726,华电能源,4.84,+2.32%,12.984,3.6,146.7
火力发电,600157,永泰能源,1.16,+0.00%,8.188,2.17,146.7
火力发电,000767,晋控电力,6.48,+4.79%,7.008,6.57,146.7
生物制品,000534,万泽股份,6.79,+0.66%,18.719,8.28,144.0
生物制品,688331,荣昌生物,7.4,+7.98%,17.506,7.54,144.0
生物制品,688180,君实生物-U,12.13,+9.16%,16.321,5.22,144.0
生物制品,688336,三生国健,7.93,+3.98%,10.207,1.96,144.0
生物制品,600867,通化东宝,3.61,-1.20%,6.054,3.13,144.0
