概念板块,代码,名称,现价,涨跌%,成交额(亿),换手%,板块总成交额(亿)
央国企改革,000988,华工科技,8.92,+7.97%,134.517,11.12,5506.4
央国企改革,002281,光迅科技,7.97,+5.48%,80.244,9.08,5506.4
央国企改革,000977,浪潮信息,6.49,+1.24%,72.277,7.2,5506.4
央国企改革,600010,包钢股份,6.36,+5.30%,66.273,7.11,5506.4
央国企改革,603019,中科曙光,6.91,+4.33%,62.232,4.79,5506.4
基金重仓,300502,新易盛,4.21,-1.87%,191.160,4.24,5488.7
基金重仓,002384,东山精密,4.23,+2.28%,159.576,7.83,5488.7
基金重仓,300476,胜宏科技,5.86,+2.89%,134.213,5.26,5488.7
基金重仓,300394,天孚通信,4.54,-2.20%,130.739,4.83,5488.7
基金重仓,300274,阳光电源,5.57,+2.64%,113.826,5.35,5488.7
华为概念,300750,宁德时代,4.17,+2.68%,176.255,0.97,5176.8
华为概念,002384,东山精密,4.23,+2.28%,159.576,7.83,5176.8
华为概念,002475,立讯精密,3.47,+0.72%,139.585,3.29,5176.8
华为概念,000988,华工科技,8.92,+7.97%,134.517,11.12,5176.8
华为概念,300394,天孚通信,4.54,-2.20%,130.739,4.83,5176.8
小盘股,600105,永鼎股份,7.64,+1.57%,82.697,14.88,4662.7
小盘股,000592,平潭发展,7.61,+2.27%,46.152,20.07,4662.7
小盘股,002428,云南锗业,5.69,-2.92%,44.794,12.42,4662.7
小盘股,688048,长光华芯,12.39,+6.90%,44.025,10.09,4662.7
小盘股,600759,洲际油气,10.02,+6.68%,39.216,17.01,4662.7
通信技术,300502,新易盛,4.21,-1.87%,191.160,4.24,4639.5
通信技术,300308,中际旭创,4.05,+0.46%,167.305,2.07,4639.5
通信技术,002384,东山精密,4.23,+2.28%,159.576,7.83,4639.5
通信技术,002475,立讯精密,3.47,+0.72%,139.585,3.29,4639.5
通信技术,000988,华工科技,8.92,+7.97%,134.517,11.12,4639.5
百元股,300502,新易盛,4.21,-1.87%,191.160,4.24,4477.0
百元股,300750,宁德时代,4.17,+2.68%,176.255,0.97,4477.0
百元股,300308,中际旭创,4.05,+0.46%,167.305,2.07,4477.0
百元股,002384,东山精密,4.23,+2.28%,159.576,7.83,4477.0
百元股,000988,华工科技,8.92,+7.97%,134.517,11.12,4477.0
中盘股,001309,德明利,8.57,+7.66%,101.201,13.43,4327.1
中盘股,688525,佰维存储,7.85,+5.94%,100.326,8.44,4327.1
中盘股,300390,天华新能,18.18,+17.42%,83.558,16.55,4327.1
中盘股,002281,光迅科技,7.97,+5.48%,80.244,9.08,4327.1
中盘股,300058,蓝色光标,5.88,+0.30%,72.280,12.59,4327.1
机构重仓,002475,立讯精密,3.47,+0.72%,139.585,3.29,4320.4
机构重仓,600010,包钢股份,6.36,+5.30%,66.273,7.11,4320.4
机构重仓,600522,中天科技,4.36,-4.30%,62.144,6.35,4320.4
机构重仓,601899,紫金矿业,1.45,-0.27%,59.217,0.86,4320.4
机构重仓,300475,香农芯创,3.31,+0.50%,55.316,8.21,4320.4
新能源车,300750,宁德时代,4.17,+2.68%,176.255,0.97,4233.8
新能源车,002384,东山精密,4.23,+2.28%,159.576,7.83,4233.8
新能源车,002475,立讯精密,3.47,+0.72%,139.585,3.29,4233.8
新能源车,000988,华工科技,8.92,+7.97%,134.517,11.12,4233.8
新能源车,300476,胜宏科技,5.86,+2.89%,134.213,5.26,4233.8
5G概念,300502,新易盛,4.21,-1.87%,191.160,4.24,4069.1
5G概念,300308,中际旭创,4.05,+0.46%,167.305,2.07,4069.1
5G概念,002384,东山精密,4.23,+2.28%,159.576,7.83,4069.1
5G概念,002475,立讯精密,3.47,+0.72%,139.585,3.29,4069.1
5G概念,000988,华工科技,8.92,+7.97%,134.517,11.12,4069.1
东方财富热股,300502,新易盛,4.21,-1.87%,191.160,4.24,4026.3
东方财富热股,300750,宁德时代,4.17,+2.68%,176.255,0.97,4026.3
东方财富热股,300308,中际旭创,4.05,+0.46%,167.305,2.07,4026.3
东方财富热股,002384,东山精密,4.23,+2.28%,159.576,7.83,4026.3
东方财富热股,002475,立讯精密,3.47,+0.72%,139.585,3.29,4026.3
半导体概念,000988,华工科技,8.92,+7.97%,134.517,11.12,3863.4
半导体概念,603986,兆易创新,3.37,-1.11%,108.962,6.18,3863.4
半导体概念,688041,海光信息,7.21,+5.79%,105.753,1.84,3863.4
半导体概念,001309,德明利,8.57,+7.66%,101.201,13.43,3863.4
半导体概念,688525,佰维存储,7.85,+5.94%,100.326,8.44,3863.4
昨日高振幅,002384,东山精密,4.23,+2.28%,159.576,7.83,3857.1
昨日高振幅,002475,立讯精密,3.47,+0.72%,139.585,3.29,3857.1
昨日高振幅,002460,赣锋锂业,3.92,+0.48%,85.464,8.34,3857.1
昨日高振幅,601869,长飞光纤,4.13,-3.95%,84.250,5.67,3857.1
昨日高振幅,300390,天华新能,18.18,+17.42%,83.558,16.55,3857.1
电池技术,300750,宁德时代,4.17,+2.68%,176.255,0.97,3836.8
电池技术,002460,赣锋锂业,3.92,+0.48%,85.464,8.34,3836.8
电池技术,300390,天华新能,18.18,+17.42%,83.558,16.55,3836.8
电池技术,002594,比亚迪,4.11,+2.54%,68.871,1.9,3836.8
电池技术,600522,中天科技,4.36,-4.30%,62.144,6.35,3836.8
国产芯片,603986,兆易创新,3.37,-1.11%,108.962,6.18,3800.4
国产芯片,688041,海光信息,7.21,+5.79%,105.753,1.84,3800.4
国产芯片,001309,德明利,8.57,+7.66%,101.201,13.43,3800.4
国产芯片,688525,佰维存储,7.85,+5.94%,100.326,8.44,3800.4
国产芯片,688256,寒武纪,4.19,+0.74%,96.846,1.88,3800.4
专精特新,300394,天孚通信,4.54,-2.20%,130.739,4.83,3602.1
专精特新,688041,海光信息,7.21,+5.79%,105.753,1.84,3602.1
专精特新,001309,德明利,8.57,+7.66%,101.201,13.43,3602.1
专精特新,688525,佰维存储,7.85,+5.94%,100.326,8.44,3602.1
专精特新,600105,永鼎股份,7.64,+1.57%,82.697,14.88,3602.1
大盘成长,300502,新易盛,4.21,-1.87%,191.160,4.24,3423.9
大盘成长,300750,宁德时代,4.17,+2.68%,176.255,0.97,3423.9
大盘成长,300308,中际旭创,4.05,+0.46%,167.305,2.07,3423.9
大盘成长,002384,东山精密,4.23,+2.28%,159.576,7.83,3423.9
大盘成长,002475,立讯精密,3.47,+0.72%,139.585,3.29,3423.9
人工智能,603986,兆易创新,3.37,-1.11%,108.962,6.18,3274.8
人工智能,688041,海光信息,7.21,+5.79%,105.753,1.84,3274.8
人工智能,688256,寒武纪,4.19,+0.74%,96.846,1.88,3274.8
人工智能,688008,澜起科技,8.9,+6.11%,80.139,4.67,3274.8
人工智能,601138,工业富联,2.03,-1.45%,75.850,0.68,3274.8
锂电池概念,300750,宁德时代,4.17,+2.68%,176.255,0.97,3146.3
锂电池概念,002460,赣锋锂业,3.92,+0.48%,85.464,8.34,3146.3
锂电池概念,300390,天华新能,18.18,+17.42%,83.558,16.55,3146.3
锂电池概念,002594,比亚迪,4.11,+2.54%,68.871,1.9,3146.3
锂电池概念,600522,中天科技,4.36,-4.30%,62.144,6.35,3146.3
储能概念,300750,宁德时代,4.17,+2.68%,176.255,0.97,3041.1
储能概念,300274,阳光电源,5.57,+2.64%,113.826,5.35,3041.1
储能概念,002460,赣锋锂业,3.92,+0.48%,85.464,8.34,3041.1
储能概念,300390,天华新能,18.18,+17.42%,83.558,16.55,3041.1
储能概念,002594,比亚迪,4.11,+2.54%,68.871,1.9,3041.1
2025中报预增,300502,新易盛,4.21,-1.87%,191.160,4.24,3029.2
2025中报预增,300308,中际旭创,4.05,+0.46%,167.305,2.07,3029.2
2025中报预增,000988,华工科技,8.92,+7.97%,134.517,11.12,3029.2
2025中报预增,600105,永鼎股份,7.64,+1.57%,82.697,14.88,3029.2
2025中报预增,002281,光迅科技,7.97,+5.48%,80.244,9.08,3029.2
机器人概念,002475,立讯精密,3.47,+0.72%,139.585,3.29,3000.7
机器人概念,000988,华工科技,8.92,+7.97%,134.517,11.12,3000.7
机器人概念,300476,胜宏科技,5.86,+2.89%,134.213,5.26,3000.7
机器人概念,600487,亨通光电,5.09,-4.45%,109.912,8.32,3000.7
机器人概念,688525,佰维存储,7.85,+5.94%,100.326,8.44,3000.7
中盘成长,001309,德明利,8.57,+7.66%,101.201,13.43,2742.0
中盘成长,688525,佰维存储,7.85,+5.94%,100.326,8.44,2742.0
中盘成长,002281,光迅科技,7.97,+5.48%,80.244,9.08,2742.0
中盘成长,688313,仕佳光子,14.14,+10.19%,66.509,12.83,2742.0
中盘成长,300548,长芯博创,5.55,+0.54%,59.910,10.05,2742.0
深证100R,300502,新易盛,4.21,-1.87%,191.160,4.24,2664.9
深证100R,300750,宁德时代,4.17,+2.68%,176.255,0.97,2664.9
深证100R,300308,中际旭创,4.05,+0.46%,167.305,2.07,2664.9
深证100R,002384,东山精密,4.23,+2.28%,159.576,7.83,2664.9
深证100R,002475,立讯精密,3.47,+0.72%,139.585,3.29,2664.9
西部大开发,300502,新易盛,4.21,-1.87%,191.160,4.24,2587.9
西部大开发,600010,包钢股份,6.36,+5.30%,66.273,7.11,2587.9
西部大开发,600111,北方稀土,2.82,+1.14%,55.066,2.9,2587.9
西部大开发,002558,巨人网络,12.7,-8.80%,48.321,7.92,2587.9
西部大开发,002466,天齐锂业,5.1,+4.12%,47.182,5.21,2587.9
周期股,300750,宁德时代,4.17,+2.68%,176.255,0.97,2478.8
周期股,002384,东山精密,4.23,+2.28%,159.576,7.83,2478.8
周期股,002475,立讯精密,3.47,+0.72%,139.585,3.29,2478.8
周期股,300476,胜宏科技,5.86,+2.89%,134.213,5.26,2478.8
周期股,300274,阳光电源,5.57,+2.64%,113.826,5.35,2478.8
光伏概念,300274,阳光电源,5.57,+2.64%,113.826,5.35,2439.4
光伏概念,002594,比亚迪,4.11,+2.54%,68.871,1.9,2439.4
光伏概念,605117,德业股份,11.71,+5.26%,62.320,4.63,2439.4
光伏概念,600522,中天科技,4.36,-4.30%,62.144,6.35,2439.4
光伏概念,300395,菲利华,9.14,+7.67%,46.816,8.49,2439.4
一带一路,600487,亨通光电,5.09,-4.45%,109.912,8.32,2393.8
一带一路,600105,永鼎股份,7.64,+1.57%,82.697,14.88,2393.8
一带一路,002281,光迅科技,7.97,+5.48%,80.244,9.08,2393.8
一带一路,600010,包钢股份,6.36,+5.30%,66.273,7.11,2393.8
一带一路,603019,中科曙光,6.91,+4.33%,62.232,4.79,2393.8
光通信模块,300502,新易盛,4.21,-1.87%,191.160,4.24,2363.8
光通信模块,300308,中际旭创,4.05,+0.46%,167.305,2.07,2363.8
光通信模块,002384,东山精密,4.23,+2.28%,159.576,7.83,2363.8
光通信模块,002475,立讯精密,3.47,+0.72%,139.585,3.29,2363.8
光通信模块,000988,华工科技,8.92,+7.97%,134.517,11.12,2363.8
创业成份,300502,新易盛,4.21,-1.87%,191.160,4.24,2308.8
创业成份,300750,宁德时代,4.17,+2.68%,176.255,0.97,2308.8
创业成份,300308,中际旭创,4.05,+0.46%,167.305,2.07,2308.8
创业成份,300476,胜宏科技,5.86,+2.89%,134.213,5.26,2308.8
创业成份,300394,天孚通信,4.54,-2.20%,130.739,4.83,2308.8
算力概念,300502,新易盛,4.21,-1.87%,191.160,4.24,2302.4
算力概念,300308,中际旭创,4.05,+0.46%,167.305,2.07,2302.4
算力概念,300394,天孚通信,4.54,-2.20%,130.739,4.83,2302.4
算力概念,688041,海光信息,7.21,+5.79%,105.753,1.84,2302.4
算力概念,688256,寒武纪,4.19,+0.74%,96.846,1.88,2302.4
小盘成长,600105,永鼎股份,7.64,+1.57%,82.697,14.88,2228.5
小盘成长,000592,平潭发展,7.61,+2.27%,46.152,20.07,2228.5
小盘成长,002428,云南锗业,5.69,-2.92%,44.794,12.42,2228.5
小盘成长,600759,洲际油气,10.02,+6.68%,39.216,17.01,2228.5
小盘成长,002432,九安医疗,6.33,-7.35%,33.975,8.85,2228.5
物联网,000988,华工科技,8.92,+7.97%,134.517,11.12,2210.4
物联网,300476,胜宏科技,5.86,+2.89%,134.213,5.26,2210.4
物联网,600487,亨通光电,5.09,-4.45%,109.912,8.32,2210.4
物联网,603986,兆易创新,3.37,-1.11%,108.962,6.18,2210.4
物联网,601138,工业富联,2.03,-1.45%,75.850,0.68,2210.4
AH股,300750,宁德时代,4.17,+2.68%,176.255,0.97,2185.2
AH股,603986,兆易创新,3.37,-1.11%,108.962,6.18,2185.2
AH股,002460,赣锋锂业,3.92,+0.48%,85.464,8.34,2185.2
AH股,601869,长飞光纤,4.13,-3.95%,84.250,5.67,2185.2
AH股,688008,澜起科技,8.9,+6.11%,80.139,4.67,2185.2
云计算,300308,中际旭创,4.05,+0.46%,167.305,2.07,2157.4
云计算,300274,阳光电源,5.57,+2.64%,113.826,5.35,2157.4
云计算,688256,寒武纪,4.19,+0.74%,96.846,1.88,2157.4
云计算,688008,澜起科技,8.9,+6.11%,80.139,4.67,2157.4
云计算,601138,工业富联,2.03,-1.45%,75.850,0.68,2157.4
数据中心,688525,佰维存储,7.85,+5.94%,100.326,8.44,2147.8
数据中心,688256,寒武纪,4.19,+0.74%,96.846,1.88,2147.8
数据中心,600105,永鼎股份,7.64,+1.57%,82.697,14.88,2147.8
数据中心,000977,浪潮信息,6.49,+1.24%,72.277,7.2,2147.8
数据中心,688313,仕佳光子,14.14,+10.19%,66.509,12.83,2147.8
新材料,000988,华工科技,8.92,+7.97%,134.517,11.12,2126.9
新材料,002460,赣锋锂业,3.92,+0.48%,85.464,8.34,2126.9
新材料,600522,中天科技,4.36,-4.30%,62.144,6.35,2126.9
新材料,600111,北方稀土,2.82,+1.14%,55.066,2.9,2126.9
新材料,002709,天赐材料,3.34,-0.02%,52.597,7.47,2126.9
行业龙头,300750,宁德时代,4.17,+2.68%,176.255,0.97,2080.3
行业龙头,300308,中际旭创,4.05,+0.46%,167.305,2.07,2080.3
行业龙头,300476,胜宏科技,5.86,+2.89%,134.213,5.26,2080.3
行业龙头,300274,阳光电源,5.57,+2.64%,113.826,5.35,2080.3
行业龙头,002460,赣锋锂业,3.92,+0.48%,85.464,8.34,2080.3
长江三角,002384,东山精密,4.23,+2.28%,159.576,7.83,2013.0
长江三角,600487,亨通光电,5.09,-4.45%,109.912,8.32,2013.0
长江三角,600105,永鼎股份,7.64,+1.57%,82.697,14.88,2013.0
长江三角,300059,东方财富,3.8,+1.27%,69.050,2.59,2013.0
长江三角,600522,中天科技,4.36,-4.30%,62.144,6.35,2013.0
CPO概念,300502,新易盛,4.21,-1.87%,191.160,4.24,1968.6
CPO概念,300308,中际旭创,4.05,+0.46%,167.305,2.07,1968.6
CPO概念,002475,立讯精密,3.47,+0.72%,139.585,3.29,1968.6
CPO概念,000988,华工科技,8.92,+7.97%,134.517,11.12,1968.6
CPO概念,300394,天孚通信,4.54,-2.20%,130.739,4.83,1968.6
固态电池,300750,宁德时代,4.17,+2.68%,176.255,0.97,1955.4
固态电池,002460,赣锋锂业,3.92,+0.48%,85.464,8.34,1955.4
固态电池,300390,天华新能,18.18,+17.42%,83.558,16.55,1955.4
固态电池,600522,中天科技,4.36,-4.30%,62.144,6.35,1955.4
固态电池,300014,亿纬锂能,4.5,+1.36%,60.176,4.14,1955.4
深圳特区,002475,立讯精密,3.47,+0.72%,139.585,3.29,1943.3
深圳特区,601138,工业富联,2.03,-1.45%,75.850,0.68,1943.3
深圳特区,002594,比亚迪,4.11,+2.54%,68.871,1.9,1943.3
深圳特区,002837,英维克,4.29,+3.85%,62.269,7.18,1943.3
深圳特区,300207,欣旺达,4.54,+1.08%,58.568,11.82,1943.3
权重股,300502,新易盛,4.21,-1.87%,191.160,4.24,1914.3
权重股,300750,宁德时代,4.17,+2.68%,176.255,0.97,1914.3
权重股,300308,中际旭创,4.05,+0.46%,167.305,2.07,1914.3
权重股,002475,立讯精密,3.47,+0.72%,139.585,3.29,1914.3
权重股,300274,阳光电源,5.57,+2.64%,113.826,5.35,1914.3
大数据,600487,亨通光电,5.09,-4.45%,109.912,8.32,1910.4
大数据,600105,永鼎股份,7.64,+1.57%,82.697,14.88,1910.4
大数据,601138,工业富联,2.03,-1.45%,75.850,0.68,1910.4
大数据,300058,蓝色光标,5.88,+0.30%,72.280,12.59,1910.4
大数据,000977,浪潮信息,6.49,+1.24%,72.277,7.2,1910.4
特斯拉概念,300750,宁德时代,4.17,+2.68%,176.255,0.97,1845.3
特斯拉概念,002384,东山精密,4.23,+2.28%,159.576,7.83,1845.3
特斯拉概念,000988,华工科技,8.92,+7.97%,134.517,11.12,1845.3
特斯拉概念,300476,胜宏科技,5.86,+2.89%,134.213,5.26,1845.3
特斯拉概念,002460,赣锋锂业,3.92,+0.48%,85.464,8.34,1845.3
证金持股,002475,立讯精密,3.47,+0.72%,139.585,3.29,1775.5
证金持股,300059,东方财富,3.8,+1.27%,69.050,2.59,1775.5
证金持股,600010,包钢股份,6.36,+5.30%,66.273,7.11,1775.5
证金持股,600522,中天科技,4.36,-4.30%,62.144,6.35,1775.5
证金持股,601899,紫金矿业,1.45,-0.27%,59.217,0.86,1775.5
商业航天,002361,神剑股份,7.28,+1.27%,48.141,35.44,1773.5
商业航天,002428,云南锗业,5.69,-2.92%,44.794,12.42,1773.5
商业航天,688048,长光华芯,12.39,+6.90%,44.025,10.09,1773.5
商业航天,002342,巨力索具,7.1,+5.42%,43.377,28.03,1773.5
商业航天,002738,中矿资源,6.21,+6.64%,40.937,7.08,1773.5
液冷概念,002475,立讯精密,3.47,+0.72%,139.585,3.29,1758.6
液冷概念,600487,亨通光电,5.09,-4.45%,109.912,8.32,1758.6
液冷概念,002281,光迅科技,7.97,+5.48%,80.244,9.08,1758.6
液冷概念,601138,工业富联,2.03,-1.45%,75.850,0.68,1758.6
液冷概念,000977,浪潮信息,6.49,+1.24%,72.277,7.2,1758.6
军工,002436,兴森科技,11.68,+9.98%,49.473,13.52,1736.1
军工,002361,神剑股份,7.28,+1.27%,48.141,35.44,1736.1
军工,603629,利通电子,12.71,+0.00%,39.389,20.51,1736.1
军工,000070,特发信息,14.42,+6.78%,38.035,20.98,1736.1
军工,600482,中国动力,7.42,+1.88%,36.093,3.96,1736.1
最近多板,002384,东山精密,4.23,+2.28%,159.576,7.83,1694.2
最近多板,001309,德明利,8.57,+7.66%,101.201,13.43,1694.2
最近多板,601869,长飞光纤,4.13,-3.95%,84.250,5.67,1694.2
最近多板,600105,永鼎股份,7.64,+1.57%,82.697,14.88,1694.2
最近多板,002281,光迅科技,7.97,+5.48%,80.244,9.08,1694.2
风能,300274,阳光电源,5.57,+2.64%,113.826,5.35,1652.2
风能,600487,亨通光电,5.09,-4.45%,109.912,8.32,1652.2
风能,600105,永鼎股份,7.64,+1.57%,82.697,14.88,1652.2
风能,600522,中天科技,4.36,-4.30%,62.144,6.35,1652.2
风能,002074,国轩高科,2.58,+1.78%,53.588,7.89,1652.2
近期新高,300502,新易盛,4.21,-1.87%,191.160,4.24,1636.1
近期新高,300308,中际旭创,4.05,+0.46%,167.305,2.07,1636.1
近期新高,002384,东山精密,4.23,+2.28%,159.576,7.83,1636.1
近期新高,001309,德明利,8.57,+7.66%,101.201,13.43,1636.1
近期新高,002460,赣锋锂业,3.92,+0.48%,85.464,8.34,1636.1
创投,002384,东山精密,4.23,+2.28%,159.576,7.83,1603.4
创投,000988,华工科技,8.92,+7.97%,134.517,11.12,1603.4
创投,603019,中科曙光,6.91,+4.33%,62.232,4.79,1603.4
创投,600522,中天科技,4.36,-4.30%,62.144,6.35,1603.4
创投,000938,紫光股份,6.72,+4.25%,60.714,7.6,1603.4
百日新高,300502,新易盛,4.21,-1.87%,191.160,4.24,1583.3
百日新高,300308,中际旭创,4.05,+0.46%,167.305,2.07,1583.3
百日新高,002384,东山精密,4.23,+2.28%,159.576,7.83,1583.3
百日新高,001309,德明利,8.57,+7.66%,101.201,13.43,1583.3
百日新高,002460,赣锋锂业,3.92,+0.48%,85.464,8.34,1583.3
消费电子概念,002475,立讯精密,3.47,+0.72%,139.585,3.29,1581.3
消费电子概念,603986,兆易创新,3.37,-1.11%,108.962,6.18,1581.3
消费电子概念,688525,佰维存储,7.85,+5.94%,100.326,8.44,1581.3
消费电子概念,002460,赣锋锂业,3.92,+0.48%,85.464,8.34,1581.3
消费电子概念,300014,亿纬锂能,4.5,+1.36%,60.176,4.14,1581.3
无人驾驶,300308,中际旭创,4.05,+0.46%,167.305,2.07,1536.8
无人驾驶,002594,比亚迪,4.11,+2.54%,68.871,1.9,1536.8
无人驾驶,002463,沪电股份,4.77,+0.40%,67.081,3.93,1536.8
无人驾驶,688521,芯原股份,7.66,-3.56%,56.181,4.37,1536.8
无人驾驶,688048,长光华芯,12.39,+6.90%,44.025,10.09,1536.8
光纤概念,300394,天孚通信,4.54,-2.20%,130.739,4.83,1525.7
光纤概念,600487,亨通光电,5.09,-4.45%,109.912,8.32,1525.7
光纤概念,601869,长飞光纤,4.13,-3.95%,84.250,5.67,1525.7
光纤概念,600105,永鼎股份,7.64,+1.57%,82.697,14.88,1525.7
光纤概念,002281,光迅科技,7.97,+5.48%,80.244,9.08,1525.7
充电桩,000988,华工科技,8.92,+7.97%,134.517,11.12,1485.4
充电桩,300274,阳光电源,5.57,+2.64%,113.826,5.35,1485.4
充电桩,002594,比亚迪,4.11,+2.54%,68.871,1.9,1485.4
充电桩,002837,英维克,4.29,+3.85%,62.269,7.18,1485.4
充电桩,600522,中天科技,4.36,-4.30%,62.144,6.35,1485.4
PCB,002384,东山精密,4.23,+2.28%,159.576,7.83,1426.6
PCB,300476,胜宏科技,5.86,+2.89%,134.213,5.26,1426.6
PCB,002463,沪电股份,4.77,+0.40%,67.081,3.93,1426.6
PCB,002436,兴森科技,11.68,+9.98%,49.473,13.52,1426.6
PCB,301526,国际复材,19.41,+16.04%,45.775,22.92,1426.6
存储芯片,603986,兆易创新,3.37,-1.11%,108.962,6.18,1418.9
存储芯片,001309,德明利,8.57,+7.66%,101.201,13.43,1418.9
存储芯片,688525,佰维存储,7.85,+5.94%,100.326,8.44,1418.9
存储芯片,688008,澜起科技,8.9,+6.11%,80.139,4.67,1418.9
存储芯片,301308,江波龙,5.39,+3.87%,65.379,6.82,1418.9
小米概念,002384,东山精密,4.23,+2.28%,159.576,7.83,1407.4
小米概念,300476,胜宏科技,5.86,+2.89%,134.213,5.26,1407.4
小米概念,300207,欣旺达,4.54,+1.08%,58.568,11.82,1407.4
小米概念,300857,协创数据,7.76,-0.12%,45.789,6.28,1407.4
小米概念,002131,利欧股份,3.88,+0.75%,42.126,8.96,1407.4
昨日高换手,600105,永鼎股份,7.64,+1.57%,82.697,14.88,1378.1
昨日高换手,002361,神剑股份,7.28,+1.27%,48.141,35.44,1378.1
昨日高换手,000592,平潭发展,7.61,+2.27%,46.152,20.07,1378.1
昨日高换手,002428,云南锗业,5.69,-2.92%,44.794,12.42,1378.1
昨日高换手,002342,巨力索具,7.1,+5.42%,43.377,28.03,1378.1
破增发价股,002491,通鼎互联,11.45,+1.58%,38.554,22.37,1367.7
破增发价股,600703,三安光电,6.2,+4.27%,37.164,6.02,1367.7
破增发价股,600760,中航沈飞,6.77,+6.08%,22.608,1.58,1367.7
破增发价股,300751,迈为股份,4.36,-2.95%,22.552,5.4,1367.7
破增发价股,300763,锦浪科技,4.62,+1.40%,20.104,6.56,1367.7
氢能源,300274,阳光电源,5.57,+2.64%,113.826,5.35,1357.7
氢能源,002709,天赐材料,3.34,-0.02%,52.597,7.47,1357.7
氢能源,600989,宝丰能源,5.42,+0.94%,39.524,1.79,1357.7
氢能源,601012,隆基绿能,6.25,+3.27%,37.907,2.86,1357.7
氢能源,600482,中国动力,7.42,+1.88%,36.093,3.96,1357.7
苹果概念,002384,东山精密,4.23,+2.28%,159.576,7.83,1355.9
苹果概念,002475,立讯精密,3.47,+0.72%,139.585,3.29,1355.9
苹果概念,000988,华工科技,8.92,+7.97%,134.517,11.12,1355.9
苹果概念,601138,工业富联,2.03,-1.45%,75.850,0.68,1355.9
苹果概念,300207,欣旺达,4.54,+1.08%,58.568,11.82,1355.9
信创,688041,海光信息,7.21,+5.79%,105.753,1.84,1330.1
信创,001309,德明利,8.57,+7.66%,101.201,13.43,1330.1
信创,688525,佰维存储,7.85,+5.94%,100.326,8.44,1330.1
信创,000977,浪潮信息,6.49,+1.24%,72.277,7.2,1330.1
信创,301308,江波龙,5.39,+3.87%,65.379,6.82,1330.1
转债标的,002475,立讯精密,3.47,+0.72%,139.585,3.29,1326.0
转债标的,300014,亿纬锂能,4.5,+1.36%,60.176,4.14,1326.0
转债标的,601012,隆基绿能,6.25,+3.27%,37.907,2.86,1326.0
转债标的,603538,美诺华,6.92,-3.07%,33.451,32.13,1326.0
转债标的,600438,通威股份,10.68,+7.86%,25.396,3.27,1326.0
新能源,002594,比亚迪,4.11,+2.54%,68.871,1.9,1310.1
新能源,600522,中天科技,4.36,-4.30%,62.144,6.35,1310.1
新能源,002074,国轩高科,2.58,+1.78%,53.588,7.89,1310.1
新能源,002342,巨力索具,7.1,+5.42%,43.377,28.03,1310.1
新能源,600089,特变电工,2.07,-0.63%,34.883,2.59,1310.1
节能环保,300308,中际旭创,4.05,+0.46%,167.305,2.07,1300.1
节能环保,603778,国晟科技,8.64,+5.95%,41.564,19.56,1300.1
节能环保,002080,中材科技,11.28,+10.00%,31.128,3.81,1300.1
节能环保,300342,天银机电,5.4,-2.74%,27.915,12.27,1300.1
节能环保,000338,潍柴动力,4.67,-0.44%,26.502,1.99,1300.1
虚拟现实,002475,立讯精密,3.47,+0.72%,139.585,3.29,1257.1
虚拟现实,300207,欣旺达,4.54,+1.08%,58.568,11.82,1257.1
虚拟现实,688521,芯原股份,7.66,-3.56%,56.181,4.37,1257.1
虚拟现实,002558,巨人网络,12.7,-8.80%,48.321,7.92,1257.1
虚拟现实,300166,东方国信,13.47,+6.99%,36.815,24.04,1257.1
QFII重仓,600522,中天科技,4.36,-4.30%,62.144,6.35,1252.7
QFII重仓,300570,太辰光,10.84,+7.43%,52.530,20.49,1252.7
QFII重仓,002342,巨力索具,7.1,+5.42%,43.377,28.03,1252.7
QFII重仓,600183,生益科技,6.89,+3.69%,42.026,2.79,1252.7
QFII重仓,603538,美诺华,6.92,-3.07%,33.451,32.13,1252.7
区块链,601138,工业富联,2.03,-1.45%,75.850,0.68,1247.6
区块链,300058,蓝色光标,5.88,+0.30%,72.280,12.59,1247.6
区块链,300059,东方财富,3.8,+1.27%,69.050,2.59,1247.6
区块链,603019,中科曙光,6.91,+4.33%,62.232,4.79,1247.6
区块链,000938,紫光股份,6.72,+4.25%,60.714,7.6,1247.6
小金属概念,002460,赣锋锂业,3.92,+0.48%,85.464,8.34,1231.9
小金属概念,600010,包钢股份,6.36,+5.30%,66.273,7.11,1231.9
小金属概念,601899,紫金矿业,1.45,-0.27%,59.217,0.86,1231.9
小金属概念,600111,北方稀土,2.82,+1.14%,55.066,2.9,1231.9
小金属概念,603799,华友钴业,3.53,+1.63%,47.754,4.08,1231.9
阿里概念,300274,阳光电源,5.57,+2.64%,113.826,5.35,1226.3
阿里概念,688041,海光信息,7.21,+5.79%,105.753,1.84,1226.3
阿里概念,688525,佰维存储,7.85,+5.94%,100.326,8.44,1226.3
阿里概念,688256,寒武纪,4.19,+0.74%,96.846,1.88,1226.3
阿里概念,002837,英维克,4.29,+3.85%,62.269,7.18,1226.3
电网概念,600487,亨通光电,5.09,-4.45%,109.912,8.32,1217.9
电网概念,600522,中天科技,4.36,-4.30%,62.144,6.35,1217.9
电网概念,002074,国轩高科,2.58,+1.78%,53.588,7.89,1217.9
电网概念,000070,特发信息,14.42,+6.78%,38.035,20.98,1217.9
电网概念,300166,东方国信,13.47,+6.99%,36.815,24.04,1217.9
OLED,002384,东山精密,4.23,+2.28%,159.576,7.83,1202.7
OLED,300476,胜宏科技,5.86,+2.89%,134.213,5.26,1202.7
OLED,600522,中天科技,4.36,-4.30%,62.144,6.35,1202.7
OLED,300395,菲利华,9.14,+7.67%,46.816,8.49,1202.7
OLED,603629,利通电子,12.71,+0.00%,39.389,20.51,1202.7
DeepSeek概念,000988,华工科技,8.92,+7.97%,134.517,11.12,1168.3
DeepSeek概念,688041,海光信息,7.21,+5.79%,105.753,1.84,1168.3
DeepSeek概念,603019,中科曙光,6.91,+4.33%,62.232,4.79,1168.3
DeepSeek概念,000938,紫光股份,6.72,+4.25%,60.714,7.6,1168.3
DeepSeek概念,600176,中国巨石,10.69,+10.00%,37.685,3.02,1168.3
低空经济,300014,亿纬锂能,4.5,+1.36%,60.176,4.14,1162.4
低空经济,002074,国轩高科,2.58,+1.78%,53.588,7.89,1162.4
低空经济,002436,兴森科技,11.68,+9.98%,49.473,13.52,1162.4
低空经济,002361,神剑股份,7.28,+1.27%,48.141,35.44,1162.4
低空经济,000063,中兴通讯,2.51,-0.20%,32.855,2.28,1162.4
茅指数,300750,宁德时代,4.17,+2.68%,176.255,0.97,1122.0
茅指数,002475,立讯精密,3.47,+0.72%,139.585,3.29,1122.0
茅指数,300274,阳光电源,5.57,+2.64%,113.826,5.35,1122.0
茅指数,300059,东方财富,3.8,+1.27%,69.050,2.59,1122.0
茅指数,002594,比亚迪,4.11,+2.54%,68.871,1.9,1122.0
AI眼镜,002475,立讯精密,3.47,+0.72%,139.585,3.29,1110.6
AI眼镜,603986,兆易创新,3.37,-1.11%,108.962,6.18,1110.6
AI眼镜,688525,佰维存储,7.85,+5.94%,100.326,8.44,1110.6
AI眼镜,301308,江波龙,5.39,+3.87%,65.379,6.82,1110.6
AI眼镜,688521,芯原股份,7.66,-3.56%,56.181,4.37,1110.6
人形机器人,300476,胜宏科技,5.86,+2.89%,134.213,5.26,1104.3
人形机器人,002460,赣锋锂业,3.92,+0.48%,85.464,8.34,1104.3
人形机器人,002273,水晶光电,5.92,+1.31%,26.739,6.41,1104.3
人形机器人,300433,蓝思科技,2.26,-1.39%,22.692,1.54,1104.3
人形机器人,600673,东阳光,5.12,+2.10%,19.264,1.99,1104.3
智能穿戴,002475,立讯精密,3.47,+0.72%,139.585,3.29,1051.1
智能穿戴,603986,兆易创新,3.37,-1.11%,108.962,6.18,1051.1
智能穿戴,688525,佰维存储,7.85,+5.94%,100.326,8.44,1051.1
智能穿戴,002432,九安医疗,6.33,-7.35%,33.975,8.85,1051.1
智能穿戴,000063,中兴通讯,2.51,-0.20%,32.855,2.28,1051.1
锂矿概念,300750,宁德时代,4.17,+2.68%,176.255,0.97,1037.3
锂矿概念,002460,赣锋锂业,3.92,+0.48%,85.464,8.34,1037.3
锂矿概念,300390,天华新能,18.18,+17.42%,83.558,16.55,1037.3
锂矿概念,300014,亿纬锂能,4.5,+1.36%,60.176,4.14,1037.3
锂矿概念,601899,紫金矿业,1.45,-0.27%,59.217,0.86,1037.3
互联网金融,300059,东方财富,3.8,+1.27%,69.050,2.59,1036.2
互联网金融,600030,中信证券,3.05,+0.73%,55.912,1.77,1036.2
互联网金融,002436,兴森科技,11.68,+9.98%,49.473,13.52,1036.2
互联网金融,002558,巨人网络,12.7,-8.80%,48.321,7.92,1036.2
互联网金融,300033,同花顺,6.86,+2.78%,42.152,4.1,1036.2
股权激励,688525,佰维存储,7.85,+5.94%,100.326,8.44,1031.6
股权激励,300017,网宿科技,6.7,+2.19%,44.381,10.6,1031.6
股权激励,600276,恒瑞医药,2.86,-3.26%,44.316,1.25,1031.6
股权激励,603083,剑桥科技,7.25,+2.01%,43.345,13.61,1031.6
股权激励,300620,光库科技,3.09,-2.63%,39.796,7.13,1031.6
反内卷概念,002460,赣锋锂业,3.92,+0.48%,85.464,8.34,1026.4
反内卷概念,300390,天华新能,18.18,+17.42%,83.558,16.55,1026.4
反内卷概念,600010,包钢股份,6.36,+5.30%,66.273,7.11,1026.4
反内卷概念,002466,天齐锂业,5.1,+4.12%,47.182,5.21,1026.4
反内卷概念,002738,中矿资源,6.21,+6.64%,40.937,7.08,1026.4
