代码,ROE,净利增长,毛利率,EPS
603325,1.23,-75.2669,,0.4226
600623,0.68,162.667,,0.1115
600410,-4.07,-364.7229,,
002565,1.02,321.9188,,0.0253
000021,1.11,41.2671,,0.1112
300991,0.32,,,0.0117
605296,-0.08,,,
002427,-2.84,,,
300319,1.46,23.4607,,0.0732
000917,0.27,22.6375,,0.0398
002995,-0.98,,,
688061,-0.17,,,
300102,-0.14,,,
002686,0.68,86.701,,0.021
688583,4.32,,,0.4363
002309,0.0,,,
603319,2.55,22.4633,,0.2163
688292,0.27,,,0.0175
002310,0.0,,,
002772,1.0,-82.7159,,0.0875
601020,1.31,319.4533,,0.0616
300468,1.01,12.3133,,0.031
300099,0.45,-59.9857,,0.0093
300113,2.55,28.3567,,0.0901
300249,1.26,,,0.0119
000920,1.86,23.5498,,0.0755
688295,0.86,-68.1243,,0.0464
688375,1.97,4.2207,,0.3019
605377,3.53,37.042,,0.4419
001239,1.28,-11.5056,,0.0662
300383,1.3,-1.9614,,0.0917
300981,0.02,,,0.0035
688416,-2.21,,,
688513,2.86,22.9958,,0.6246
300443,0.48,-70.8536,,0.0897
002177,0.33,-48.7577,,0.0075
000672,0.16,-113.0018,,0.02
001282,1.98,53.0333,,0.2579
002268,-3.62,,,
688480,7.88,456.4074,,0.8515
300773,5.27,-19.0576,,0.2606
000066,-2.03,,,
002157,-0.45,,,
002788,2.78,6.2645,,0.215
600231,-4.49,-794.9181,,
000617,1.7,-3.7354,,0.2897
001278,1.44,-0.5078,,0.1448
002518,3.07,-44.8192,,0.2289
002380,2.13,328.5218,,0.1752
001319,1.63,13.2323,,0.1469
002785,0.45,,,0.0117
002879,0.96,220.9036,,0.0842
688766,2.51,,,0.6611
600249,-0.06,-125.1521,,
001337,5.34,24.1226,,0.1828
002866,0.64,-75.0719,,0.021
002951,-0.3,,,
002046,2.55,15.432,,0.1674
002983,2.67,-9.0974,,0.1893
003008,1.21,-18.3438,,0.1639
002986,1.9,-29.4522,,0.1882
300540,0.39,-75.6558,,0.0239
300564,-4.1,,,
300017,1.41,52.697,,0.0581
300818,2.9,,,0.3705
300300,-17.75,,,
300491,0.68,-51.2081,,0.0442
300927,1.78,-45.4643,,0.0862
600996,-5.02,-10537.8749,,
300471,-1.74,,,
600888,3.3,-21.3775,,0.2451
300588,-4.07,,,
300219,0.93,-46.6986,,0.0344
300775,3.66,-4.0376,,0.3806
600109,1.12,-37.6386,,0.1009
300254,2.96,736.7978,,0.1032
300228,1.02,410.6609,,0.0447
600118,-0.34,-134.8434,,
600361,2.71,6.3109,,0.0652
603663,1.51,-40.8201,,0.0531
300053,0.35,-73.7233,,0.0102
601600,3.55,39.5478,,0.2359
603387,3.25,-29.6968,,0.1724
603949,1.81,2.0761,,0.0896
601702,5.31,49.5153,,0.2539
300816,1.7,89.9694,,0.1955
603122,0.61,-22.9989,,0.0176
688028,1.22,134.5644,,0.1535
688059,1.34,-28.6935,,0.2779
688118,-4.79,,,
688155,3.94,105.3316,,1.1004
688356,1.12,-69.3044,,0.2384
000157,1.6,18.833,,0.1176
000815,0.37,,,0.0107
688328,-2.69,,,
000725,0.75,,,0.0128
688216,-2.91,,,
000727,0.18,,,0.0107
688233,0.08,,,0.0127
688311,-1.29,,,
000636,0.61,19.395,,0.0631
000788,3.0,163.7898,,0.0739
688380,0.96,-32.8847,,0.072
000950,0.91,-41.8534,,0.078
688636,-1.03,,,
002009,0.11,,,0.0051
001234,3.18,112.3004,,0.2761
000880,1.21,12.0863,,0.0721
002079,0.25,-71.09,,0.0087
002038,1.19,-65.4523,,0.0678
000905,1.56,-4.315,,0.1239
002226,1.62,40.0217,,0.0728
002261,0.24,-92.3312,,0.0028
002050,3.55,6.1781,,0.1731
002324,1.8,-32.406,,0.0669
002115,0.66,-25.0856,,0.0274
002387,-8.59,,,
002421,0.11,-77.6952,,0.002
002539,2.51,-39.4674,,0.1777
002449,0.73,29.0212,,0.0452
003041,1.94,105.5608,,0.1829
003026,0.18,,,0.0536
002675,1.28,4.7937,,0.08
002926,0.55,-68.6784,,0.048
300166,0.07,-92.3304,,0.0031
002851,3.03,-12.5871,,0.2812
300088,0.6,-43.8678,,0.0249
300162,0.2,,,0.0087
300150,-0.88,-2984.3525,,
300063,0.84,-26.1337,,0.0219
300467,1.77,-53.1063,,0.0675
300019,1.61,-27.0355,,0.1026
300337,1.74,133.6235,,0.0351
300170,1.03,56.0696,,0.0504
300161,-4.32,,,
300537,1.89,15.8243,,0.0751
300433,0.66,375.2538,,0.0634
300516,0.32,-9.257,,0.0238
300541,-0.19,-139.7281,,
300550,-0.05,-132.7756,,
300566,2.62,72.5155,,0.1843
300557,0.69,27.7045,,0.101
300629,2.5,18.9656,,0.1708
300669,0.74,-13.7019,,0.0345
300623,2.39,289.1138,,0.1281
300651,0.35,102.4579,,0.0225
300721,0.4,,,0.0053
300785,-1.24,-3797.8863,,
300762,-0.4,,,
300788,1.77,-7.7812,,0.201
300802,1.92,36.3957,,0.1086
300800,0.67,18.5414,,0.0565
300862,0.45,-11.548,,0.0625
300900,1.97,-13.8382,,0.1299
300952,1.96,99.9329,,0.1692
300846,-3.98,,,
300840,8.8,301.7355,,0.4722
300930,1.19,-29.1931,,0.101
600182,3.66,71.1839,,0.2725
600172,-4.43,,,
300792,1.03,-31.2137,,0.1231
600151,-0.97,,,
600219,1.79,84.8637,,0.088
600418,0.79,-50.5968,,0.0305
600218,0.8,-22.0143,,0.0567
600512,1.84,-14.7471,,0.0712
600531,3.38,11.4522,,0.1551
600633,1.0,-65.3179,,0.082
600815,0.06,,,0.0057
600877,0.8,4.7949,,0.0163
600528,1.82,-13.0297,,0.207
601099,0.37,-76.632,,0.0051
600927,0.63,-62.5835,,0.0536
601187,2.44,3.8243,,0.2918
601059,1.03,-17.3598,,0.0602
601456,-1.22,-204.4859,,
601198,1.31,64.9431,,0.1121
601900,1.88,-32.4228,,0.1904
601698,0.7,-20.5719,,0.0329
603257,0.48,,,0.09
603138,-0.79,,,
601975,7.04,64.8858,,0.1405
603297,2.45,-3.6995,,0.4091
603583,1.66,356.6595,,0.1784
601995,1.17,-45.1662,,0.2567
603269,1.28,547.4452,,0.0813
603619,6.21,-12.9924,,0.4616
603219,3.04,89.8941,,0.0861
603855,4.18,-2.8146,,0.2504
603638,2.63,13.7504,,0.1053
603655,0.94,96.9727,,0.0483
605007,5.23,,,0.3342
605598,1.68,4.2477,,0.121
688055,-1.33,,,
688261,0.15,-93.9628,,0.0455
688012,1.39,-9.5089,,0.4018
688023,-8.27,,,
688015,0.5,115.3539,,0.1076
688377,1.59,-7.3728,,0.145
688391,0.94,-44.3919,,0.2299
688387,-2.48,-780.6755,,
688280,-13.39,,,
688352,1.3,150.5078,,0.0645
688456,0.83,-10.9544,,0.0957
688549,0.25,,,0.0059
688432,1.35,-26.0834,,0.0511
688585,1.51,2.6728,,0.0452
688562,-1.19,,,
000623,0.5,-72.9531,,0.1069
688711,-0.15,-110.0557,,
688697,4.15,-3.0327,,0.2129
000686,0.11,-88.5073,,0.0191
688098,-0.15,-119.6966,,
000895,5.75,-14.5359,,0.3714
000987,1.6,-58.1488,,0.0813
000936,0.78,81.0633,,0.0453
002111,1.58,61.1153,,0.0915
002144,0.89,3.048,,0.1021
001216,2.8,9.5772,,0.1805
002472,2.74,31.1011,,0.27
300485,-5.87,-47421.38,,
002531,1.64,-25.3923,,0.0828
002492,1.44,-6.1118,,0.0601
300486,-0.46,-134.0895,,
300328,0.08,,,0.0013
002637,1.4,186.2114,,0.1015
300559,0.54,82.3027,,0.0126
000913,3.05,93.1774,,0.2656
300504,0.81,-70.2615,,0.0674
300699,2.89,-8.9189,,0.1793
300594,-2.41,,,
600331,-1.73,-160.3277,,
002465,0.33,24.3073,,0.0213
600237,1.39,14.9326,,0.0385
300972,0.72,50.4018,,0.4007
300871,-1.09,-210.433,,
300571,0.17,-76.4676,,0.026
600710,3.74,4.9164,,0.5149
600770,-1.32,,,
600522,1.88,-20.3868,,0.1853
600827,1.07,-12.2125,,0.1645
600673,1.0,45.07,,0.0304
600855,-2.39,,,
600987,2.03,6.2521,,0.1394
603790,2.09,42.6244,,0.1279
688200,0.7,-68.6196,,0.1731
605080,2.03,-38.5062,,0.2893
603211,1.66,12.8728,,0.0696
605268,0.98,5.192,,0.0355
601999,-0.3,,,
688626,1.88,0.3466,,0.242
000060,1.81,-15.0805,,0.0852
000633,0.74,11.1295,,0.0035
688619,-1.98,,,
000570,0.94,31.8236,,0.0482
000720,-0.46,,,
000758,5.4,126.8711,,0.1582
002034,2.76,8.3173,,0.4031
000728,1.31,-10.9539,,0.1061
001314,-0.4,-133.1377,,
001339,0.66,-57.1944,,0.0616
000786,3.39,40.3221,,0.4908
002170,2.13,-26.4726,,0.0595
002183,0.23,-86.181,,0.0013
000901,0.18,116.8758,,0.0118
000782,-0.41,,,
002130,3.64,75.9983,,0.1572
002082,1.07,5.6651,,0.0405
002182,1.14,9.0004,,0.0869
002331,-0.51,,,
002578,0.56,-12.5236,,0.0091
002778,-0.57,-63.1989,,0.0177
002553,-1.25,,,
002521,1.35,,,0.1042
002796,-1.01,,,
002859,1.78,69.1872,,0.1232
002792,0.17,-85.716,,0.0122
002935,-0.59,,,
002634,-2.66,-1282.1421,,
002736,1.09,-30.5064,,0.1278
300479,-8.23,,,
002982,-1.18,,,
300033,1.66,-15.0433,,0.1932
300066,0.02,-173.9655,,0.0005
300103,-0.74,,,
300349,2.26,22.4414,,0.2439
300263,1.71,-30.8234,,0.0652
300151,1.5,-26.9935,,0.0401
300192,4.4,14.3732,,0.121
300302,0.22,-68.9596,,0.006
300572,0.01,-118.5928,,0.0007
300593,-1.3,-141.7635,,
300204,-0.37,,,
300573,2.0,79.5874,,0.2789
300415,4.36,25.4799,,0.2521
300597,0.3,-38.2019,,0.0115
300685,3.62,12.0065,,0.1611
300627,3.28,27.808,,0.1844
300645,-0.97,,,
300693,4.27,4.9898,,0.2125
300726,1.62,-45.0394,,0.2104
300804,1.36,-18.8452,,0.2384
300906,1.6,27.199,,0.1762
300967,-1.36,,,
300901,-0.23,-153.5813,,
300798,0.4,44.9771,,0.0148
600031,2.27,3.9551,,0.1913
600339,0.92,16.3491,,0.0436
600346,3.45,110.8018,,0.3046
600776,3.8,955.645,,0.1073
600590,0.12,-81.0802,,0.0184
600343,-1.41,,,
600362,2.38,2.0384,,0.52
600841,-5.43,,,
600999,1.74,-4.5309,,0.2482
601633,4.5,1737.3525,,0.3777
603158,2.63,48.1763,,0.1344
603111,1.16,31.8502,,0.0506
601609,1.3,23.1938,,0.0735
600739,0.3,-79.1599,,0.0417
600493,0.16,,,0.0064
603045,0.73,-3.6432,,0.0509
603231,1.93,47.7686,,0.1946
603226,-1.23,,,
603197,2.23,-28.3604,,0.3216
603220,2.34,107.1942,,0.1427
601872,3.59,23.6793,,0.1717
603281,3.13,-0.0629,,0.4133
603282,3.4,3.896,,0.3178
603390,0.74,30.1663,,0.0321
603500,1.88,5.0586,,0.0833
688035,0.61,-43.2393,,0.0942
605218,0.87,1.8478,,0.0525
603601,1.45,-4.8121,,0.0333
603660,-17.13,,,
603895,1.23,62.6092,,0.114
688409,1.32,31.6004,,0.2431
688139,3.17,1.679,,0.4461
688699,0.09,,,0.0105
688418,0.84,143.1711,,0.0188
688310,1.16,-38.464,,0.0814
688682,0.26,-63.7869,,0.0322
688719,0.29,-63.005,,0.0622
688669,-0.62,-133.1153,,
688173,-2.81,-191.0935,,
001218,1.49,-15.9308,,0.2468
000890,-86.2,,,
688733,-0.81,-241.3485,,
000878,3.18,4.2527,,0.3327
000559,3.05,6.8322,,0.0851
001223,1.68,9.5387,,0.4839
001287,1.0,-27.9852,,0.0674
000506,-4.56,,,
001298,0.3,9.4805,,0.0333
002128,5.89,24.8457,,0.9687
001389,5.52,134.4421,,0.3818
002119,1.43,-2.7372,,0.0501
002042,0.22,-69.4224,,0.0097
002248,8.06,14.9533,,0.0175
002237,1.5,16.4947,,0.1193
002152,2.0,2.1773,,0.1045
002408,0.27,,,0.0096
002167,-2.37,-590.2916,,
002349,2.82,-17.2234,,0.1007
002160,-0.75,-4447.0446,,
002266,2.81,-36.8945,,0.0597
002234,-1.55,-164.9927,,
002797,0.95,-11.4627,,0.0365
002858,2.01,-3.7808,,0.1544
002907,2.43,34.0549,,0.0966
002877,1.2,3.6081,,0.0401
002845,0.28,,,0.0212
002949,0.2,114.7975,,0.0129
300016,0.69,14.1117,,0.0236
002945,0.87,-12.8273,,0.0203
300057,-0.32,,,
300149,-1.77,,,
300142,0.15,-80.6801,,0.0238
002370,-0.52,,,
300176,1.07,,,0.0253
300364,-5.8,,,
300424,1.78,,,0.0685
300310,0.19,,,0.0006
300606,0.81,1062.1163,,0.0429
300578,1.36,,,0.0776
300348,-0.24,,,
300385,-3.32,-284.6217,,
300346,3.54,10.1668,,0.1919
002413,-0.83,-278.1313,,
300502,5.6,200.9608,,0.4572
300517,1.24,100.6518,,0.0666
300657,2.16,,,0.1633
300432,0.98,,,0.0317
300664,2.26,36.6512,,0.1168
300743,3.74,110.1739,,0.1486
300881,5.17,160.0801,,0.4756
300766,-0.23,-201.6801,,
300787,0.5,16.5942,,0.0347
300964,0.72,-1.9274,,0.0931
600056,1.24,-36.7149,,0.1356
300866,3.72,5.4145,,0.802
300932,0.41,24.083,,0.0369
600150,0.83,855.9545,,0.0906
300996,0.27,,,0.0019
600060,2.44,-17.0458,,0.4403
600158,0.76,,,0.0786
600235,2.19,861.4451,,0.0923
600356,0.88,-5.098,,0.0816
600359,7.39,7.9368,,0.1371
600378,1.58,-39.7633,,0.1504
600299,1.83,19210.7557,,0.1032
600589,0.66,,,0.0029
300985,1.72,,,0.1604
600594,-2.28,-272.0436,,
600547,2.07,109.4095,,0.236
600602,1.29,48.2342,,0.0428
600936,-12.83,,,
600720,0.73,13683.6161,,0.0473
600195,1.37,-44.4989,,0.0725
601899,5.37,11.2259,,0.2905
601988,2.11,-2.8384,,0.2037
603077,0.16,-92.8844,,0.0031
603078,1.53,4.0667,,0.0537
603320,1.71,155.5178,,0.11
603006,0.94,-56.4773,,0.0493
603262,4.99,,,0.11
603351,2.14,30.741,,0.2475
603608,-0.39,,,
603618,0.86,11.6914,,0.0386
600893,0.39,72.8357,,0.0697
603650,4.17,84.8285,,0.2462
603667,1.29,-7.2286,,0.1032
603881,1.12,1.8737,,0.0776
603920,2.09,52.1285,,0.1911
603726,3.13,168.1679,,0.2054
603206,1.15,-24.0838,,0.0821
605299,1.02,-7.9584,,0.0323
688071,-0.95,-176.5215,,
603005,1.19,64.4225,,0.0768
605488,2.26,118.1688,,0.159
688080,1.75,81.9224,,0.2218
688120,3.52,4.2711,,1.2719
688138,3.53,155.221,,0.1859
603985,-0.38,-144.5705,,
688270,-0.27,-178.4119,,
688195,1.25,57.8526,,0.0798
688176,-3.6,,,
688158,-2.41,,,
688786,2.34,0.5671,,0.1927
688300,3.69,79.9381,,0.2782
688589,2.26,9.503,,0.2322
688361,1.4,9.1595,,0.107
688799,3.37,17.7888,,0.5611
688347,0.51,-118.997,,0.13
000678,-1.65,,,
000829,0.53,-72.2711,,0.0172
000876,-8.6,,,
001215,1.89,15.2327,,0.3469
000811,2.2,27.4738,,0.1676
002638,-0.22,-104.3469,,
002057,1.63,-6.8054,,0.0807
001219,2.86,6.6048,,0.1911
002232,-1.33,-258.7582,,
002100,0.84,,,0.0441
002557,4.22,35.2284,,0.4747
002379,-1.07,,,
001267,0.2,-39.9413,,0.004
002484,2.44,-10.289,,0.1632
002843,2.26,-28.7998,,0.1058
002443,1.44,-20.6138,,0.1089
002992,-1.23,,,
002886,0.31,-6.356,,0.0286
300285,2.07,11.016,,0.1459
300342,0.25,-77.5942,,0.0093
300446,3.55,12258.8424,,0.2275
300580,2.36,29.0854,,0.2045
300246,0.28,-84.3489,,0.0167
300545,2.67,10.5938,,0.2558
300696,-0.32,-110.7164,,
300691,-0.09,-112.8301,,
300661,1.38,84.1909,,0.1094
300738,1.58,11.8549,,0.0513
300780,-1.77,-379.1559,,
002863,0.95,2.7169,,0.0431
300776,4.28,44.4845,,0.4946
300442,5.27,44.0013,,0.2762
300854,-0.58,-1539.5122,,
300826,0.44,-52.4478,,0.0321
300931,0.16,,,0.0035
600030,1.77,-8.314,,0.3483
600099,0.39,-17.1276,,0.0091
600382,1.1,-55.8496,,0.0446
600487,1.96,37.8866,,0.2199
600444,1.44,2.4893,,0.068
600288,-1.17,-422.5336,,
600497,3.0,-17.1405,,0.0947
600601,1.96,,,0.0184
600901,3.76,4.6842,,0.1634
600726,10.61,39.1602,,0.0892
600955,0.22,-26.8261,,0.0347
601002,-0.5,-203.7975,,
601231,1.94,19.0325,,0.1494
600975,-9.29,,,
603031,3.6,14.6871,,2.0013
601956,1.9,21.5533,,0.0776
601598,2.08,-16.1191,,0.1155
601996,-0.01,,,
601798,-0.54,,,
603177,3.86,2466.1088,,0.0712
603058,3.66,43.5611,,0.1032
603129,5.23,33.9723,,1.9342
603089,1.32,,,0.091
603400,,,,0.5023
603590,1.32,56.8593,,0.2928
603687,0.55,-19.2839,,0.0391
603598,3.92,-7.2009,,0.03
603708,5.61,10.4628,,0.2394
603716,0.26,,,0.0712
603776,-0.16,-162.1707,,
605089,1.49,-46.9373,,0.137
605098,2.44,48.4583,,0.2109
603959,-18.43,-235.5157,,
603997,0.46,-79.5736,,0.0114
688125,0.21,-87.4771,,0.0447
603727,1.05,,,0.12
688029,3.86,42.6115,,0.785
688178,0.68,203.7979,,0.0732
688230,1.09,53.6724,,0.2081
688203,0.46,66.2879,,0.0341
688226,3.29,156.1745,,0.244
688257,2.02,4.9215,,0.3845
688345,-1.83,,,
688322,-0.97,,,
688419,1.88,39.7516,,0.2269
688629,0.68,-21.2599,,0.019
000153,2.42,1.5789,,0.1396
688351,0.25,,,0.0089
688655,-0.18,-120.1526,,
000420,0.48,73.739,,0.0085
000301,0.69,-65.8081,,0.0369
000409,3.24,39.5633,,0.0719
000419,1.16,24.3693,,0.0846
000603,-0.28,-326.8671,,
000592,-0.04,,,
000650,2.89,-4.3307,,0.1499
000703,1.62,216.0316,,0.144
000519,-0.13,,,
000973,0.64,-3.1705,,0.0253
001230,1.79,8.7068,,0.3232
000957,1.53,105.084,,0.0715
001296,1.63,51.5462,,0.2609
001308,2.59,-27.222,,0.269
000798,-6.76,,,
001359,2.49,,,0.2301
001378,1.37,-21.5563,,0.196
002032,6.89,7.3884,,0.5824
002051,1.03,4.6937,,0.0952
002164,0.55,-18.1466,,0.0138
002206,1.99,10.746,,0.0644
002131,-1.77,-141.8441,,
002204,2.02,24.8793,,0.0738
002216,5.03,-17.8079,,0.2613
002192,0.86,-53.9349,,0.0834
002225,1.9,55.2854,,0.0629
002361,0.31,-31.9422,,0.0051
002550,4.31,21.3009,,0.0792
002461,1.2,37.159,,0.0569
002286,1.18,35.8859,,0.0625
002454,1.56,27.7165,,0.1099
002376,-0.59,,,
002351,4.13,48.3598,,0.1389
002397,0.75,-20.4291,,0.0113
002432,1.32,-56.5849,,0.6353
002406,0.63,47.965,,0.0347
002072,2.53,,,0.0038
002460,-0.91,-127.5258,,
002491,-1.12,-123.014,,
002463,4.98,153.6883,,0.2657
002615,2.13,1167.636,,0.0684
002571,0.46,,,0.0121
002669,-0.84,,,
002597,1.78,-47.3634,,0.2266
002795,-3.0,,,
002722,1.35,88.1633,,0.1669
002752,3.79,139.7077,,0.1294
002767,0.52,41.7679,,0.0257
002810,2.49,-26.3715,,0.1569
002793,-1.57,,,
002853,-0.61,,,
002878,1.85,,,0.1208
002971,2.28,-1.5005,,0.1885
002850,2.86,25.8722,,1.1428
002897,3.68,845.8732,,0.5037
002890,0.89,-11.7476,,0.0406
002902,-1.86,-512.6689,,
002952,0.89,-55.8035,,0.0462
003036,1.4,0.8126,,0.097
300031,2.34,6.4483,,0.2703
002996,1.6,5.1096,,0.1173
300210,-3.65,,,
300009,5.49,17.5225,,0.1324
300041,2.74,-34.3097,,0.1406
300034,2.75,75.2521,,0.1661
300233,2.22,62.4626,,0.2323
300243,0.85,-44.7197,,0.039
300331,1.0,,,0.0566
300303,2.34,26.0815,,0.0549
300428,3.97,140.2112,,0.4496
300404,1.72,39.7891,,0.0452
300497,0.06,,,0.003
300447,1.6,-48.3587,,0.1049
300565,-6.15,,,
300585,0.09,,,0.0037
300637,-1.92,,,
300077,-6.8,,,
300636,1.92,31.6235,,0.103
300590,1.97,83.0644,,0.0772
300586,1.36,-54.7612,,0.0527
300632,1.23,-22.1452,,0.0776
300701,1.32,64.1065,,0.0453
300694,1.73,124.9706,,0.1076
300777,1.43,-60.0833,,0.1347
300731,0.18,,,0.01
300817,1.27,21.2878,,0.0754
300501,1.24,-16.5526,,0.1294
300853,-3.01,-157.9468,,
300839,-15.86,-284.5602,,
300908,2.94,30.1225,,0.5087
600184,-0.37,-243.3934,,
300966,0.37,-20.762,,0.0251
300055,0.48,-15.761,,0.0306
300971,1.39,-14.6636,,0.1598
600007,3.35,5.3102,,0.3342
600201,1.92,-3.3938,,0.0951
600488,1.93,-16.3838,,0.0663
600335,1.11,26.8552,,0.0837
600396,25.48,,,0.09
600419,0.19,-99.092,,0.0016
600389,2.23,-31.2545,,0.1916
600486,4.24,-43.1093,,1.0563
600489,2.94,30.4484,,0.1968
600302,-2.17,,,
600851,0.81,28.3046,,0.0287
600682,0.74,-26.6186,,0.1235
600648,0.31,21.0049,,0.0372
600757,2.81,-32.2088,,0.2143
601233,1.61,,,0.2424
600926,4.86,21.1063,,0.8656
600875,2.37,-8.8845,,0.3161
600961,4.21,16.7392,,0.1548
601311,1.65,-6.2749,,0.1321
600998,2.19,-9.4035,,0.1387
601100,4.01,-3.792,,0.4495
601113,2.39,2615.8532,,0.072
601515,0.21,-94.1603,,0.0073
600983,0.4,-9.9203,,0.0134
601825,3.03,0.9439,,0.3769
603004,2.2,-11.1332,,0.1863
601607,2.2,-4.4788,,0.5038
601869,0.51,-84.8735,,0.0439
601665,2.7,15.4283,,0.2439
601777,0.15,,,0.0034
601921,0.82,-23.6291,,0.05
603016,1.91,6.4696,,0.1094
603052,1.8,5.2763,,0.2037
603153,0.6,-18.614,,0.0338
603081,1.16,53.4682,,0.0768
603087,0.89,95.0385,,0.1616
603085,1.12,427.7734,,0.0252
603060,-1.45,,,
603165,3.92,11.8804,,0.3276
603188,0.77,,,0.0117
603196,-1.0,-165.2203,,
603192,1.01,16.7824,,0.1062
603272,-0.56,,,
603237,-4.15,,,
603228,3.5,49.0453,,0.3768
603307,3.06,-20.7237,,0.6953
603315,0.9,34.8217,,0.0434
603327,3.07,-24.5603,,0.0933
603305,2.45,-18.5477,,0.1681
603336,0.7,-22.9935,,0.0123
603335,-3.03,,,
603350,4.46,-4.9333,,0.4131
603477,-4.69,,,
603778,-5.41,-534.7044,,
603685,0.27,282.3276,,0.0114
603353,0.56,-24.4715,,0.053
603629,2.0,138.2978,,0.1333
603456,2.73,-15.4887,,0.2626
603681,2.07,,,0.2681
603788,1.98,41.586,,0.1819
603826,1.06,45.4514,,0.0464
603906,-2.35,,,
603899,4.63,10.4158,,0.436
603799,1.5,-61.1028,,0.3451
603948,2.83,-36.1827,,0.3621
603912,0.12,-45.0192,,0.0044
603928,1.02,-20.9837,,0.0782
605166,3.94,58.1156,,0.2603
605151,1.72,-15.7547,,0.2015
603987,2.44,-35.4482,,0.1513
605369,2.68,56.0165,,0.4006
688048,-0.63,-1394.9493,,
688057,1.23,-22.0264,,0.1398
605208,0.49,,,0.031
688075,1.36,39.6129,,0.5535
605289,1.35,34.6678,,0.1511
688101,1.72,35.8122,,0.2045
688060,0.35,-22.3959,,0.0441
688108,0.3,,,0.0144
688141,-8.46,,,
688181,0.92,-0.0978,,0.1373
688182,0.68,35.219,,0.034
688163,0.14,-51.0869,,0.0136
688231,0.98,7.3572,,0.1122
688266,-2.48,,,
688308,1.15,-49.6602,,0.188
688315,1.12,17.74,,0.0691
688309,0.45,-72.1113,,0.0413
688367,0.24,917.1377,,0.016
688314,3.29,2.8431,,0.2415
688512,-3.84,,,
688401,2.83,59.4403,,0.1999
688448,0.07,,,0.0101
688331,-11.33,,,
688506,97.08,,,12.4817
688403,0.85,0.099,,0.0315
688529,0.37,-75.8997,,0.0399
688553,1.22,16.8875,,0.1059
688566,2.68,38.3054,,0.2773
688689,1.3,44.1598,,0.1322
688677,2.9,-20.3989,,0.3122
000019,1.31,-39.717,,0.0551
688521,-8.3,,,
688370,0.83,-48.7884,,0.1146
000062,0.79,-52.6754,,0.0689
000719,0.3,-65.2457,,0.0344
000586,-0.6,-131.4638,,
000155,5.33,3.4157,,0.3373
000593,1.63,648.7431,,0.0437
000762,0.81,9.2611,,0.0756
001266,-0.34,-172.3191,,
000889,-4.81,,,
000990,0.87,,,0.1462
002025,3.46,2.1838,,0.5563
001367,2.6,33.5527,,0.491
002126,3.31,50.5516,,0.2566
002135,1.33,-38.0629,,0.0754
002176,-0.8,-160.0822,,
002222,3.23,-11.4802,,0.1165
002263,-0.33,-226.8298,,
000933,5.2,-31.046,,0.5197
002181,-0.32,,,
002294,2.43,-5.0712,,0.1777
002428,-0.82,,,
002440,0.01,-61.7758,,0.006
002467,1.48,33.5601,,0.0215
002353,1.92,5.6803,,0.3744
002645,-0.76,,,
002560,0.56,-53.621,,0.0326
002636,-0.62,-213.2721,,
002663,-0.49,,,
002701,3.12,33.4816,,0.1074
002655,2.74,67.1111,,0.0508
002683,1.17,40.352,,0.1387
002729,1.23,13.0076,,0.0331
002755,1.08,,,0.0285
002718,0.15,-84.8351,,0.0111
003023,2.46,32.013,,0.3622
002840,-8.06,,,
002938,1.65,18.807,,0.2143
002821,1.6,-55.4812,,0.7566
003007,-1.67,,,
300022,0.48,26.4653,,0.028
300006,-0.22,,,
300042,-0.38,-173.971,,
300199,-1.89,-178.5644,,
300069,-1.74,,,
300183,0.23,-47.8185,,0.0155
300207,1.37,,,0.0117
300245,0.24,,,0.006
300265,0.49,-59.7391,,0.0269
300503,1.32,,,0.0479
300461,-1.86,-7089.1554,,
300476,2.7,67.7172,,0.243
300400,1.23,205.9253,,0.039
300547,3.9,96.271,,0.2038
300508,2.16,-31.6941,,0.1404
300548,0.0,-64.5748,,0.0453
300620,0.35,-58.0968,,0.026
300692,1.42,-27.1385,,0.0791
300608,-2.89,,,
300626,0.98,4605.2976,,0.0287
000848,7.39,3.0746,,0.234
300730,-4.74,,,
300834,0.75,9.2341,,0.1137
300843,1.9,9.0164,,0.1368
300845,-0.6,,,
300916,3.17,1932.6474,,0.279
300757,0.6,41.8295,,0.0519
300943,1.22,-69.8726,,0.0522
300975,1.13,2.8326,,0.0325
300970,0.11,-98.141,,0.0206
600078,-0.4,-96.2655,,0.0031
600110,-1.58,-243.2739,,
600126,0.17,2.9074,,0.0098
600066,4.51,426.1396,,0.2996
600127,0.28,-83.57,,0.0026
600212,-1.41,,,
600152,0.32,,,0.0097
600330,0.55,-49.9793,,0.0361
600186,3.1,129.5991,,0.0282
600545,-1.05,,,
600426,3.55,45.7127,,0.5353
600502,2.44,-9.1834,,0.2313
600869,0.53,-88.2699,,0.0069
600791,-7.92,,,
600666,-1.54,,,
601133,1.97,37.7719,,0.1065
603118,0.12,-96.9032,,0.0029
603083,1.2,-56.4053,,0.1162
603115,0.76,20.1751,,0.0639
601168,4.6,16.5807,,0.4987
603061,1.19,-53.3085,,0.2482
600539,-1.11,,,
603222,0.94,-57.4809,,0.0345
603637,0.87,-57.2839,,0.0345
603227,2.71,-46.4295,,0.1227
603507,2.57,35.4781,,0.4786
603259,3.49,-10.383,,0.6678
603701,0.93,16.2017,,0.0328
603863,-3.53,,,
603876,0.46,-80.2065,,0.0343
603132,2.47,96.486,,0.0826
603936,0.58,24.8486,,0.0411
603966,1.59,7.0307,,0.0707
605056,0.56,-39.9887,,0.0193
605016,3.43,20.466,,0.2154
603995,2.33,39.4346,,0.4521
605222,1.83,-44.8458,,0.2038
605178,-2.29,,,
605167,2.38,14.2319,,0.0869
605366,0.35,71.9499,,0.0116
688001,-0.88,-228.1927,,
688017,0.99,-15.4531,,0.123
688046,1.38,-5.0589,,0.0719
688025,1.34,-16.0954,,0.268
688072,0.23,-85.1087,,0.0413
688090,0.12,-84.279,,0.0257
688010,-1.18,,,
688127,1.75,514.6429,,0.073
688167,-0.69,-206.6127,,
688156,0.63,-23.4046,,0.0404
605162,1.98,151.7895,,0.0625
688215,0.34,-49.5626,,0.0656
688192,-32.19,,,
688180,-4.12,,,
688262,-1.96,,,
688234,0.88,,,0.1073
688205,1.05,5.3584,,0.2284
688307,1.3,,,0.1273
688272,1.47,,,0.0969
688317,0.7,346.4713,,0.1382
688282,-1.33,-261.7964,,
688343,-3.21,,,
688388,-0.67,-231.1921,,
688336,1.83,190.1955,,0.1439
688383,2.05,-53.2741,,0.2657
688362,-1.49,,,
688455,-2.83,,,
688428,-2.03,,,
688488,-1.22,-2898.794,,
688593,-0.73,-158.5447,,
688535,1.23,207.2999,,0.1583
688620,-0.32,-226.8779,,
688545,2.77,,,0.1683
688596,0.81,134.0931,,0.1235
688607,0.14,,,0.0135
688630,1.95,18.6587,,0.3025
000551,2.6,48.2896,,0.2378
688668,1.04,-45.1117,,0.184
688710,,,,
688700,1.77,-38.7181,,0.1349
000550,4.45,53.4089,,0.277
000630,3.32,90.0962,,0.1083
688819,3.15,-14.8276,,0.5222
688676,2.76,7.1499,,0.2186
000338,3.14,48.9607,,0.3833
000628,1.62,13.5761,,0.0843
001313,-2.15,,,
000659,-3.04,,,
000688,0.11,-82.1494,,0.0013
000729,0.74,43.9354,,0.0459
000800,0.69,174.0036,,0.0365
000807,4.32,29.7444,,0.3878
000949,1.13,254.4528,,0.0421
000830,3.25,76.1475,,0.2963
002008,6.25,544.6896,,0.9488
002371,4.4,81.8076,,2.1095
002196,-0.59,-200.8002,,
001368,2.19,1.9365,,0.2773
002272,-1.09,,,
002203,2.2,-14.3084,,0.1463
002348,-2.62,,,
002409,3.49,43.876,,0.5261
002415,2.44,14.0564,,0.2381
002635,1.8,54.0501,,0.1554
002437,2.89,154.9607,,0.0246
002643,1.38,-29.9442,,0.1435
002534,6.27,681.1385,,0.3626
002723,0.16,-7.4245,,0.0129
002624,-0.34,-83.6039,,0.0197
002662,2.61,82.4187,,0.0734
002692,1.45,200.2231,,0.023
002674,1.42,36.5315,,0.1526
002738,2.07,-77.0046,,0.3445
002823,1.88,6885.7762,,0.0969
002831,1.94,25.3833,,0.2411
002825,1.58,11.6043,,0.0683
002730,1.41,14.1523,,0.0674
002849,2.08,201.5932,,0.1283
002956,3.01,14.588,,0.2016
002838,1.16,7.6195,,0.0873
002976,0.27,-94.0311,,0.014
002993,2.5,34.9194,,0.45
003027,0.5,-65.8822,,0.0777
300184,0.97,5.1139,,0.0305
003038,1.34,56.7222,,0.2301
003022,0.72,-65.0753,,0.0392
300179,2.26,-28.3684,,0.0482
300065,0.14,-55.8401,,0.003
300206,1.92,-72.4121,,0.0668
300258,1.24,2.65,,0.0974
300398,1.54,-12.6221,,0.1258
300409,0.24,,,0.0409
300394,7.99,203.7578,,0.7086
300475,0.53,-87.8154,,0.0231
300450,4.54,0.6581,,0.3509
300478,-4.62,,,
300499,0.4,,,0.0192
300109,3.3,1.3505,,0.3748
300457,2.5,87.2369,,0.4437
300599,-0.79,-214.7835,,
300236,0.85,-42.361,,0.1044
300480,1.03,-30.3641,,0.0434
300592,3.68,-4.1597,,0.2834
300602,0.63,,,0.0295
300633,3.08,-27.6467,,0.2326
300613,1.4,-54.6773,,0.1047
300666,1.42,-21.2584,,0.1536
300634,3.17,32.2341,,0.1803
300679,3.52,270.5128,,0.3927
300697,3.35,-24.0138,,0.1115
300470,3.15,2.9077,,0.3988
300812,-1.52,,,
300684,1.56,43.1177,,0.0989
300700,0.01,-100.698,,0.0006
300790,2.12,384.6923,,0.1391
300855,4.73,8.7493,,0.2297
300814,0.97,-22.0899,,0.0646
300821,0.93,,,0.0381
300936,0.76,5.2629,,0.0984
300988,1.65,-16.2498,,0.1048
600232,0.83,35.3413,,0.03
600111,0.24,-86.9275,,0.0342
600206,0.01,-139.7175,,0.001
600259,-9.08,-17448.2152,,
600292,0.61,21.1216,,0.0506
600353,1.43,34.1629,,0.0298
600398,4.55,11.5402,,0.1845
600366,-0.01,-111.6797,,
600668,0.05,-91.0063,,0.0047
600746,0.49,,,0.0219
600741,2.14,-15.0273,,0.4545
600713,2.41,7.2667,,0.1503
600629,1.58,-11.681,,0.0911
600769,4.25,15.7893,,0.0107
600801,0.61,3.2765,,0.1404
600867,2.89,-14.3665,,0.1077
600817,1.28,-3.0809,,0.0678
600988,3.15,162.9563,,0.1427
601886,2.51,15.3381,,0.1868
300990,0.29,-81.8805,,0.0305
601000,2.64,4.5862,,0.0975
600498,0.31,11.266,,0.0344
601083,1.51,-56.149,,0.0993
603012,1.65,-52.6914,,0.0636
603042,-0.43,,,
603010,1.14,-25.6967,,0.0725
603091,5.62,,,0.82
603125,2.09,0.3358,,0.2412
603112,3.7,43.5646,,0.2319
603127,-3.41,-245.6308,,
603048,1.33,167.2509,,0.1171
601677,2.22,2.3291,,0.2915
603126,1.25,-47.7277,,0.0435
603135,0.49,-69.2019,,0.0339
603239,4.61,71.0335,,0.1919
603289,1.76,-26.0849,,0.0844
603186,-0.06,,,
603488,0.78,-49.0381,,0.0276
603375,-0.14,-113.903,,
603308,2.0,15.372,,0.1251
603296,2.84,4.8203,,0.8206
603328,2.69,36.7467,,0.1049
603345,3.36,18.986,,1.5038
603585,-0.13,-127.6872,,0.01
603698,0.39,-61.3342,,0.0239
605055,-0.41,,,
603909,2.19,248.5769,,0.1136
605258,1.12,74.1485,,0.1496
605198,2.07,-13.8189,,0.1529
605100,1.58,-17.4906,,0.1768
603588,2.04,-10.7311,,0.1366
605566,0.75,-23.5704,,0.0882
603950,1.87,-29.5995,,0.1434
605298,-0.22,-475.7036,,
605589,1.35,7.2961,,0.1793
688020,-0.97,,,
688143,0.56,,,0.0519
688006,3.27,-17.7433,,0.2865
688062,-8.55,,,
688045,0.02,,,0.0041
688237,1.36,-19.8227,,0.1923
688097,-0.51,-132.417,,
688372,-0.01,-101.1195,,
688170,-0.56,-251.5698,,
688273,2.65,14.3556,,0.3795
688268,2.41,12.1335,,0.3759
688265,-0.75,,,
688131,0.66,-64.1051,,0.11
688302,-3.56,,,
688379,0.83,-6.2499,,0.086
688758,2.37,,,0.0669
688400,-0.17,-203.001,,
000070,0.74,807.6334,,0.0224
000426,3.42,1506.9299,,0.1224
688720,0.74,112.2839,,0.0852
688003,-2.04,,,
000078,1.4,-37.2596,,0.0251
688618,1.76,35.5464,,0.2058
688525,7.75,,,0.365
688543,1.48,212.7086,,0.2388
688355,1.53,63.8825,,0.1328
000626,-0.18,-73.4267,,0.0125
688479,1.65,-11.8123,,0.2218
688603,1.65,58.087,,0.3086
000408,3.89,-42.7449,,0.3335
000978,-0.97,,,
000810,1.64,-8.433,,0.089
000935,0.12,-96.1083,,0.0108
000831,-6.32,-1684.0001,,
000795,2.52,76.6879,,0.0582
000975,4.17,76.3128,,0.2018
001400,,-4.6539,,0.7024
002064,2.67,8.2001,,0.1375
001338,2.38,134.2678,,0.1637
001316,1.73,-21.0221,,0.2421
002083,2.31,285.3722,,0.1025
002012,0.39,-77.7055,,0.0235
002201,0.82,6.6854,,0.0136
002156,0.7,967.7378,,0.0763
002429,2.72,13.3088,,0.1003
002124,21.4,,,0.2714
002179,3.49,-23.8654,,0.3746
002158,3.82,25.4872,,0.2745
002299,-0.6,-182.4834,,
002416,2.74,6.7791,,0.1757
002338,1.37,-26.5311,,0.097
002250,0.04,-57.9028,,0.0263
002271,1.23,-9.5523,,0.1356
002236,1.59,18.9215,,0.1779
002107,1.19,-60.5816,,0.0152
002134,2.16,90.3535,,0.0543
002414,0.12,-86.7969,,0.002
002439,-0.95,,,
002515,0.91,13.0124,,0.0193
002448,2.59,13.1674,,0.1648
002532,2.9,43.002,,0.1555
002582,0.31,6.615,,0.0267
002458,2.54,-66.6097,,0.0993
002540,2.11,17.341,,0.0977
002579,-1.98,,,
002559,2.33,-13.6364,,0.0659
002589,0.28,-38.0622,,0.0123
002583,1.88,,,0.0553
002639,0.36,65.8048,,0.0104
002600,2.47,-28.8424,,0.0656
002631,-1.2,,,
002678,-0.54,-168.1241,,
002725,0.23,,,0.0087
002806,0.31,,,0.0151
002763,4.53,-8.3826,,0.2655
002802,0.57,-63.8489,,0.0208
002708,1.39,,,0.0357
002815,1.65,-18.7251,,0.1162
002899,1.12,313.7996,,0.1157
002819,-0.95,,,
002979,3.96,52.1677,,0.1772
002906,2.32,82.4436,,0.2734
003002,1.07,1.4063,,0.0605
002917,0.95,1247.9704,,0.0528
002972,2.08,2.5059,,0.1075
300058,1.07,-45.2861,,0.0323
300056,5.46,,,0.0351
300012,2.1,-11.455,,0.0779
300174,2.44,47.3053,,0.2134
300145,3.61,110.0652,,0.0489
300154,1.78,-5.4281,,0.0685
300252,-1.04,-228.2701,,
300073,0.84,-75.3137,,0.2099
300227,0.39,20.814,,0.0101
002998,2.04,15.8018,,0.1087
300267,0.06,-101.3967,,0.0014
300352,0.19,27.2741,,0.0015
300251,4.68,249.267,,0.1449
300421,1.23,-8.4388,,0.0524
300436,-2.92,,,
300456,-0.23,-483.9037,,
300429,0.68,,,0.0256
300440,-1.26,,,
300416,1.65,-12.4416,,0.0888
300487,4.69,26.2706,,0.3387
300568,1.08,-43.5024,,0.0788
300553,0.4,-103.1297,,0.04
300596,2.54,24.9777,,0.4541
300532,5.62,6.1982,,0.316
300604,0.14,,,0.0058
300618,0.59,103.0587,,0.1283
300522,2.08,50.5401,,0.0527
300628,6.54,34.4514,,0.4499
300681,0.46,,,0.0335
300706,-0.43,,,
300709,-1.33,,,
300746,0.21,-65.5713,,0.0163
300722,1.36,-39.3569,,0.0344
300748,1.43,-42.8558,,0.076
300752,1.83,,,0.0885
300759,1.82,-38.3345,,0.1208
300761,1.03,,,0.095
300747,1.94,41.2116,,0.1142
300727,2.16,28.4637,,0.1555
300635,0.11,-83.5657,,0.0147
300765,1.79,-83.5313,,0.0256
300836,3.08,318.0137,,0.2536
300806,0.85,-7.7463,,0.0411
300811,3.61,8.8824,,0.3593
300807,-3.82,,,
300882,3.61,16.8818,,0.2136
300976,0.96,2088.9822,,0.3064
300953,2.02,232.5635,,0.5104
300858,1.06,-7.6557,,0.0703
300951,2.6,-16.322,,0.4864
600071,-5.4,,,
600106,0.08,-88.1554,,0.0029
300998,-0.45,-224.9017,,
600094,-0.32,-142.2621,,
600114,3.11,662.4389,,0.1437
600282,2.08,28.6846,,0.09
600226,1.9,32.0827,,0.0178
600255,0.62,,,0.0067
600063,0.59,-65.0395,,0.0206
300913,1.61,11.9093,,0.0682
600230,0.5,-67.7353,,0.0562
600490,0.46,93.8577,,0.0091
600338,-0.77,-381.963,,
600320,1.07,27.3455,,0.039
600562,2.04,3.203,,0.0932
600392,-2.59,-354.4482,,
600552,0.34,-40.4966,,0.0258
600596,0.87,0.4993,,0.0861
600584,0.52,21.6856,,0.0748
600595,0.32,-84.1621,,0.0097
600655,0.49,-52.912,,0.0375
600810,0.39,1601.884,,0.0525
600897,2.84,63.2794,,0.3095
600379,2.24,44.8075,,0.0499
600724,2.29,-1.2506,,0.0462
600711,2.06,87.9372,,0.1105
600872,4.94,64.1075,,0.3332
600808,-1.13,,,
600894,-0.08,-184.5003,,
601068,1.46,149.9707,,0.0389
600973,0.54,-69.4744,,0.0094
600986,0.5,-34.223,,0.0171
601069,0.73,,,0.0348
600664,3.61,35.9455,,0.0755
601108,1.3,-7.6578,,0.0982
601388,0.68,-61.263,,0.013
601138,2.88,34.2392,,0.2111
601137,3.6,38.5102,,0.3358
603009,1.01,202.2835,,0.0465
601588,-1.37,-563.5257,,
603067,2.97,-13.5836,,0.1688
603082,2.69,29.8144,,0.2541
603088,6.82,41.3773,,0.1226
601811,1.53,3.6384,,0.1719
603123,-4.04,-676.3823,,
603150,2.42,20.506,,0.4111
603075,2.79,37.835,,0.142
603121,3.0,-4.232,,0.1045
603159,1.12,23.6768,,0.0405
603193,1.81,,,0.0877
603279,5.49,6.6977,,0.3963
603258,2.0,-1.3199,,0.1854
603317,3.92,39.4989,,0.1673
603288,6.36,11.857,,0.3467
603266,2.27,14.568,,0.1656
603271,4.79,,,0.45
603303,2.1,14.9073,,0.1601
603386,-1.07,-227.5363,,
603409,5.9,,,0.3818
603519,2.15,-86.9766,,0.1186
603538,0.67,-65.8776,,0.0739
603458,-0.88,-233.7469,,
603803,1.15,,,0.0467
603819,1.02,246.2585,,0.0422
603599,2.32,-58.7145,,0.2423
603626,-2.6,,,
603867,3.43,4.3808,,0.4767
603886,-0.51,,,
603893,2.16,,,0.1618
603890,0.53,,,0.0121
603901,1.5,-46.9361,,0.0811
603938,0.43,-92.2464,,0.0199
603933,1.39,5.7818,,0.0853
603960,1.02,-14.3635,,0.0422
603989,0.97,-65.6485,,0.0772
603766,3.03,40.1252,,0.1238
605018,1.63,10970.0312,,0.0952
603988,-2.81,-615.4123,,
605118,2.3,14.7175,,0.0847
605128,2.59,195.7934,,0.4046
605358,-0.8,-612.2006,,
603993,3.34,754.3152,,0.108
605060,2.28,-7.618,,0.2148
605277,2.88,33.2666,,0.1504
605365,1.93,100.3711,,0.1365
688019,4.69,37.9333,,1.0607
605338,1.77,0.7807,,0.1611
688022,0.68,,,0.0484
605588,0.98,-37.4578,,0.1421
688038,0.68,,,0.0323
688073,1.27,-29.3902,,0.2869
688037,0.66,-76.3183,,0.1133
688093,2.16,37.3214,,0.1571
688117,1.84,17.2253,,0.1469
688157,0.94,537.5801,,0.1027
688188,3.7,47.2409,,1.3997
688136,0.77,,,0.0577
688137,-0.12,-123.6114,,
688177,-10.88,,,
688202,-1.53,-136.9757,,
688179,1.62,-0.8355,,0.0863
688168,-2.93,,,
688209,0.22,,,0.0094
688211,-1.16,-231.8932,,
688199,-0.17,,,
688208,3.82,81.4015,,0.2549
688267,1.32,1610.1922,,0.199
688238,-2.09,,,
688213,0.37,,,0.0351
688256,-4.14,,,
688299,0.38,-66.9723,,0.0283
688332,1.44,11.0165,,0.4572
688330,1.0,-33.0199,,0.2604
688369,-2.28,,,
688392,0.06,-96.7166,,0.0086
688381,0.55,60.8321,,0.0637
688502,0.36,-69.362,,0.0811
688518,0.93,-68.6523,,0.0814
688559,1.73,20.6648,,0.1848
688519,0.42,,,0.0419
688582,-0.08,,,
688573,-3.17,,,
688515,-3.05,,,
688600,-4.2,-2357.2515,,
688665,2.01,-47.8222,,0.29
688617,6.83,39.5566,,2.0619
688595,-4.13,,,
688475,2.32,37.383,,0.2227
000652,0.13,,,0.0051
000683,4.02,9.5515,,0.2286
688718,0.38,-58.3112,,0.0167
688683,0.82,0.4533,,0.0486
000708,3.4,-5.5681,,0.2814
000931,0.75,-9.0463,,0.0162
000039,0.17,-54.3555,,0.0404
002074,0.28,-65.3684,,0.0203
002099,0.59,-23.3008,,0.0198
000970,-1.52,-187.9014,,
001231,1.6,-10.8767,,0.1417
002363,0.68,3.3283,,0.0317
002193,-2.5,,,
002396,0.18,-83.708,,0.041
002943,2.24,65.7166,,0.1839
002476,0.74,,,0.0107
002420,10.29,379.6097,,0.1379
002783,1.68,-3.363,,0.0943
002522,0.74,-83.577,,0.0033
002748,-0.75,-182.0387,,
300004,0.66,,,0.0228
300292,2.49,62.8581,,0.0252
300092,3.03,5.0109,,0.1738
300358,-0.43,-115.3945,,
300347,1.11,-45.0015,,0.3583
300410,-2.64,,,
300538,0.32,-33.7555,,0.0216
300560,1.0,-36.9565,,0.0427
300373,2.14,0.7889,,0.329
300649,1.48,-24.0076,,0.0604
300710,0.94,,,0.0659
300725,1.72,-14.3199,,0.2478
300745,-0.03,-101.8731,,
300740,1.89,-21.923,,0.1095
300955,-0.29,-153.5166,,
300885,1.78,146.9406,,0.0603
600459,2.9,24.6157,,0.2681
300977,0.22,-58.1365,,0.0201
600527,0.3,-17.2788,,0.0038
300610,1.95,47.7216,,0.1006
600583,1.88,6.7746,,0.109
600960,-0.98,-8724.1332,,
603270,1.33,-19.7114,,0.1289
603020,1.09,-5.2052,,0.1261
600984,-4.75,,,
600980,1.49,-13.9545,,0.1036
603162,2.42,17.1747,,0.1463
603286,0.66,111.901,,0.0615
603348,1.9,2344.2493,,0.235
603324,1.18,3.1307,,0.155
603703,0.44,-24.2595,,0.0098
605168,1.64,-65.9111,,0.3292
603380,2.25,36.0171,,0.1984
603682,1.16,-45.3724,,0.0215
605399,1.16,-36.9974,,0.0817
688222,1.01,,,0.0347
688197,-5.51,,,
688077,0.75,,,0.0658
688357,1.76,-47.7442,,0.3794
688291,0.74,-44.2892,,0.0663
688371,0.27,,,0.0157
688410,2.0,-54.7494,,0.1557
688558,1.65,-25.4044,,0.2034
688378,5.08,0.2188,,0.6391
688633,1.83,30.1705,,0.2717
603600,1.96,-14.9315,,0.133
688612,3.27,34.6192,,0.2743
688252,1.68,206.0166,,0.0795
688638,-1.66,,,
000823,0.37,41.8393,,0.0366
002552,5.12,,,0.1894
300767,-0.48,-278.5025,,
300322,-0.8,,,
300131,1.08,-2.2191,,0.0147
002837,2.42,115.947,,0.1083
300919,1.87,42.9936,,0.7807
603090,2.76,2.9707,,0.1637
600183,2.72,66.4002,,0.1712
603026,0.71,,,0.0313
605255,1.14,10.437,,0.0726
603929,7.57,251.5131,,0.5454
688239,3.2,10.4277,,0.3784
688008,2.19,1032.8609,,0.1957
688279,2.08,26.8726,,0.5474
688498,0.5,-11.0626,,0.1233
